DATE,LATITUDE,LONGITUDE,STATE,DISTRICT,LOCATION,LABEL,Daily_Rain_mm,Rain_3Day_mm,Rain_7Day_mm,Rain_15Day_mm,Rain_30Day_mm,Soil_Moisture,NDVI,elevation_mean,elevation_range,elevation_std,slope_mean,slope_max,slope_std,slope_pct_above_30,tri_mean,tri_p95,tri_std
2025-12-18,23.0,92.5,Non-Landslide Grid,Non-Landslide Grid,"Grid (23.0, 92.5)",0,0.0,0.0,0.0,0.0,0.0,0.17773437499996725,0.8396,194.51889038085938,710.0,145.86865234375,5.483978886517111,27.751427262465327,4.990859089538417,0.0,44.943424224853516,109.03978729248047,34.9382438659668
2021-03-18,26.75,94.75,Non-Landslide Grid,Non-Landslide Grid,"Grid (26.75, 94.75)",0,0.0,0.0,2.339215040206909,33.19845962524414,35.85002517700195,0.33882522583001623,0.6731,300.79888916015625,1311.0,238.7985076904297,6.248032468997579,27.469179200102825,6.258762224316587,0.0,48.02571105957031,125.76162719726562,44.185550689697266
2021-09-25,28.0,94.5,Non-Landslide Grid,Non-Landslide Grid,"Grid (28.0, 94.5)",0,0.0,1.9140278100967407,4.527841091156006,67.76956176757812,195.92398071289062,0.39151000976563444,0.893,911.5819702148438,1760.0,309.78753662109375,13.328593092786441,33.05167063851376,5.77641490364223,0.25,106.9828872680664,164.1502685546875,33.62059020996094
2023-08-16,24.75,93.5,Manipur,Noney,Awangkhul Landslide Jiribam Imphal Road,1,5.774277687072754,7.367267608642578,14.752182006835938,77.8455810546875,103.00847625732422,0.41986083984378075,0.9247,656.288330078125,1534.0,273.30828857421875,13.92695372753795,35.9465555765086,6.308069798004876,0.7777777777777778,110.30641174316406,178.22549438476562,37.871456146240234
2020-01-30,26.25,91.5,Non-Landslide Grid,Non-Landslide Grid,"Grid (26.25, 91.5)",0,0.0,0.0,0.6479775905609131,4.396711826324463,7.93422794342041,0.3287277221679495,0.5165000000000001,49.0,112.0,6.012625694274902,0.25657268346405543,6.737422493902714,0.5506100171753268,0.0,2.3954670429229736,5.88430118560791,4.540053844451904
2020-02-12,26.5,92.5,Non-Landslide Grid,Non-Landslide Grid,"Grid (26.5, 92.5)",0,0.0,0.0,0.0,5.9513115882873535,8.599061012268066,0.30882263183563874,0.4862,62.19722366333008,103.0,4.550945281982422,0.18882843423828546,6.360743183467621,0.32348863849550236,0.0,1.7274324893951416,3.588175058364868,2.4443182945251465
2022-10-10,27.25,93.75,Non-Landslide Grid,Non-Landslide Grid,"Grid (27.25, 93.75)",0,76.5936050415039,207.12554931640625,339.25238037109375,360.0374450683594,494.0193786621094,0.46241760253894126,0.8671000000000001,814.7469482421875,2218.0,532.883056640625,12.053527878270337,33.23254959940221,7.3377975403262505,0.6944444444444444,96.2323226928711,171.03543090820312,49.406044006347656
2020-07-29,26.5,92.0,Non-Landslide Grid,Non-Landslide Grid,"Grid (26.5, 92.0)",0,25.212703704833984,69.70100402832031,98.24632263183594,141.61361694335938,314.3772888183594,0.46595764160163666,0.6663,64.29166412353516,31.0,6.50392484664917,0.1507893828492463,0.648211383490199,0.09358823710904016,0.0,1.4568734169006348,2.598076105117798,0.6090912818908691
2023-10-03,28.75,96.5,Non-Landslide Grid,Non-Landslide Grid,"Grid (28.75, 96.5)",0,0.577680766582489,0.577680766582489,0.577680766582489,18.63055419921875,28.40069580078125,0.39778137207033115,0.7925000000000001,4022.5810546875,2639.0,468.3454895019531,23.773225686123318,50.071104792786485,9.196028748530004,27.97222222222222,197.5394287109375,286.3636169433594,50.75253677368164
2020-11-10,28.25,94.5,Non-Landslide Grid,Non-Landslide Grid,"Grid (28.25, 94.5)",0,0.0,0.0,11.23301887512207,13.90035629272461,71.50933074951172,0.36783599853516913,0.861,1686.3961181640625,3514.0,743.6204223632812,17.929890212742986,36.91777834329499,6.461823604418964,2.888888888888889,140.04136657714844,205.31048583984375,37.11265182495117
2023-07-17,27.25,95.5,Non-Landslide Grid,Non-Landslide Grid,"Grid (27.25, 95.5)",0,2.1530377864837646,49.9236946105957,157.71160888671875,256.1679992675781,536.35791015625,0.4874420166015437,0.7671,242.67916870117188,997.0,171.97535705566406,3.1973148800343756,25.240599646989534,4.430299470185494,0.0,25.426071166992188,101.06342315673828,32.91106033325195
2021-02-22,29.0,96.0,Non-Landslide Grid,Non-Landslide Grid,"Grid (29.0, 96.0)",0,0.0,0.0,7.3443708419799805,7.3443708419799805,31.854450225830078,0.3287963867187339,0.0446,3238.937744140625,3112.0,664.682373046875,24.70703779221241,51.511660889015396,9.342224607226497,28.944444444444446,198.64381408691406,308.54248046875,59.09025192260742
2022-01-26,23.25,93.0,Non-Landslide Grid,Non-Landslide Grid,"Grid (23.25, 93.0)",0,0.0,3.278092384338379,3.278092384338379,5.771929740905762,5.771929740905762,0.28796386718752726,0.8628,859.9835815429688,1165.0,239.15235900878906,12.048439866175153,31.73787841922022,5.3319287892461125,0.1111111111111111,97.79130554199219,147.54791259765625,29.074769973754883
2023-09-16,26.0,93.0,Non-Landslide Grid,Non-Landslide Grid,"Grid (26.0, 93.0)",0,0.0,0.5236899256706238,15.008814811706543,20.479595184326172,71.40850830078125,0.4501647949218237,0.8259000000000001,88.65638732910156,107.0,16.097307205200195,0.26858015291477516,3.050915264717338,0.3178048763122556,0.0,2.3403520584106445,7.425881862640381,2.261154890060425
2023-08-09,26.75,94.25,Non-Landslide Grid,Non-Landslide Grid,"Grid (26.75, 94.25)",0,15.784852981567383,74.21595764160156,124.48622131347656,171.07986450195312,348.2885437011719,0.46432495117188466,0.6795,97.47916412353516,58.0,10.624689102172852,0.17975465983875877,1.1893239571718413,0.1345856899134309,0.0,1.674749493598938,3.181980609893799,0.9176729917526245
2024-06-01,27.75,88.75,Sikkim,Matim Landslide,Maltin and areas BOP,1,29.178911209106445,112.33090209960938,137.30911254882812,208.91856384277344,256.173828125,0.4257164001464842,0.7518,4340.54052734375,3671.0,701.1093139648438,22.058517394334256,51.09030549442803,9.564728520521404,22.083333333333332,176.6709442138672,290.73370361328125,63.35601043701172
2023-06-17,25.25,91.25,Meghalaya,West Khasi Hills,Dommawlein landslide Mawiong-Pyndengrei locality of Nongstoin,1,142.7008056640625,625.8721923828125,1037.7110595703125,1125.22900390625,1326.6158447265625,0.49792861938473915,0.7242000000000001,454.3727722167969,1538.0,425.57232666015625,6.985947347214785,32.59208001058595,6.859219201396241,0.2222222222222222,56.320255279541016,155.3539581298828,51.49196243286133
2020-11-21,27.5,93.75,Non-Landslide Grid,Non-Landslide Grid,"Grid (27.5, 93.75)",0,0.0,1.3346912860870361,1.3346912860870361,1.3346912860870361,83.19102478027344,0.4260406494140545,0.7655000000000001,1403.812255859375,1825.0,359.3349914550781,10.438109203008903,37.90955894955613,6.252872853036605,0.75,80.70602416992188,157.44125366210938,42.59994888305664
2024-07-15,26.0,91.5,Non-Landslide Grid,Non-Landslide Grid,"Grid (26.0, 91.5)",0,12.629860877990723,21.7816219329834,66.65222930908203,305.81396484375,685.4852294921875,0.44877624511718234,0.5642,140.79083251953125,633.0,141.95619201660156,3.0672199291626563,21.513750580420666,4.1192893226981155,0.0,25.340831756591797,86.41690063476562,30.186782836914062
2022-09-26,28.25,94.5,Non-Landslide Grid,Non-Landslide Grid,"Grid (28.25, 94.5)",0,27.175533294677734,116.67294311523438,194.0061492919922,244.29225158691406,497.248779296875,0.422576904296875,0.7759,1686.3961181640625,3514.0,743.6204223632812,17.929890212742986,36.91777834329499,6.461823604418964,2.888888888888889,140.04136657714844,205.31048583984375,37.11265182495117
2024-06-30,28.75,95.0,Arunachal Pradesh,Upper Siang,Jengging Landslide Pasighat - Mariyang- Yingkiong Road,1,101.45532989501953,232.80532836914062,265.1710510253906,312.1720275878906,433.3487243652344,0.4251251220703122,0.8626,1557.765869140625,3304.0,746.5823974609375,21.104581564688804,47.325046685578975,7.893174594175774,12.861111111111112,169.42266845703125,245.5902099609375,46.39385223388672
2021-05-01,28.75,96.0,Non-Landslide Grid,Non-Landslide Grid,"Grid (28.75, 96.0)",0,0.0,0.3639737665653229,11.853456497192383,72.96484375,292.52593994140625,0.35788726806649696,0.6335000000000001,2497.4091796875,3651.0,782.8612670898438,22.067963141205666,44.771191436200475,8.098994007816286,16.694444444444446,176.60426330566406,255.8905029296875,48.057762145996094
2021-12-04,28.25,95.0,Non-Landslide Grid,Non-Landslide Grid,"Grid (28.25, 95.0)",0,0.0,0.0,0.0,4.864304065704346,4.864304065704346,0.2655029296875346,0.782,910.6333618164062,1889.0,404.7454528808594,17.056438182879226,34.66714758614648,6.508510630460296,1.5555555555555556,135.1522674560547,193.98526000976562,35.65961837768555
2022-06-14,26.75,91.0,Non-Landslide Grid,Non-Landslide Grid,"Grid (26.75, 91.0)",0,85.47277069091797,122.92231750488281,187.25054931640625,302.41796875,576.8263549804688,0.38656616210940226,0.8936000000000001,209.35694885253906,1093.0,235.961669921875,4.619528506983893,33.33968646707087,6.94730700933174,0.08333333333333334,36.985107421875,148.1363983154297,53.425750732421875
2022-10-14,24.25,92.25,Non-Landslide Grid,Non-Landslide Grid,"Grid (24.25, 92.25)",0,0.0,48.33441162109375,59.94325256347656,174.90065002441406,267.1780700683594,0.38130187988281217,0.8722000000000001,82.42166900634766,394.0,35.173553466796875,1.271962195878752,16.83205201693353,1.3873413647789359,0.0,10.692564964294434,26.742700576782227,10.098943710327148
2020-08-23,26.5,91.75,Non-Landslide Grid,Non-Landslide Grid,"Grid (26.5, 91.75)",0,1.0391080379486084,26.221431732177734,56.58534240722656,107.30654907226562,209.88772583007812,0.5011978149414018,0.7531,62.77527618408203,27.0,5.656883716583252,0.155229743002666,0.5826327978107191,0.08573889757010468,0.0,1.5102808475494385,2.5,0.5472370982170105
2020-02-02,23.75,92.75,Mizoram,Aizawl,Zemabawk_2,1,0.0,0.7480637431144714,0.7480637431144714,0.7480637431144714,31.422887802124023,0.23701095581055726,0.7218,558.530029296875,1301.0,251.22454833984375,11.561747209331001,33.20981307339313,5.7138444190846345,0.25,94.32711791992188,152.0427703857422,34.32426834106445
2020-07-14,25.75,91.0,Meghalaya,West Khasi Hills,Mawshynrut C&RD block,1,16.548166275024414,109.3022689819336,405.7978210449219,488.2361755371094,1141.4530029296875,0.47267150878907277,0.9065,612.0349731445312,1050.0,238.98846435546875,5.518916070345803,23.40411643741614,4.103124402802134,0.0,45.028480529785156,96.34597778320312,25.762800216674805
2024-12-20,27.75,97.0,Non-Landslide Grid,Non-Landslide Grid,"Grid (27.75, 97.0)",0,0.0,0.0,0.0,0.0,1.9716732501983643,0.3366851806641662,0.7841,2927.447998046875,3348.0,798.8855590820312,23.93215221198625,52.00139621883584,8.939823506109038,27.333333333333332,193.59352111816406,285.50946044921875,55.51548385620117
2024-08-06,26.25,90.25,Non-Landslide Grid,Non-Landslide Grid,"Grid (26.25, 90.25)",0,19.550901412963867,42.79925537109375,94.40290832519531,109.72718811035156,292.3128356933594,0.4382019042968974,0.6666000000000001,46.04166793823242,345.0,37.442012786865234,0.7831241559738612,18.369590637491665,2.120966203950077,0.0,6.556437015533447,43.48411560058594,15.787139892578125
2021-06-05,24.5,94.0,Non-Landslide Grid,Non-Landslide Grid,"Grid (24.5, 94.0)",0,2.258110761642456,10.561928749084473,19.08515167236328,39.3913459777832,110.13240051269531,0.39353942871077935,0.3794,871.6072387695312,739.0,146.46446228027344,3.882956415666678,20.998478770717725,4.831692814791372,0.0,31.758710861206055,100.81731414794922,35.78030014038086
2023-09-08,29.0,94.25,Non-Landslide Grid,Non-Landslide Grid,"Grid (29.0, 94.25)",0,0.24799127876758575,0.24799127876758575,0.4053042232990265,296.1264343261719,426.184326171875,0.3837051391602241,0.8222,3643.857666015625,2815.0,498.7054138183594,20.568498689017602,44.0719968704354,8.143864848690667,11.444444444444445,164.49147033691406,245.8472900390625,47.924293518066406
2024-06-26,26.25,93.0,Non-Landslide Grid,Non-Landslide Grid,"Grid (26.25, 93.0)",0,10.546798706054688,54.93177032470703,70.85662078857422,121.69384002685547,250.48492431640625,0.4693679809570725,0.7796000000000001,218.1891632080078,587.0,152.19326782226562,3.65835546289021,23.303605154040486,4.164987731737117,0.0,29.8038330078125,86.3546371459961,29.683298110961914
2021-05-03,25.75,93.75,Non-Landslide Grid,Non-Landslide Grid,"Grid (25.75, 93.75)",0,0.0,1.5547417402267456,1.5547417402267456,3.927824020385742,10.21312427520752,0.30720520019538067,0.6506000000000001,323.7869567871094,1453.0,169.9934844970703,3.137159307419787,28.946238016299887,3.842826353315334,0.0,25.070592880249023,84.23445892333984,28.07028579711914
2022-05-15,25.0,92.75,Assam,Cachar,devi-nala-2 devi nala,1,17.392393112182617,209.87167358398438,389.2757263183594,429.9621276855469,673.3184814453125,0.47242736816394554,0.7506,274.126953125,1465.0,315.2989196777344,7.0296151565544855,32.894933863241256,6.950774825954634,0.05555555555555555,56.27210235595703,144.00457763671875,50.87444305419922
2025-09-28,28.75,95.0,Non-Landslide Grid,Non-Landslide Grid,"Grid (28.75, 95.0)",0,0.0,2.2342519760131836,16.666759490966797,184.11038208007812,289.5935974121094,0.3995361328125155,0.8913000000000001,1557.765869140625,3304.0,746.5823974609375,21.104581564688804,47.325046685578975,7.893174594175774,12.861111111111112,169.42266845703125,245.5902099609375,46.39385223388672
2023-03-12,26.5,90.75,Non-Landslide Grid,Non-Landslide Grid,"Grid (26.5, 90.75)",0,0.0,0.0,1.6218676567077637,1.6218676567077637,20.286720275878906,0.1923675537109829,0.4825,54.024444580078125,234.0,14.469660758972168,0.37174232379941785,14.821543779722273,1.1144722758464185,0.0,3.3137152194976807,3.9536359310150146,8.71249008178711
2022-07-09,24.75,93.5,Non-Landslide Grid,Non-Landslide Grid,"Grid (24.75, 93.5)",0,3.50015926361084,9.906702041625977,49.427223205566406,103.731689453125,309.816650390625,0.40621948242187367,0.9377,656.288330078125,1534.0,273.30828857421875,13.92695372753795,35.9465555765086,6.308069798004876,0.7777777777777778,110.30641174316406,178.22549438476562,37.871456146240234
2020-05-26,25.5,92.25,Meghalaya,Jaintia Hills,Shillong-Agartala-Sabrum Rd,1,18.67279624938965,66.86375427246094,99.851318359375,112.08378601074219,156.1591033935547,0.4872512817381497,0.6744,1260.42578125,597.0,102.87409210205078,2.808655381871295,17.212804623042103,2.215269176666288,0.0,23.935148239135742,55.71966552734375,15.806341171264648
2025-09-03,28.75,95.0,Non-Landslide Grid,Non-Landslide Grid,"Grid (28.75, 95.0)",0,0.0,0.4815255105495453,118.02301788330078,206.01400756835938,285.3716735839844,0.39021301269535236,0.8913000000000001,1557.765869140625,3304.0,746.5823974609375,21.104581564688804,47.325046685578975,7.893174594175774,12.861111111111112,169.42266845703125,245.5902099609375,46.39385223388672
2023-08-27,27.25,92.5,Arunachal Pradesh,West Kameng,Nag Mandir Landslide Nag Mandir - Rupa Road,1,28.48649787902832,82.53031921386719,179.1578369140625,259.3864440917969,500.57037353515625,0.4705352783202949,0.7888000000000001,1794.7828369140625,2906.0,505.7755126953125,17.855747137024938,38.0996504030799,6.6024004892937915,2.666666666666667,142.90359497070312,204.2445526123047,35.54497146606445
2021-02-21,26.0,90.25,Non-Landslide Grid,Non-Landslide Grid,"Grid (26.0, 90.25)",0,0.0,0.0,0.0,0.0,0.0,0.13021087646482482,0.4289,50.90361022949219,310.0,41.2567024230957,0.7424694772682515,13.43728086740383,1.4107051372004447,0.0,6.2733612060546875,31.28388023376465,10.727988243103027
2022-04-10,25.0,92.5,Assam,Cachar,Malidor_Indian_oil_pp2 near Indian Oil Petrol Pump,1,5.4661335945129395,5.4661335945129395,26.501270294189453,86.05489349365234,194.15150451660156,0.421936035156217,0.6105,204.9633331298828,1224.0,275.96075439453125,5.487831143215172,34.94692623136583,7.116754878189429,0.4166666666666667,44.536964416503906,142.9350128173828,54.15533447265625
2020-05-09,28.0,96.0,Non-Landslide Grid,Non-Landslide Grid,"Grid (28.0, 96.0)",0,3.5499966144561768,7.2613677978515625,21.07939338684082,76.41573333740234,176.3193359375,0.4047546386716181,0.8403,391.51806640625,1954.0,339.81634521484375,4.393053346582743,34.44358316238441,7.031902439364601,0.25,33.459617614746094,157.1775360107422,52.24351501464844
2025-08-31,27.75,93.25,Non-Landslide Grid,Non-Landslide Grid,"Grid (27.75, 93.25)",0,8.357953071594238,71.59569549560547,94.28504943847656,128.1734161376953,359.128662109375,0.4175453186035134,0.9064,2134.03564453125,2684.0,518.6760864257812,17.304813459602983,45.93594349450423,6.953065955001086,4.388888888888888,136.74777221679688,223.04844665527344,44.572750091552734
2021-02-07,26.5,93.5,Non-Landslide Grid,Non-Landslide Grid,"Grid (26.5, 93.5)",0,0.0,0.0,0.0,0.4556996524333954,19.463577270507812,0.3419647216797174,0.8158000000000001,360.2744445800781,783.0,185.83135986328125,5.735065078245441,23.76211334867683,4.362436401030866,0.0,48.01420974731445,101.02499389648438,30.54395294189453
2024-06-22,24.0,92.25,Non-Landslide Grid,Non-Landslide Grid,"Grid (24.0, 92.25)",0,87.76866149902344,106.02677917480469,238.56642150878906,311.4736022949219,603.40185546875,0.4130783081054831,0.8029000000000001,179.16360473632812,730.0,141.9304656982422,4.1304345365304584,21.81166598581612,4.911130345915189,0.0,32.45446014404297,108.56443786621094,33.974525451660156
2024-05-19,27.75,93.0,Non-Landslide Grid,Non-Landslide Grid,"Grid (27.75, 93.0)",0,2.1394803524017334,18.157495498657227,22.290313720703125,60.49025344848633,124.48519134521484,0.4214248657226576,0.8143,1984.37255859375,3240.0,729.3819580078125,19.90465621898461,43.336736680601454,7.790866222869688,10.333333333333334,159.94017028808594,257.6097106933594,50.77695083618164
2025-07-04,26.25,89.75,Non-Landslide Grid,Non-Landslide Grid,"Grid (26.25, 89.75)",0,1.2224406003952026,12.127289772033691,44.498592376708984,187.516357421875,320.4046630859375,0.4038085937499988,0.4937,35.02750015258789,27.0,3.171674966812134,0.12091396660067759,1.3983699101035267,0.0958937748490908,0.0,1.1745604276657104,2.1794495582580566,0.6618771553039551
2020-03-30,25.75,94.75,Non-Landslide Grid,Non-Landslide Grid,"Grid (25.75, 94.75)",0,0.0,0.0,1.8859691619873047,2.0657200813293457,8.999556541442871,0.2794837951656497,0.5771000000000001,1144.83837890625,2030.0,426.00848388671875,16.093799853557623,38.850931907454914,6.157238975562164,1.1944444444444444,126.68045043945312,188.8299560546875,34.381961822509766
2024-08-29,28.25,95.0,Non-Landslide Grid,Non-Landslide Grid,"Grid (28.25, 95.0)",0,0.0,16.72289276123047,87.3655014038086,99.02733612060547,396.400146484375,0.41906738281248085,0.8759,910.6333618164062,1889.0,404.7454528808594,17.056438182879226,34.66714758614648,6.508510630460296,1.5555555555555556,135.1522674560547,193.98526000976562,35.65961837768555
2021-01-13,25.75,92.75,Non-Landslide Grid,Non-Landslide Grid,"Grid (25.75, 92.75)",0,0.0,0.0,0.0,0.0,0.0,0.4056091308593242,0.747,300.461669921875,705.0,183.7952117919922,3.048803559917997,16.157152691267846,2.574562197381793,0.0,25.4659423828125,62.73475646972656,19.108924865722656
2020-09-16,26.75,90.25,Non-Landslide Grid,Non-Landslide Grid,"Grid (26.75, 90.25)",0,102.43557739257812,257.4466247558594,328.30426025390625,737.12548828125,1020.802734375,0.3841209411622,0.9083,226.75027465820312,1423.0,188.4671173095703,2.261686693135128,33.41106145295647,4.220345125131856,0.1388888888888889,17.947385787963867,96.15144348144531,32.53406524658203
2021-03-30,25.0,93.75,Non-Landslide Grid,Non-Landslide Grid,"Grid (25.0, 93.75)",0,1.9923359155654907,1.9923359155654907,1.9923359155654907,1.9923359155654907,5.697989463806152,0.31249237060561763,0.7355,1265.4688720703125,2081.0,432.47119140625,14.538912014989583,40.723699976416356,7.183837064458101,1.9444444444444444,113.70149230957031,193.79930114746094,47.90442657470703
2022-08-01,24.0,93.5,Non-Landslide Grid,Non-Landslide Grid,"Grid (24.0, 93.5)",0,3.5340306758880615,22.07208251953125,35.35525131225586,115.03164672851562,220.4761962890625,0.3813323974609305,0.8354,1051.4727783203125,1465.0,259.076904296875,10.757571310241355,34.85748554397274,6.109172066628611,0.5833333333333334,86.23493194580078,160.7151336669922,38.80709457397461
2024-09-09,25.75,94.0,Nagaland,KMC Dumping Landslide,Near Kohima Municipal Council dumping old NH 29 (KMC) site,1,7.346639633178711,90.13709259033203,135.9410400390625,172.27615356445312,302.8490295410156,0.42240905761722963,0.8883000000000001,1057.0296630859375,2478.0,501.8348388671875,12.132001583102527,38.017046564435354,6.381968560798878,0.9722222222222222,94.8803939819336,172.8865203857422,42.01777267456055
2024-03-14,24.5,94.25,Non-Landslide Grid,Non-Landslide Grid,"Grid (24.5, 94.25)",0,0.0,0.0,0.0,0.0,29.995891571044922,0.1388397216796664,0.7415,899.6219482421875,1397.0,310.79998779296875,11.557319884351068,26.65659757223812,4.995448423921887,0.0,94.45654296875,135.67987060546875,26.132293701171875
2024-04-25,26.5,91.75,Non-Landslide Grid,Non-Landslide Grid,"Grid (26.5, 91.75)",0,0.17744393646717072,0.4117206931114197,16.323381423950195,34.51961135864258,49.96039581298828,0.35641479492186967,0.5771000000000001,62.77527618408203,27.0,5.656883716583252,0.155229743002666,0.5826327978107191,0.08573889757010468,0.0,1.5102808475494385,2.5,0.5472370982170105
2021-06-09,25.75,93.25,Non-Landslide Grid,Non-Landslide Grid,"Grid (25.75, 93.25)",0,0.0,2.375401020050049,5.764404296875,30.015958786010742,70.6092529296875,0.46490097045899864,0.5872,240.9116668701172,374.0,73.08515930175781,2.4310288845095096,11.502144607010557,1.999552036504579,0.0,20.06298828125,48.11341094970703,14.144377708435059
2024-02-26,27.0,95.75,Non-Landslide Grid,Non-Landslide Grid,"Grid (27.0, 95.75)",0,0.33752578496932983,0.5212772488594055,34.36330795288086,36.96181869506836,87.35269165039062,0.4579162597656416,0.8973000000000001,1342.9383544921875,1991.0,453.0468444824219,16.10166883275908,33.87289449042497,6.195499275413429,0.5277777777777778,125.71900939941406,176.2679901123047,32.73480987548828
2021-07-22,24.75,93.75,Non-Landslide Grid,Non-Landslide Grid,"Grid (24.75, 93.75)",0,0.0,15.577404975891113,42.86833190917969,78.8438720703125,125.90440368652344,0.4308624267579031,0.4438,961.0741577148438,1622.0,285.96246337890625,8.732390351927053,32.08217257943746,7.811996970500874,0.08333333333333334,67.09193420410156,153.63829040527344,56.0186767578125
2022-05-27,26.5,94.25,Non-Landslide Grid,Non-Landslide Grid,"Grid (26.5, 94.25)",0,1.7009226083755493,6.05415678024292,12.914924621582031,93.20345306396484,198.484130859375,0.45915222167971725,0.8709,189.35638427734375,810.0,108.3760986328125,2.4571540846781,28.84645973882282,3.593153905716134,0.0,19.35856819152832,70.91165161132812,25.592174530029297
2020-05-28,23.5,93.0,Mizoram,Aizawl,Mualpheng_1,1,50.874698638916016,82.95480346679688,107.77294921875,125.97358703613281,152.65277099609375,0.4006958007812487,0.8159000000000001,917.0947265625,1478.0,266.5793762207031,11.932203600254475,33.52099955760416,5.647143886886906,0.19444444444444445,95.97232818603516,153.7880401611328,32.74060821533203
2024-07-02,26.25,94.75,Nagaland,Tuensang Landslide,TuensangMoko kchung NH 202 Road,1,32.27154541015625,86.1768798828125,147.3314208984375,278.2298278808594,406.28997802734375,0.45921707153320634,0.8575,1417.0350341796875,2034.0,418.3023986816406,14.77367780465528,35.49002360140349,5.790601926520244,0.16666666666666669,115.44833374023438,163.91787719726562,29.32769775390625
2020-03-04,28.25,93.75,Non-Landslide Grid,Non-Landslide Grid,"Grid (28.25, 93.75)",0,0.628003716468811,4.184787750244141,7.342409133911133,25.863285064697266,30.276927947998047,0.414260864257805,0.0873,2163.187744140625,3233.0,651.02685546875,21.59219516730122,43.9618607568965,7.902084776124613,14.63888888888889,170.12351989746094,251.8534393310547,47.64670944213867
2022-03-17,26.5,94.5,Non-Landslide Grid,Non-Landslide Grid,"Grid (26.5, 94.5)",0,0.0,0.4274028241634369,0.4274028241634369,0.4274028241634369,24.830322265625,0.2836303710937761,0.7853,507.0960998535156,1256.0,251.46871948242188,9.002657162179931,29.62424268038666,5.509161266718924,0.0,70.13532257080078,134.08241271972656,35.227352142333984
2021-09-22,23.75,91.25,Non-Landslide Grid,Non-Landslide Grid,"Grid (23.75, 91.25)",0,0.0,0.10463707894086838,75.63136291503906,108.13330078125,223.9073028564453,0.46678543090825697,0.7939,23.766387939453125,59.0,13.46341323852539,0.4302527577187911,1.8056700515620043,0.29529171826594747,0.0,3.6828250885009766,7.228847980499268,1.9596259593963623
2024-06-15,25.25,90.25,Meghalaya,Garo Rengsipara Landslide,Paikan 1 Road Tura Dalu NH,1,89.07714080810547,179.7403564453125,212.24151611328125,460.58087158203125,986.9158325195312,0.42585754394533126,0.7372000000000001,73.40249633789062,225.0,46.14529037475586,1.6844911888991303,8.95405354971055,1.6341408856870685,0.0,14.641450881958008,38.95814895629883,12.443431854248047
2023-02-04,25.5,92.75,Non-Landslide Grid,Non-Landslide Grid,"Grid (25.5, 92.75)",0,0.0,0.0,0.0,0.0,0.0,0.2764205932617353,0.5542,586.2133178710938,856.0,209.28675842285156,4.4531155842589465,21.4801619072271,3.528074163719557,0.0,35.90679168701172,87.60953521728516,24.07171630859375
2022-10-15,24.5,93.5,Non-Landslide Grid,Non-Landslide Grid,"Grid (24.5, 93.5)",0,0.0,1.4940022230148315,2.145702600479126,44.66531753540039,88.98980712890625,0.3691101074219975,0.9044,860.6122436523438,1596.0,323.1658935546875,12.740277073519893,32.0962411571701,5.9780008142814856,0.16666666666666669,101.66413116455078,167.52369689941406,35.585044860839844
2021-09-23,28.25,95.25,Non-Landslide Grid,Non-Landslide Grid,"Grid (28.25, 95.25)",0,2.794323444366455,14.282098770141602,57.312782287597656,60.659706115722656,349.92559814453125,0.3898620605469382,0.9129,1166.863037109375,2884.0,591.3910522460938,18.461342525873718,39.600421735234114,7.487837493051796,5.472222222222222,147.8409423828125,221.23622131347656,46.0212287902832
2024-01-29,26.25,90.0,Non-Landslide Grid,Non-Landslide Grid,"Grid (26.25, 90.0)",0,0.0,0.32439422607421875,0.32439422607421875,0.32439422607421875,0.32439422607421875,0.17945861816407063,0.6643,45.26305389404297,37.0,8.158735275268555,0.34390336090684603,1.6093711256081877,0.2893858910089453,0.0,2.9364027976989746,6.661924839019775,1.9231786727905273
2025-02-17,24.75,93.25,Non-Landslide Grid,Non-Landslide Grid,"Grid (24.75, 93.25)",0,0.0,0.0,0.7451503276824951,0.7451503276824951,0.9660905599594116,0.1782875061034603,0.7041000000000001,391.63970947265625,1431.0,303.173828125,9.487265584750292,34.49709226203304,6.790725772983349,0.3611111111111111,75.60086822509766,152.48123168945312,46.09552001953125
2023-12-25,22.5,93.0,Non-Landslide Grid,Non-Landslide Grid,"Grid (22.5, 93.0)",0,0.0,0.0,0.0,0.0,61.47159194946289,0.25877380371099573,0.8461000000000001,878.2855834960938,1778.0,377.2521057128906,14.638061184349539,36.38334612643967,5.925709104680568,0.4444444444444444,117.57864379882812,173.31338500976562,32.15381622314453
2025-05-18,23.75,92.25,Non-Landslide Grid,Non-Landslide Grid,"Grid (23.75, 92.25)",0,26.88367462158203,39.780296325683594,79.96695709228516,114.21636199951172,200.75192260742188,0.33901596069339807,0.754,286.8108215332031,792.0,156.8992462158203,6.455399862731471,22.633933340531765,5.127083891809967,0.0,51.970577239990234,118.72166442871094,34.0297737121582
2022-08-23,24.25,93.5,Non-Landslide Grid,Non-Landslide Grid,"Grid (24.25, 93.5)",0,0.17764991521835327,14.76526927947998,18.950422286987305,49.13981246948242,131.26405334472656,0.38173675537125057,0.8896000000000001,969.3502807617188,1563.0,260.0469055175781,10.94183110203401,41.25704250195322,6.225412892415463,0.6111111111111112,87.54002380371094,164.14285278320312,40.41925048828125
2023-08-09,28.75,94.5,Non-Landslide Grid,Non-Landslide Grid,"Grid (28.75, 94.5)",0,1.814394235610962,6.948674201965332,76.3490219116211,140.2173614501953,320.5655212402344,0.41594696044922264,0.8068000000000001,2875.245361328125,3705.0,813.9151000976562,22.60490357523754,45.50286324694302,7.307042541447593,16.13888888888889,178.1750030517578,257.02459716796875,43.789249420166016
2023-11-18,26.25,93.5,Non-Landslide Grid,Non-Landslide Grid,"Grid (26.25, 93.5)",0,35.75746536254883,48.627960205078125,48.627960205078125,55.78044128417969,56.38201904296875,0.45228576660152836,0.9293,764.4630737304688,1115.0,187.61453247070312,7.408891703312911,22.040349152055608,4.4865629752927605,0.0,59.740875244140625,111.79059600830078,28.440887451171875
2023-07-08,25.5,93.25,Non-Landslide Grid,Non-Landslide Grid,"Grid (25.5, 93.25)",0,0.5962888598442078,43.853755950927734,62.31572723388672,127.37147521972656,337.54156494140625,0.44988250732426793,0.9352,358.20166015625,609.0,98.87348175048828,4.135225908768584,22.99099559897999,3.4155016860409595,0.0,33.49117660522461,81.11685180664062,22.557592391967773
2023-02-28,23.25,91.5,Non-Landslide Grid,Non-Landslide Grid,"Grid (23.25, 91.5)",0,0.0,0.0,0.0,0.0,0.0,0.25182342529297763,0.4497,38.200279235839844,115.0,20.5236759185791,0.6370969238191169,3.304631628350103,0.5353421781181678,0.0,5.406652450561523,13.076696395874023,3.765470266342163
2025-03-21,24.25,92.25,Non-Landslide Grid,Non-Landslide Grid,"Grid (24.25, 92.25)",0,0.0,0.0,8.308736801147461,11.746834754943848,11.746834754943848,0.2290039062500463,0.5826,82.42166900634766,394.0,35.173553466796875,1.271962195878752,16.83205201693353,1.3873413647789359,0.0,10.692564964294434,26.742700576782227,10.098943710327148
2024-06-23,26.0,90.75,Non-Landslide Grid,Non-Landslide Grid,"Grid (26.0, 90.75)",0,0.34992119669914246,8.95637035369873,383.240478515625,785.5982055664062,1041.6143798828125,0.482810974121094,0.7106,76.9030532836914,437.0,66.00070190429688,1.5020054263511413,22.685480757896922,2.8754688123011016,0.0,12.693781852722168,63.36019515991211,21.62221908569336
2021-08-17,24.5,92.5,Non-Landslide Grid,Non-Landslide Grid,"Grid (24.5, 92.5)",0,18.607563018798828,37.79052734375,80.91116333007812,187.23623657226562,474.95001220703125,0.4220123291015891,0.905,50.25694274902344,307.0,36.682586669921875,1.0936103779500521,13.123697827867113,1.5810928079540425,0.0,8.989489555358887,33.870338439941406,11.444992065429688
2023-08-22,29.0,95.5,Non-Landslide Grid,Non-Landslide Grid,"Grid (29.0, 95.5)",0,44.46010971069336,57.60017776489258,125.59571838378906,271.75201416015625,566.9378662109375,0.4249572753906232,0.8453,3238.650390625,1992.0,479.2296142578125,16.469424165397974,39.59498671028408,6.6568879602393976,1.7500000000000002,131.6859130859375,193.20579528808594,37.1080436706543
2025-01-23,23.0,92.75,Non-Landslide Grid,Non-Landslide Grid,"Grid (23.0, 92.75)",0,0.0,0.0,0.0,0.0,0.0,0.13093566894531639,0.8484,600.8905639648438,1063.0,211.06544494628906,10.224830946019251,26.863271860186263,4.794858292963323,0.0,84.38616943359375,129.06028747558594,26.374740600585938
2021-11-10,26.75,92.5,Non-Landslide Grid,Non-Landslide Grid,"Grid (26.75, 92.5)",0,0.0,0.0,0.0,0.3601332902908325,52.51677322387695,0.217178344726578,0.5957,92.52972412109375,114.0,19.98409652709961,0.22010429488924538,1.8522543974366188,0.1490519561558735,0.0,1.828725814819336,3.7416574954986572,0.9988700151443481
2024-10-05,28.0,97.25,Non-Landslide Grid,Non-Landslide Grid,"Grid (28.0, 97.25)",0,44.06394577026367,91.33757019042969,94.20681762695312,97.82655334472656,116.06637573242188,0.4292755126953125,0.3918,4023.047607421875,2686.0,461.84613037109375,20.34153891437583,51.195782848450456,8.652962843079873,14.472222222222223,166.00582885742188,249.61373901367188,50.428245544433594
2024-09-07,27.5,91.75,Arunachal Pradesh,Tawang,Bramadungch ung Landslide Near Bramadungchun g Ani Gonpa,1,3.4021620750427246,9.399236679077148,46.88066864013672,55.22947692871094,144.5709686279297,0.42262268066406894,0.8596,2484.64453125,3419.0,679.2225341796875,21.62838767833097,43.71481016920231,7.461654150626737,13.361111111111112,170.77972412109375,248.0215606689453,46.129119873046875
2024-05-16,25.5,91.75,Meghalaya,Borma Landslide,"Near College, Borma 3rd Mile",1,5.907654285430908,25.3845157623291,65.75138854980469,141.4981689453125,149.50437927246094,0.4664001464843678,0.7050000000000001,1670.7216796875,913.0,153.39508056640625,5.919859729912694,32.03817497959001,5.573524917136624,0.1388888888888889,48.907474517822266,137.64651489257812,39.82622146606445
2020-04-09,25.75,90.75,Non-Landslide Grid,Non-Landslide Grid,"Grid (25.75, 90.75)",0,1.9135979413986206,1.9135979413986206,1.9135979413986206,1.9135979413986206,5.666028022766113,0.42074966430654753,0.5935,343.042236328125,612.0,114.87918090820312,4.266481429972291,18.878320236794654,3.253566480746816,0.0,35.23768997192383,73.53412628173828,21.00526237487793
2024-07-29,24.75,93.5,Manipur,Taodaijang Landslide,Between and Rengpang Taodaijang village,1,0.0,5.09175443649292,28.873611450195312,63.36867141723633,326.98614501953125,0.4131851196289343,0.4959,656.288330078125,1534.0,273.30828857421875,13.92695372753795,35.9465555765086,6.308069798004876,0.7777777777777778,110.30641174316406,178.22549438476562,37.871456146240234
2022-05-15,25.0,92.75,Assam,Dima Hasao,doloi_chunga_se1 doloi chunga,1,17.392393112182617,209.87167358398438,389.2757263183594,429.9621276855469,673.3184814453125,0.47242736816394554,0.7506,274.126953125,1465.0,315.2989196777344,7.0296151565544855,32.894933863241256,6.950774825954634,0.05555555555555555,56.27210235595703,144.00457763671875,50.87444305419922
2020-05-26,25.5,92.25,Meghalaya,Jaintia Hills,Caroline-Jowai,1,18.67279624938965,66.86375427246094,99.851318359375,112.08378601074219,156.1591033935547,0.4872512817381497,0.6744,1260.42578125,597.0,102.87409210205078,2.808655381871295,17.212804623042103,2.215269176666288,0.0,23.935148239135742,55.71966552734375,15.806341171264648
2020-03-06,25.5,93.0,Non-Landslide Grid,Non-Landslide Grid,"Grid (25.5, 93.0)",0,4.888504981994629,11.624241828918457,12.808433532714844,15.413589477539062,15.413589477539062,0.46884155273422273,0.7555000000000001,260.9808349609375,528.0,109.60199737548828,3.776929962821571,21.606093697370188,3.0086132985999514,0.0,32.426116943359375,75.30668640136719,21.059011459350586
2020-09-18,24.5,93.25,Non-Landslide Grid,Non-Landslide Grid,"Grid (24.5, 93.25)",0,0.3444070816040039,6.25179386138916,24.642127990722656,61.993656158447266,172.08822631835938,0.4028701782226473,0.9021,358.87945556640625,1108.0,179.823974609375,8.805336483867881,31.15678605754892,5.150216097817887,0.05555555555555555,72.0702133178711,128.0958709716797,32.14580535888672
2022-10-31,28.5,95.75,Non-Landslide Grid,Non-Landslide Grid,"Grid (28.5, 95.75)",0,0.0,0.0,58.9774284362793,60.618953704833984,454.1861267089844,0.37628173828126943,0.9197,1452.072509765625,2728.0,539.487060546875,22.310271837469433,43.22261989189705,8.01152758549326,17.333333333333336,182.08642578125,260.0995788574219,44.85043716430664
2025-08-16,28.0,96.5,Non-Landslide Grid,Non-Landslide Grid,"Grid (28.0, 96.5)",0,0.0,3.341029167175293,21.774757385253906,36.167274475097656,83.7277603149414,0.4205169677734361,0.7131000000000001,1515.6094970703125,2871.0,651.4829711914062,22.8996228764844,55.03617911554651,8.322263526866594,19.944444444444446,186.27854919433594,270.32135009765625,50.12175750732422
2023-03-17,25.75,93.25,Non-Landslide Grid,Non-Landslide Grid,"Grid (25.75, 93.25)",0,0.0,8.743179321289062,8.743179321289062,9.812853813171387,10.424028396606445,0.294933319091858,0.4431,240.9116668701172,374.0,73.08515930175781,2.4310288845095096,11.502144607010557,1.999552036504579,0.0,20.06298828125,48.11341094970703,14.144377708435059
2023-06-04,26.25,94.75,Non-Landslide Grid,Non-Landslide Grid,"Grid (26.25, 94.75)",0,0.0,0.33510395884513855,1.5585323572158813,58.33921432495117,124.18907165527344,0.3967895507812552,0.8038000000000001,1417.0350341796875,2034.0,418.3023986816406,14.77367780465528,35.49002360140349,5.790601926520244,0.16666666666666669,115.44833374023438,163.91787719726562,29.32769775390625
2021-01-15,28.5,95.5,Non-Landslide Grid,Non-Landslide Grid,"Grid (28.5, 95.5)",0,0.0,1.8551993370056152,2.2595417499542236,2.2595417499542236,3.9689974784851074,0.3808746337890746,0.8669,2188.5263671875,3279.0,639.93310546875,21.3150950294866,44.5208106771956,7.267110190399066,10.75,171.0926055908203,238.39173889160156,38.476749420166016
2023-02-06,25.75,92.25,Non-Landslide Grid,Non-Landslide Grid,"Grid (25.75, 92.25)",0,0.0,0.0,0.0,0.0,0.0,0.32131958007807826,0.6695,863.1525268554688,623.0,112.7856674194336,4.351224953933891,20.40236602542277,3.2202939845624936,0.0,36.13096618652344,77.72660827636719,21.264589309692383
2021-02-13,26.5,92.25,Non-Landslide Grid,Non-Landslide Grid,"Grid (26.5, 92.25)",0,0.0,0.0,0.0,0.0,20.71116828918457,0.25594329833984114,0.3983,62.07083511352539,32.0,7.2921366691589355,0.18001140887036715,1.071428124322146,0.1361163404145674,0.0,1.6593478918075562,3.4469168186187744,0.9243626594543457
2020-02-23,24.75,93.0,Non-Landslide Grid,Non-Landslide Grid,"Grid (24.75, 93.0)",0,0.0,0.0,0.0,0.2742576599121094,4.2571821212768555,0.16188049316415265,0.4966,62.61916732788086,690.0,84.31732177734375,1.6367193980536439,30.097787496872282,3.1067266734390007,0.05555555555555555,13.475712776184082,55.42180252075195,22.83565330505371
2024-04-10,23.25,91.75,Non-Landslide Grid,Non-Landslide Grid,"Grid (23.25, 91.75)",0,0.0,1.965269684791565,1.965269684791565,35.66790008544922,87.3032455444336,0.2868156433103501,0.7085,83.91638946533203,225.0,33.92729187011719,1.2443996127615193,8.236260822728928,1.1561737433334793,0.0,10.26632022857666,26.470144271850586,7.961842060089111
2025-01-07,28.0,88.5,Non-Landslide Grid,Non-Landslide Grid,"Grid (28.0, 88.5)",0,0.0,0.0,0.0,0.0,14.500753402709961,0.3631744384765573,0.1406,5095.7900390625,4396.0,387.92755126953125,13.349086794565135,73.70894448368757,8.435456979019474,3.944444444444444,106.86685943603516,213.61180114746094,80.8809585571289
2022-04-19,27.75,93.25,Arunachal Pradesh,Papum Pare,Sulung_tapin_landslide Koloriang circle,1,0.35922670364379883,34.85728073120117,125.72282409667969,241.37982177734375,450.2952880859375,0.4139442443847593,0.5488000000000001,2134.03564453125,2684.0,518.6760864257812,17.304813459602983,45.93594349450423,6.953065955001086,4.388888888888888,136.74777221679688,223.04844665527344,44.572750091552734
2025-06-11,28.0,94.5,Non-Landslide Grid,Non-Landslide Grid,"Grid (28.0, 94.5)",0,0.0,0.0,8.458365440368652,366.2035827636719,461.6347961425781,0.3730773925781296,0.8501000000000001,911.5819702148438,1760.0,309.78753662109375,13.328593092786441,33.05167063851376,5.77641490364223,0.25,106.9828872680664,164.1502685546875,33.62059020996094
2024-09-16,25.5,92.0,Non-Landslide Grid,Non-Landslide Grid,"Grid (25.5, 92.0)",0,0.0,0.0,9.138118743896484,17.578872680664062,295.3318786621094,0.47885131835934835,0.8538,1362.2994384765625,1410.0,264.5621337890625,7.554808330244862,33.88208370808656,6.750802082738645,0.638888888888889,61.715328216552734,167.0863800048828,48.47831726074219
2022-01-21,27.75,93.0,Non-Landslide Grid,Non-Landslide Grid,"Grid (27.75, 93.0)",0,0.5357966423034668,0.5357966423034668,0.5357966423034668,7.6496357917785645,10.878459930419922,0.39859771728511545,0.8283,1984.37255859375,3240.0,729.3819580078125,19.90465621898461,43.336736680601454,7.790866222869688,10.333333333333334,159.94017028808594,257.6097106933594,50.77695083618164
2022-07-08,26.25,94.75,Non-Landslide Grid,Non-Landslide Grid,"Grid (26.25, 94.75)",0,38.28325271606445,41.41637420654297,76.20391845703125,167.04502868652344,280.5038146972656,0.4823188781738472,0.8896000000000001,1417.0350341796875,2034.0,418.3023986816406,14.77367780465528,35.49002360140349,5.790601926520244,0.16666666666666669,115.44833374023438,163.91787719726562,29.32769775390625
2020-12-08,28.5,95.25,Non-Landslide Grid,Non-Landslide Grid,"Grid (28.5, 95.25)",0,0.0,14.157135963439941,14.157135963439941,15.922304153442383,48.049476623535156,0.3822250366211093,0.8886000000000001,1671.7244873046875,3230.0,620.3593139648438,19.416689761111233,43.71046327924893,7.450770780259989,8.083333333333332,152.13458251953125,233.89942932128906,47.15129470825195
2024-11-11,24.25,93.5,Non-Landslide Grid,Non-Landslide Grid,"Grid (24.25, 93.5)",0,0.0,0.0,0.0,0.6824551224708557,14.655191421508789,0.3046417236329862,0.8897,969.3502807617188,1563.0,260.0469055175781,10.94183110203401,41.25704250195322,6.225412892415463,0.6111111111111112,87.54002380371094,164.14285278320312,40.41925048828125
2023-02-25,22.25,92.75,Non-Landslide Grid,Non-Landslide Grid,"Grid (22.25, 92.75)",0,0.0,0.0,0.0,0.0,0.0,0.12170791625976668,0.7111000000000001,268.3175048828125,711.0,127.03475189208984,6.392025864742884,21.465236016838873,4.5493130622143605,0.0,55.32823181152344,107.2934341430664,30.79429817199707
2021-05-15,29.0,95.25,Non-Landslide Grid,Non-Landslide Grid,"Grid (29.0, 95.25)",0,53.71649932861328,81.06660461425781,89.89579772949219,112.0418472290039,202.72390747070312,0.4216384887695376,0.0157,3296.288330078125,2693.0,546.5750732421875,17.61262073798802,40.441292529630225,7.068092262748073,3.3333333333333335,142.9497528076172,210.301513671875,39.51340866088867
2021-07-03,22.25,93.0,Non-Landslide Grid,Non-Landslide Grid,"Grid (22.25, 93.0)",0,12.796686172485352,45.9908447265625,93.96501159667969,199.4384307861328,388.6595153808594,0.42958068847656083,0.8965000000000001,830.5391845703125,1713.0,368.15631103515625,13.951789397076686,32.145788573499885,5.829028624295589,0.16666666666666669,110.75762176513672,168.91220092773438,31.81842803955078
2025-04-01,28.75,94.75,Arunachal Pradesh,Upper Siang,Between Janbo and Bomdo Village,1,0.0,13.953242301940918,21.65362548828125,105.07290649414062,149.81787109375,0.42822647094726796,0.8066,1346.776611328125,2496.0,500.8155822753906,21.126720099482604,42.692614624157635,7.449301184118711,10.222222222222223,167.07745361328125,231.20486450195312,38.11601638793945
2020-06-09,28.5,94.25,Non-Landslide Grid,Non-Landslide Grid,"Grid (28.5, 94.25)",0,0.37769615650177,41.66006088256836,106.16110229492188,196.61676025390625,356.3478088378906,0.41954040527343983,0.8365,2700.009765625,2854.0,589.1089477539062,19.1652531345547,45.85836536600699,7.829222579117078,8.333333333333332,149.95729064941406,244.7657470703125,52.62324523925781
2023-10-18,23.75,91.25,Non-Landslide Grid,Non-Landslide Grid,"Grid (23.75, 91.25)",0,0.0,0.0,11.47472858428955,71.11264038085938,181.82687377929688,0.36633300781257383,0.8175,23.766387939453125,59.0,13.46341323852539,0.4302527577187911,1.8056700515620043,0.29529171826594747,0.0,3.6828250885009766,7.228847980499268,1.9596259593963623
2025-04-10,23.5,92.5,Non-Landslide Grid,Non-Landslide Grid,"Grid (23.5, 92.5)",0,0.6958887577056885,0.6958887577056885,12.550379753112793,12.550379753112793,14.139015197753906,0.24145507812499173,0.7276,496.1630554199219,1128.0,215.22274780273438,10.230260678356062,29.680199679241476,5.2741438966790035,0.0,84.38279724121094,136.08900451660156,32.635520935058594
2022-06-19,26.25,91.75,Assam,Kamrup Metro,"Navagarha_guard_wall_collapse Chitrachal Hill, Navagraha",1,28.708898544311523,130.25721740722656,293.4764709472656,389.23858642578125,467.964111328125,0.44793319702146317,0.9047,67.3949966430664,295.0,37.075172424316406,1.4509254283381814,16.29219827144022,2.417741974738188,0.0,12.47722339630127,53.43284225463867,18.373598098754883
2025-11-12,28.25,97.25,Non-Landslide Grid,Non-Landslide Grid,"Grid (28.25, 97.25)",0,0.0,0.0,0.0,108.40796661376953,109.88037872314453,0.38159942626959387,0.3206,4038.578857421875,2853.0,494.0306396484375,19.4569575784893,55.43572074199703,8.481996318199133,12.611111111111112,158.35350036621094,249.64828491210938,51.696624755859375
2022-06-19,28.0,95.25,Non-Landslide Grid,Non-Landslide Grid,"Grid (28.0, 95.25)",0,62.59031295776367,229.2322235107422,380.4111328125,480.4022216796875,579.2474365234375,0.48281097412116236,0.7592,427.6138916015625,1703.0,410.9621887207031,5.615311809609629,35.461598133832105,7.38417392350992,0.5277777777777778,43.81952667236328,164.09616088867188,54.56661605834961
2020-05-29,24.5,93.75,Non-Landslide Grid,Non-Landslide Grid,"Grid (24.5, 93.75)",0,22.9962100982666,52.44503402709961,79.5832290649414,88.49002838134766,142.21324157714844,0.4391326904295227,0.3497,917.9044189453125,1554.0,256.2775573730469,5.662249960180044,30.93689661621472,7.021565474401968,0.027777777777777776,43.58971405029297,141.0993194580078,50.9337158203125
2025-01-05,24.5,93.75,Non-Landslide Grid,Non-Landslide Grid,"Grid (24.5, 93.75)",0,0.0,0.0,0.0,0.0,0.0,0.18626403808583145,0.3395,917.9044189453125,1554.0,256.2775573730469,5.662249960180044,30.93689661621472,7.021565474401968,0.027777777777777776,43.58971405029297,141.0993194580078,50.9337158203125
2022-05-15,25.25,93.0,Assam,Dima Hasao,L2 Near Halflong Railway Station,1,13.70791244506836,171.51666259765625,325.0523681640625,348.9837951660156,558.1865234375,0.47109222412107926,0.7867000000000001,581.3922119140625,1271.0,220.6673126220703,7.95753565762605,30.952647139700577,4.65836575833331,0.027777777777777776,63.11333465576172,118.19319915771484,29.522968292236328
2020-08-03,26.0,90.5,Non-Landslide Grid,Non-Landslide Grid,"Grid (26.0, 90.5)",0,0.0,33.98454284667969,111.47087097167969,276.375,630.8916625976562,0.43174743652336256,0.9354,102.27471923828125,444.0,80.85121154785156,3.360340364150568,18.561117769829096,3.802291969473159,0.0,27.450069427490234,80.904296875,27.118141174316406
2021-09-14,24.25,92.25,Non-Landslide Grid,Non-Landslide Grid,"Grid (24.25, 92.25)",0,0.7406333088874817,1.4320504665374756,18.724672317504883,65.91232299804688,228.3726348876953,0.40539932250974686,0.8603000000000001,82.42166900634766,394.0,35.173553466796875,1.271962195878752,16.83205201693353,1.3873413647789359,0.0,10.692564964294434,26.742700576782227,10.098943710327148
2024-06-15,25.5,90.25,Meghalaya,Garo Dinasagre Landslide,Paikan 2 Road Tura Dalu NH,1,97.52465057373047,188.85842895507812,222.22067260742188,494.72052001953125,1062.780517578125,0.45518493652347247,0.9006000000000001,456.1675109863281,1310.0,324.3319091796875,5.398804127806837,29.770511719549223,5.068353584541543,0.0,43.320011138916016,116.16681671142578,35.4824333190918
2023-05-10,27.75,95.0,Non-Landslide Grid,Non-Landslide Grid,"Grid (27.75, 95.0)",0,6.612783908843994,10.874980926513672,47.40276336669922,81.12889099121094,146.16336059570312,0.39276123046878275,0.6218,210.0144500732422,665.0,147.44435119628906,3.2444306120874202,24.301466622182044,4.821011778395849,0.0,27.464941024780273,104.05208587646484,37.805721282958984
2022-05-15,25.0,92.75,Assam,Dima Hasao,bungkhang_2 bungkhang,1,17.392393112182617,209.87167358398438,389.2757263183594,429.9621276855469,673.3184814453125,0.47242736816394554,0.7506,274.126953125,1465.0,315.2989196777344,7.0296151565544855,32.894933863241256,6.950774825954634,0.05555555555555555,56.27210235595703,144.00457763671875,50.87444305419922
2021-06-15,25.5,91.25,Non-Landslide Grid,Non-Landslide Grid,"Grid (25.5, 91.25)",0,15.871907234191895,52.336849212646484,168.51113891601562,520.3533935546875,906.1654663085938,0.45082092285148107,0.7707,1314.7471923828125,1195.0,194.55389404296875,3.6992724359140388,23.36189833434982,3.001264442394166,0.0,31.342395782470703,79.38065338134766,22.051706314086914
2023-11-13,27.5,96.75,Non-Landslide Grid,Non-Landslide Grid,"Grid (27.5, 96.75)",0,0.0,0.0,0.0,4.0823540687561035,13.50753402709961,0.38600921630863894,0.8662000000000001,1938.3419189453125,3588.0,732.3218383789062,18.574454041287918,42.28004281447862,7.4467143033884495,6.583333333333333,146.9677734375,225.32040405273438,47.92154312133789
2023-04-02,25.75,94.5,Non-Landslide Grid,Non-Landslide Grid,"Grid (25.75, 94.5)",0,6.817009449005127,13.750312805175781,23.752294540405273,62.03306579589844,65.17265319824219,0.4879837036131593,0.7735000000000001,1396.2308349609375,2013.0,408.9830322265625,16.617851510009896,35.81275418340396,6.12449676554779,0.4166666666666667,128.43576049804688,179.00991821289062,30.28059196472168
2022-05-30,27.75,96.25,Non-Landslide Grid,Non-Landslide Grid,"Grid (27.75, 96.25)",0,0.0,4.8330206871032715,27.758163452148438,147.95169067382812,313.1321716308594,0.4474792480468973,0.7986000000000001,378.3680419921875,1771.0,262.791259765625,3.628177258111446,34.886002428398726,6.243721849866636,0.3055555555555556,26.976634979248047,144.90283203125,45.608177185058594
2020-12-23,25.75,94.5,Non-Landslide Grid,Non-Landslide Grid,"Grid (25.75, 94.5)",0,0.0,0.0,0.0,0.0,0.0,0.38967132568349033,0.8811,1396.2308349609375,2013.0,408.9830322265625,16.617851510009896,35.81275418340396,6.12449676554779,0.4166666666666667,128.43576049804688,179.00991821289062,30.28059196472168
2023-08-24,27.75,93.5,Non-Landslide Grid,Non-Landslide Grid,"Grid (27.75, 93.5)",0,7.042380332946777,64.37600708007812,90.54669189453125,153.06491088867188,302.0204162597656,0.4280319213867199,0.8943000000000001,1602.0572509765625,2656.0,483.55938720703125,16.271410052414023,38.71420090681496,6.355502250626034,1.25,128.99514770507812,191.6719207763672,36.09746551513672
2022-01-22,24.5,94.0,Non-Landslide Grid,Non-Landslide Grid,"Grid (24.5, 94.0)",0,0.0,5.620982646942139,5.855009078979492,6.557089328765869,6.557089328765869,0.35459899902329667,0.4055,871.6072387695312,739.0,146.46446228027344,3.882956415666678,20.998478770717725,4.831692814791372,0.0,31.758710861206055,100.81731414794922,35.78030014038086
2025-07-28,27.25,92.75,Non-Landslide Grid,Non-Landslide Grid,"Grid (27.25, 92.75)",0,25.364225387573242,81.75069427490234,87.34883117675781,94.48080444335938,313.8525085449219,0.42302703857421936,0.8984000000000001,1064.0302734375,2489.0,430.59619140625,16.90999999597306,36.56335488201379,6.799202817058838,2.5833333333333335,136.30735778808594,208.24038696289062,40.6927490234375
2021-11-28,24.0,93.5,Non-Landslide Grid,Non-Landslide Grid,"Grid (24.0, 93.5)",0,0.0,0.0,0.0,0.13484887778759003,2.2081589698791504,0.30467224121092973,0.8908,1051.4727783203125,1465.0,259.076904296875,10.757571310241355,34.85748554397274,6.109172066628611,0.5833333333333334,86.23493194580078,160.7151336669922,38.80709457397461
2022-06-12,27.5,92.5,Non-Landslide Grid,Non-Landslide Grid,"Grid (27.5, 92.5)",0,26.244373321533203,70.50152587890625,120.94148254394531,219.751708984375,370.2952880859375,0.42808532714844033,0.8839,2548.87646484375,3500.0,680.3981323242188,18.073767962706565,38.024779726895495,6.625437122587329,3.861111111111111,142.50108337402344,208.33282470703125,37.379024505615234
2021-05-09,26.0,94.5,Non-Landslide Grid,Non-Landslide Grid,"Grid (26.0, 94.5)",0,0.6003654599189758,13.414650917053223,32.2780647277832,36.203460693359375,42.63377380371094,0.4598541259764709,0.6779000000000001,1244.903564453125,1890.0,397.21783447265625,13.931444881552304,31.178667353635422,5.726795467043445,0.05555555555555555,109.29522705078125,155.17295837402344,28.6873722076416
2024-05-02,25.25,94.25,Non-Landslide Grid,Non-Landslide Grid,"Grid (25.25, 94.25)",0,8.129939079284668,13.657709121704102,13.978801727294922,31.423648834228516,38.013954162597656,0.4434051513672131,0.6952,1430.0185546875,1384.0,287.5816345214844,11.674566235110182,28.340971183162768,5.219642748494721,0.0,90.2953109741211,142.03536987304688,29.378387451171875
2021-01-14,27.25,96.0,Non-Landslide Grid,Non-Landslide Grid,"Grid (27.25, 96.0)",0,0.0,2.925091505050659,2.925091505050659,2.925091505050659,2.925091505050659,0.3398208618165429,0.8575,630.7230834960938,1881.0,400.9184265136719,8.979290868713843,30.2655513053063,6.4156578390951085,0.027777777777777776,69.11734008789062,144.3175811767578,43.464378356933594
2021-06-04,25.25,94.25,Non-Landslide Grid,Non-Landslide Grid,"Grid (25.25, 94.25)",0,0.14000077545642853,7.704667568206787,11.933770179748535,27.73297119140625,68.03130340576172,0.47391510009772053,0.8458,1430.0185546875,1384.0,287.5816345214844,11.674566235110182,28.340971183162768,5.219642748494721,0.0,90.2953109741211,142.03536987304688,29.378387451171875
2025-07-06,27.25,92.75,Non-Landslide Grid,Non-Landslide Grid,"Grid (27.25, 92.75)",0,12.79039192199707,104.0030746459961,138.30111694335938,238.4363250732422,294.4378967285156,0.4201431274414088,0.8984000000000001,1064.0302734375,2489.0,430.59619140625,16.90999999597306,36.56335488201379,6.799202817058838,2.5833333333333335,136.30735778808594,208.24038696289062,40.6927490234375
2021-08-17,27.75,94.0,Non-Landslide Grid,Non-Landslide Grid,"Grid (27.75, 94.0)",0,30.53122329711914,77.46450805664062,185.88186645507812,228.16793823242188,337.3116760253906,0.42258453369140997,0.7704000000000001,1244.3663330078125,2129.0,494.1430969238281,16.013889717688308,36.17063874593479,5.910114147919774,0.9444444444444444,127.07389068603516,186.63514709472656,33.358192443847656
2020-10-21,24.25,92.75,Mizoram,Kolasib,Tumpui_veng1,1,44.64201736450195,44.64201736450195,44.64201736450195,70.46160888671875,270.9032287597656,0.42719650268555487,0.7434000000000001,251.05860900878906,821.0,166.82513427734375,6.891413606248748,23.3031321838253,5.0838525551102505,0.0,55.972328186035156,116.29582214355469,32.777156829833984
2020-02-12,27.5,92.0,Non-Landslide Grid,Non-Landslide Grid,"Grid (27.5, 92.0)",0,0.0,0.1434144824743271,0.4456294775009155,2.100118637084961,2.272216320037842,0.40530395507808775,0.6798000000000001,3475.0341796875,3058.0,652.0191040039062,18.466368893188104,37.90957696530571,7.294949739263102,4.75,145.92019653320312,217.28733825683594,43.05392074584961
2022-06-15,28.25,95.5,Non-Landslide Grid,Non-Landslide Grid,"Grid (28.25, 95.5)",0,72.17488861083984,96.791748046875,144.979736328125,231.79574584960938,432.61322021484375,0.4611663818360287,0.8368,892.1255493164062,2771.0,592.14453125,13.33587761862261,42.291176610644136,10.68142455888192,7.194444444444445,107.26727294921875,232.85174560546875,80.64944458007812
2021-02-26,22.5,93.0,Non-Landslide Grid,Non-Landslide Grid,"Grid (22.5, 93.0)",0,0.0,0.0,0.0,0.0,0.0,0.12593078613284572,0.625,878.2855834960938,1778.0,377.2521057128906,14.638061184349539,36.38334612643967,5.925709104680568,0.4444444444444444,117.57864379882812,173.31338500976562,32.15381622314453
2025-06-17,27.5,88.25,Non-Landslide Grid,Non-Landslide Grid,"Grid (27.5, 88.25)",0,5.077669143676758,18.33712387084961,18.33712387084961,89.62026977539062,404.0233459472656,0.42263031005859075,0.205,3683.10888671875,5499.0,1083.44580078125,24.01288268171491,52.81197458307307,8.90401633532975,24.11111111111111,192.6732635498047,312.0833435058594,62.59223556518555
2021-06-05,27.25,92.5,Arunachal Pradesh,West Kameng,77.200 km in BCT road near Saddle,1,50.09956741333008,103.66860961914062,171.88401794433594,239.16659545898438,454.4871520996094,0.4568252563476511,0.1993,1794.7828369140625,2906.0,505.7755126953125,17.855747137024938,38.0996504030799,6.6024004892937915,2.666666666666667,142.90359497070312,204.2445526123047,35.54497146606445
2021-05-15,26.0,90.25,Non-Landslide Grid,Non-Landslide Grid,"Grid (26.0, 90.25)",0,26.160900115966797,32.21833801269531,37.237422943115234,106.05683898925781,171.8391876220703,0.41716003417965264,0.6292,50.90361022949219,310.0,41.2567024230957,0.7424694772682515,13.43728086740383,1.4107051372004447,0.0,6.2733612060546875,31.28388023376465,10.727988243103027
2024-06-30,25.75,92.0,Meghalaya,Umbang Landslide,"3 GS Road, Ri Bhoi NH",1,10.941681861877441,25.977739334106445,62.263816833496094,192.79583740234375,377.4544677734375,0.44876098632812506,0.773,917.2408447265625,859.0,130.39633178710938,4.714470137470853,21.87834296680697,3.6313367608752385,0.0,39.3952522277832,86.12773895263672,23.6353702545166
2025-05-30,25.5,92.0,Meghalaya,East Khasi Hills,ISBT Bypass Landslide 3,1,140.4612579345703,147.4078826904297,190.16481018066406,330.9189147949219,446.17572021484375,0.5179138183593407,0.6888000000000001,1362.2994384765625,1410.0,264.5621337890625,7.554808330244862,33.88208370808656,6.750802082738645,0.638888888888889,61.715328216552734,167.0863800048828,48.47831726074219
2020-07-07,27.25,92.5,Non-Landslide Grid,Non-Landslide Grid,"Grid (27.25, 92.5)",0,5.709591865539551,6.422210693359375,14.84316635131836,79.30243682861328,208.90855407714844,0.46457672119139426,0.3716,1794.7828369140625,2906.0,505.7755126953125,17.855747137024938,38.0996504030799,6.6024004892937915,2.666666666666667,142.90359497070312,204.2445526123047,35.54497146606445
2022-05-15,25.25,93.0,Assam,Dima Hasao,L9b Near Halflong Railway Station,1,13.70791244506836,171.51666259765625,325.0523681640625,348.9837951660156,558.1865234375,0.47109222412107926,0.7867000000000001,581.3922119140625,1271.0,220.6673126220703,7.95753565762605,30.952647139700577,4.65836575833331,0.027777777777777776,63.11333465576172,118.19319915771484,29.522968292236328
2024-08-29,26.5,93.25,Non-Landslide Grid,Non-Landslide Grid,"Grid (26.5, 93.25)",0,0.0,2.3985514640808105,60.49318313598633,117.05658721923828,206.47988891601562,0.4631576538085489,0.875,358.2972106933594,770.0,243.78945922851562,4.421381017122808,24.279744144814494,4.451682343253157,0.0,36.2896614074707,101.02350616455078,31.975385665893555
2022-06-25,26.5,93.25,Non-Landslide Grid,Non-Landslide Grid,"Grid (26.5, 93.25)",0,19.534536361694336,37.04011917114258,53.580116271972656,169.3177947998047,233.94607543945312,0.4633941650390587,0.9038,358.2972106933594,770.0,243.78945922851562,4.421381017122808,24.279744144814494,4.451682343253157,0.0,36.2896614074707,101.02350616455078,31.975385665893555
2023-03-07,25.5,92.75,Non-Landslide Grid,Non-Landslide Grid,"Grid (25.5, 92.75)",0,0.08204975724220276,0.08204975724220276,0.08204975724220276,9.888335227966309,9.895173072814941,0.34320831298826593,0.521,586.2133178710938,856.0,209.28675842285156,4.4531155842589465,21.4801619072271,3.528074163719557,0.0,35.90679168701172,87.60953521728516,24.07171630859375
2020-08-15,25.25,91.75,Non-Landslide Grid,Non-Landslide Grid,"Grid (25.25, 91.75)",0,66.30844116210938,85.94863891601562,275.58447265625,388.3819274902344,1516.82763671875,0.48781967163083684,0.4035,684.6930541992188,1771.0,526.1378173828125,11.198190983867946,34.69450691676559,8.788339983989749,1.1666666666666667,90.1303482055664,189.36473083496094,63.86445617675781
2022-10-28,28.0,92.75,Non-Landslide Grid,Non-Landslide Grid,"Grid (28.0, 92.75)",0,1.3954367637634277,55.98587417602539,89.44817352294922,93.56869506835938,271.5198059082031,0.4069366455078522,-0.0037,4814.02685546875,3975.0,845.1657104492188,21.301964424701307,48.84623300066791,8.704132388893726,17.11111111111111,170.64649963378906,271.9714660644531,58.69367599487305
2024-10-18,25.25,92.5,Non-Landslide Grid,Non-Landslide Grid,"Grid (25.25, 92.5)",0,0.12807540595531464,0.49122852087020874,31.271949768066406,121.52236938476562,253.33963012695312,0.45750427246093034,0.8180000000000001,819.6777954101562,1530.0,334.9479675292969,8.272812286185768,39.33030515212594,6.5070393989689945,1.0555555555555556,65.47273254394531,169.72897338867188,46.98260498046875
2022-05-15,25.0,92.75,Assam,Cachar,nachangjol_1 nachangjol,1,17.392393112182617,209.87167358398438,389.2757263183594,429.9621276855469,673.3184814453125,0.47242736816394554,0.7506,274.126953125,1465.0,315.2989196777344,7.0296151565544855,32.894933863241256,6.950774825954634,0.05555555555555555,56.27210235595703,144.00457763671875,50.87444305419922
2020-04-17,23.5,93.0,Non-Landslide Grid,Non-Landslide Grid,"Grid (23.5, 93.0)",0,15.472001075744629,23.18002700805664,23.18002700805664,34.968994140625,37.323822021484375,0.17672729492196837,0.7203,917.0947265625,1478.0,266.5793762207031,11.932203600254475,33.52099955760416,5.647143886886906,0.19444444444444445,95.97232818603516,153.7880401611328,32.74060821533203
2024-07-02,25.75,94.5,Nagaland,Shishimi Landslide,Shishimi Village Area,1,35.812747955322266,86.0203857421875,156.02867126464844,253.22286987304688,322.07525634765625,0.511970520019455,0.8625,1396.2308349609375,2013.0,408.9830322265625,16.617851510009896,35.81275418340396,6.12449676554779,0.4166666666666667,128.43576049804688,179.00991821289062,30.28059196472168
2022-03-18,24.5,93.75,Non-Landslide Grid,Non-Landslide Grid,"Grid (24.5, 93.75)",0,0.0,0.0,0.0,0.0,9.887731552124023,0.1447296142576631,0.3319,917.9044189453125,1554.0,256.2775573730469,5.662249960180044,30.93689661621472,7.021565474401968,0.027777777777777776,43.58971405029297,141.0993194580078,50.9337158203125
2023-05-02,25.0,94.0,Non-Landslide Grid,Non-Landslide Grid,"Grid (25.0, 94.0)",0,0.8721515536308289,0.9740398526191711,0.9740398526191711,27.064035415649414,37.5335693359375,0.28111267089841724,0.5795,1008.9378051757812,1548.0,236.13145446777344,8.418254996846219,29.95096914355927,5.888112068764791,0.0,66.83557891845703,132.4910888671875,39.91765594482422
2024-07-28,28.0,96.0,Non-Landslide Grid,Non-Landslide Grid,"Grid (28.0, 96.0)",0,0.0,0.35069289803504944,39.48659133911133,42.79716873168945,411.6776123046875,0.47270202636689307,0.9167,391.51806640625,1954.0,339.81634521484375,4.393053346582743,34.44358316238441,7.031902439364601,0.25,33.459617614746094,157.1775360107422,52.24351501464844
2022-04-10,25.0,92.5,Assam,Cachar,Malidor_after_bridge_2 Malidor after crossing bridge,1,5.4661335945129395,5.4661335945129395,26.501270294189453,86.05489349365234,194.15150451660156,0.421936035156217,0.6105,204.9633331298828,1224.0,275.96075439453125,5.487831143215172,34.94692623136583,7.116754878189429,0.4166666666666667,44.536964416503906,142.9350128173828,54.15533447265625
2025-05-30,26.0,91.75,Meghalaya,Ri Bhoi,17 Mile Landslide,1,63.76811981201172,76.97537231445312,92.93867492675781,169.11962890625,273.59130859375,0.5051498413085942,0.7742,323.899169921875,766.0,135.91363525390625,4.957392974049627,20.61693827486847,3.3378267914883613,0.0,42.12355041503906,83.86418151855469,22.39252471923828
2024-06-15,25.25,90.25,Meghalaya,Garo Kherapara Landslide,Paikan 1 Road Tura Dalu NH,1,89.07714080810547,179.7403564453125,212.24151611328125,460.58087158203125,986.9158325195312,0.42585754394533126,0.7372000000000001,73.40249633789062,225.0,46.14529037475586,1.6844911888991303,8.95405354971055,1.6341408856870685,0.0,14.641450881958008,38.95814895629883,12.443431854248047
2022-12-17,28.25,96.0,Non-Landslide Grid,Non-Landslide Grid,"Grid (28.25, 96.0)",0,0.0,0.0,0.0,0.0,0.0,0.205924987793089,0.8003,1834.901611328125,2968.0,629.9488525390625,23.029740760843826,51.333360929647945,8.221990629388905,20.27777777777778,186.06430053710938,277.5385437011719,52.63551712036133
2024-10-11,27.0,94.75,Non-Landslide Grid,Non-Landslide Grid,"Grid (27.0, 94.75)",0,6.613474369049072,31.99003791809082,60.54611587524414,130.37818908691406,158.33074951171875,0.4446792602539738,0.7593000000000001,97.49222564697266,242.0,8.532743453979492,0.22257384310659808,13.43503472197707,0.5166710304381316,0.0,2.0250585079193115,3.3726844787597656,3.8105945587158203
2020-05-30,23.25,91.75,Non-Landslide Grid,Non-Landslide Grid,"Grid (23.25, 91.75)",0,23.871604919433594,89.96484375,125.91228485107422,249.65231323242188,309.74542236328125,0.47045898437487693,0.7864,83.91638946533203,225.0,33.92729187011719,1.2443996127615193,8.236260822728928,1.1561737433334793,0.0,10.26632022857666,26.470144271850586,7.961842060089111
2022-08-28,27.5,93.75,Non-Landslide Grid,Non-Landslide Grid,"Grid (27.5, 93.75)",0,32.925148010253906,37.948158264160156,74.95746612548828,149.44622802734375,425.9178466796875,0.4261169433593792,0.8509,1403.812255859375,1825.0,359.3349914550781,10.438109203008903,37.90955894955613,6.252872853036605,0.75,80.70602416992188,157.44125366210938,42.59994888305664
2024-04-19,28.75,94.75,Non-Landslide Grid,Non-Landslide Grid,"Grid (28.75, 94.75)",0,6.721661567687988,14.595142364501953,14.753840446472168,125.05950927734375,206.31373596191406,0.4265060424804683,0.7673,1346.776611328125,2496.0,500.8155822753906,21.126720099482604,42.692614624157635,7.449301184118711,10.222222222222223,167.07745361328125,231.20486450195312,38.11601638793945
2022-10-31,27.75,97.0,Non-Landslide Grid,Non-Landslide Grid,"Grid (27.75, 97.0)",0,0.0,0.0,77.3912124633789,107.74114227294922,219.2650146484375,0.36802673339844544,0.8459,2927.447998046875,3348.0,798.8855590820312,23.93215221198625,52.00139621883584,8.939823506109038,27.333333333333332,193.59352111816406,285.50946044921875,55.51548385620117
2022-10-16,26.25,90.25,Non-Landslide Grid,Non-Landslide Grid,"Grid (26.25, 90.25)",0,0.0,0.0,202.78607177734375,241.03298950195312,276.8634033203125,0.38877868652339986,0.7441,46.04166793823242,345.0,37.442012786865234,0.7831241559738612,18.369590637491665,2.120966203950077,0.0,6.556437015533447,43.48411560058594,15.787139892578125
2022-04-15,26.5,90.25,Non-Landslide Grid,Non-Landslide Grid,"Grid (26.5, 90.25)",0,40.492835998535156,74.13430786132812,128.46310424804688,390.9481506347656,414.25,0.4628677368164179,0.6564,59.386112213134766,279.0,14.850844383239746,0.25189229626896753,18.396578822541294,0.9049348328452662,0.0,2.1553163528442383,3.1034224033355713,6.661799430847168
2020-02-13,27.25,93.5,Non-Landslide Grid,Non-Landslide Grid,"Grid (27.25, 93.5)",0,0.0,0.0,0.0,8.119124412536621,32.13657760620117,0.4041137695312662,0.5343,1506.97412109375,2357.0,400.4650573730469,13.490002771301448,35.73032569319689,5.876769363504501,0.3888888888888889,106.12234497070312,172.48289489746094,35.388729095458984
2024-03-12,27.25,93.75,Non-Landslide Grid,Non-Landslide Grid,"Grid (27.25, 93.75)",0,0.0,0.0,0.0,5.248757362365723,28.31195831298828,0.39437866210920175,0.7515000000000001,814.7469482421875,2218.0,532.883056640625,12.053527878270337,33.23254959940221,7.3377975403262505,0.6944444444444444,96.2323226928711,171.03543090820312,49.406044006347656
2020-02-15,28.25,96.25,Non-Landslide Grid,Non-Landslide Grid,"Grid (28.25, 96.25)",0,0.0,0.0,0.17950153350830078,12.651627540588379,59.02363586425781,0.3866958618164533,0.0311,2700.932861328125,3465.0,729.9940185546875,23.57243030144863,51.886077120855624,8.016388485014025,21.666666666666668,190.74913024902344,271.5876770019531,47.71710205078125
2020-09-20,25.5,90.75,Non-Landslide Grid,Non-Landslide Grid,"Grid (25.5, 90.75)",0,0.0,37.246246337890625,445.05450439453125,754.2994384765625,1047.085205078125,0.44023895263672375,0.8687,390.7541809082031,869.0,137.77670288085938,4.502417572893615,24.515239572592176,3.4412196162224515,0.0,36.87894058227539,86.07024383544922,23.63579559326172
2024-02-07,25.75,91.75,Non-Landslide Grid,Non-Landslide Grid,"Grid (25.75, 91.75)",0,0.0,0.0,0.3176547586917877,1.921546220779419,2.3531911373138428,0.3947410583496389,0.6268,806.6327514648438,1218.0,244.60678100585938,4.8513282190506875,23.125668861377935,3.9623545317341726,0.0,39.709774017333984,96.14913940429688,26.952320098876953
2025-09-06,22.5,92.75,Non-Landslide Grid,Non-Landslide Grid,"Grid (22.5, 92.75)",0,23.10376739501953,46.051116943359375,93.55022430419922,157.38735961914062,285.35052490234375,0.4101715087890807,0.9101,417.3094482421875,1056.0,222.3340301513672,9.051629002092756,29.277202621801816,5.429355172156811,0.0,73.64885711669922,131.6678924560547,34.930362701416016
2022-06-19,22.75,92.75,Mizoram,Lunglei,Tawipui_road Tawipui_road,1,59.023868560791016,108.68362426757812,135.6712646484375,189.0457000732422,340.9965515136719,0.4294242858886731,0.7756000000000001,471.7497253417969,1379.0,257.7286682128906,9.469634715442576,26.744698660572194,5.39070092400143,0.0,78.04711151123047,139.4850311279297,33.80046844482422
2022-05-15,25.25,93.0,Assam,Dima Hasao,"L23 Near Kendri Vidyalaya, Halflong",1,13.70791244506836,171.51666259765625,325.0523681640625,348.9837951660156,558.1865234375,0.47109222412107926,0.7867000000000001,581.3922119140625,1271.0,220.6673126220703,7.95753565762605,30.952647139700577,4.65836575833331,0.027777777777777776,63.11333465576172,118.19319915771484,29.522968292236328
2021-06-10,23.5,91.75,Non-Landslide Grid,Non-Landslide Grid,"Grid (23.5, 91.75)",0,8.771275520324707,23.8474063873291,98.67955017089844,172.4391632080078,264.7783508300781,0.42999267578124367,0.8693000000000001,97.3919448852539,319.0,43.598297119140625,1.3999958346849113,14.119482577744533,1.6445455420576163,0.0,11.92961597442627,40.302757263183594,12.326164245605469
2022-05-16,27.0,93.5,Arunachal Pradesh,Papum Pare,Ganga_Jully_basti_road NES secretariat Richi Jollang,1,101.03943634033203,152.1822509765625,218.17376708984375,226.41458129882812,321.1750183105469,0.4023742675781785,0.7049000000000001,355.9505615234375,1665.0,296.9815979003906,5.933726472852088,32.66514584979479,6.165044312996405,0.1111111111111111,49.377342224121094,140.6566925048828,47.237037658691406
2022-09-17,28.5,96.25,Non-Landslide Grid,Non-Landslide Grid,"Grid (28.5, 96.25)",0,0.6474162340164185,1.254369854927063,18.918058395385742,91.98538970947266,172.26461791992188,0.42136383056641274,0.8863000000000001,3447.807861328125,3693.0,643.8772583007812,24.725983340546104,52.75837966878773,8.85277208485958,30.777777777777775,201.92581176757812,284.9831237792969,51.219364166259766
2022-08-15,27.5,92.75,Non-Landslide Grid,Non-Landslide Grid,"Grid (27.5, 92.75)",0,4.012605667114258,4.327323913574219,10.711674690246582,107.36415100097656,328.2276306152344,0.4221038818359456,0.8664000000000001,1803.6317138671875,2967.0,603.0645751953125,17.73978145129577,37.561653767107956,6.495172339377297,3.166666666666667,139.00157165527344,206.5306854248047,37.23012924194336
2022-01-29,28.0,88.5,Non-Landslide Grid,Non-Landslide Grid,"Grid (28.0, 88.5)",0,0.0,10.786240577697754,38.60116958618164,47.01593017578125,53.94273376464844,0.35127258300780473,-0.0217,5095.7900390625,4396.0,387.92755126953125,13.349086794565135,73.70894448368757,8.435456979019474,3.944444444444444,106.86685943603516,213.61180114746094,80.8809585571289
2021-05-19,25.75,95.0,Non-Landslide Grid,Non-Landslide Grid,"Grid (25.75, 95.0)",0,2.589731216430664,4.261557579040527,14.505646705627441,53.47369384765625,68.15109252929688,0.4203491210939406,0.8157000000000001,2020.5455322265625,3087.0,537.7276000976562,18.753234031214408,39.29192585682716,6.476647085143816,3.75,146.69252014160156,212.79164123535156,37.31854248046875
2023-11-25,27.0,95.75,Non-Landslide Grid,Non-Landslide Grid,"Grid (27.0, 95.75)",0,0.0,0.0,0.0,11.062400817871094,21.842811584472656,0.4147796630859846,0.9191,1342.9383544921875,1991.0,453.0468444824219,16.10166883275908,33.87289449042497,6.195499275413429,0.5277777777777778,125.71900939941406,176.2679901123047,32.73480987548828
2021-09-28,25.5,94.5,Non-Landslide Grid,Non-Landslide Grid,"Grid (25.5, 94.5)",0,0.0,3.628582000732422,16.227516174316406,34.56966781616211,72.0812759399414,0.47030639648414085,0.8469,1214.94775390625,1524.0,263.10931396484375,13.416159594748445,31.77914876142218,5.575241901226998,0.2222222222222222,104.84436798095703,152.53733825683594,28.473220825195312
2023-02-20,29.25,96.0,Non-Landslide Grid,Non-Landslide Grid,"Grid (29.25, 96.0)",0,1.6999999284744263,1.6999999284744263,1.8721506595611572,56.46401596069336,56.46401596069336,0.3408737182616775,-0.0166,3878.079833984375,3163.0,629.399658203125,22.63858601854045,55.29292804553204,10.433435911884475,24.666666666666668,186.75059509277344,314.1125183105469,69.53962707519531
2023-11-09,24.5,93.75,Non-Landslide Grid,Non-Landslide Grid,"Grid (24.5, 93.75)",0,0.0,0.0,0.0,3.432513952255249,13.02293872833252,0.2732849121092923,0.4501,917.9044189453125,1554.0,256.2775573730469,5.662249960180044,30.93689661621472,7.021565474401968,0.027777777777777776,43.58971405029297,141.0993194580078,50.9337158203125
2025-10-07,28.5,93.75,Non-Landslide Grid,Non-Landslide Grid,"Grid (28.5, 93.75)",0,4.6368408203125,41.8601188659668,76.98888397216797,78.21684265136719,199.37228393554688,0.41584777832030595,0.7875000000000001,2668.67138671875,3899.0,945.4757080078125,24.27127304371123,52.68328789407103,8.571868274575294,26.666666666666668,194.73861694335938,282.025146484375,52.457374572753906
2022-02-19,28.5,93.5,Non-Landslide Grid,Non-Landslide Grid,"Grid (28.5, 93.5)",0,0.0,0.0,0.0,29.1329345703125,74.27747344970703,0.3459320068359618,0.8069000000000001,3411.674560546875,3765.0,826.7841796875,20.60021656963089,52.52021406191496,8.94526016023897,14.416666666666666,156.19125366210938,259.6390686035156,63.15973663330078
2023-04-25,28.75,95.5,Non-Landslide Grid,Non-Landslide Grid,"Grid (28.75, 95.5)",0,0.0,14.359760284423828,38.878753662109375,44.11149978637695,119.02037811279297,0.4216537475585785,0.7091000000000001,2814.7041015625,2566.0,517.5949096679688,17.756420548127217,41.784986840461634,7.09236317665413,4.194444444444445,139.83053588867188,213.91949462890625,43.74800491333008
2022-08-27,24.75,93.75,Non-Landslide Grid,Non-Landslide Grid,"Grid (24.75, 93.75)",0,0.6104127168655396,1.577939748764038,15.426003456115723,32.80154800415039,78.74562072753906,0.4243507385253886,0.8815000000000001,961.0741577148438,1622.0,285.96246337890625,8.732390351927053,32.08217257943746,7.811996970500874,0.08333333333333334,67.09193420410156,153.63829040527344,56.0186767578125
2025-03-12,28.75,96.0,Arunachal Pradesh,Dibang Valley,"Near Anini, NH 313",1,0.0,0.0,12.87807559967041,42.053001403808594,136.11143493652344,0.417060852050784,0.1851,2497.4091796875,3651.0,782.8612670898438,22.067963141205666,44.771191436200475,8.098994007816286,16.694444444444446,176.60426330566406,255.8905029296875,48.057762145996094
2024-03-11,28.75,96.0,Non-Landslide Grid,Non-Landslide Grid,"Grid (28.75, 96.0)",0,0.0,1.3854659795761108,13.25064468383789,18.92758560180664,54.806549072265625,0.39433288574224534,0.2684,2497.4091796875,3651.0,782.8612670898438,22.067963141205666,44.771191436200475,8.098994007816286,16.694444444444446,176.60426330566406,255.8905029296875,48.057762145996094
2020-06-29,27.5,88.5,Sikkim,North Sikkim,Mangang-Chungtohong Road,1,3.5239787101745605,102.92842864990234,248.20753479003906,471.6291809082031,773.419189453125,0.42419433593749845,0.8506,2168.81982421875,3697.0,796.494384765625,23.632660743125502,49.23240538360047,7.919056484581935,20.916666666666668,188.52566528320312,282.9498291015625,52.20234680175781
2022-05-15,25.25,93.0,Assam,Dima Hasao,L3 Near Halflong Railway Station,1,13.70791244506836,171.51666259765625,325.0523681640625,348.9837951660156,558.1865234375,0.47109222412107926,0.7867000000000001,581.3922119140625,1271.0,220.6673126220703,7.95753565762605,30.952647139700577,4.65836575833331,0.027777777777777776,63.11333465576172,118.19319915771484,29.522968292236328
2020-02-11,27.75,94.5,Non-Landslide Grid,Non-Landslide Grid,"Grid (27.75, 94.5)",0,0.0,3.7769205570220947,4.686526298522949,15.625618934631348,38.438804626464844,0.3367156982421898,0.8244,707.9741821289062,1668.0,336.4001159667969,11.959542917427125,32.18182728701391,6.231628084732036,0.19444444444444445,97.14503479003906,168.00035095214844,41.072731018066406
2024-04-12,28.0,96.5,Non-Landslide Grid,Non-Landslide Grid,"Grid (28.0, 96.5)",0,0.0,0.0,141.3157196044922,229.9633331298828,336.52337646484375,0.3634338378906078,0.7972,1515.6094970703125,2871.0,651.4829711914062,22.8996228764844,55.03617911554651,8.322263526866594,19.944444444444446,186.27854919433594,270.32135009765625,50.12175750732422
2022-03-10,28.25,94.5,Non-Landslide Grid,Non-Landslide Grid,"Grid (28.25, 94.5)",0,0.0,0.0,0.6073048114776611,14.127924919128418,47.99945068359375,0.3444442749023605,0.8190000000000001,1686.3961181640625,3514.0,743.6204223632812,17.929890212742986,36.91777834329499,6.461823604418964,2.888888888888889,140.04136657714844,205.31048583984375,37.11265182495117
2021-05-22,24.75,94.5,Non-Landslide Grid,Non-Landslide Grid,"Grid (24.75, 94.5)",0,2.324711322784424,10.87736701965332,13.697315216064453,54.202857971191406,86.18368530273438,0.18894958496089323,0.6243000000000001,687.2161254882812,1415.0,292.2091369628906,10.978303236969749,27.55470340208291,5.842987960834363,0.0,88.30297088623047,145.00534057617188,37.38021469116211
2025-09-06,25.25,90.25,Non-Landslide Grid,Non-Landslide Grid,"Grid (25.25, 90.25)",0,0.0,9.030516624450684,14.566061973571777,41.991214752197266,434.6309814453125,0.4275741577149045,0.8585,73.40249633789062,225.0,46.14529037475586,1.6844911888991303,8.95405354971055,1.6341408856870685,0.0,14.641450881958008,38.95814895629883,12.443431854248047
2020-07-12,25.5,92.0,Meghalaya,East Khasi Hills,Police Reserve,1,34.74706268310547,189.68817138671875,211.60476684570312,337.49676513671875,528.7539672851562,0.449493408203193,0.6933,1362.2994384765625,1410.0,264.5621337890625,7.554808330244862,33.88208370808656,6.750802082738645,0.638888888888889,61.715328216552734,167.0863800048828,48.47831726074219
2022-05-15,25.25,93.0,Assam,Dima Hasao,"L27 Near Kendri Vidyalaya, Halflong",1,13.70791244506836,171.51666259765625,325.0523681640625,348.9837951660156,558.1865234375,0.47109222412107926,0.7867000000000001,581.3922119140625,1271.0,220.6673126220703,7.95753565762605,30.952647139700577,4.65836575833331,0.027777777777777776,63.11333465576172,118.19319915771484,29.522968292236328
2022-02-01,28.25,97.25,Non-Landslide Grid,Non-Landslide Grid,"Grid (28.25, 97.25)",0,0.0,0.0,14.399999618530273,19.600000381469727,68.00000762939453,0.3275642395020099,-0.0021,4038.578857421875,2853.0,494.0306396484375,19.4569575784893,55.43572074199703,8.481996318199133,12.611111111111112,158.35350036621094,249.64828491210938,51.696624755859375
2020-11-27,27.5,96.5,Non-Landslide Grid,Non-Landslide Grid,"Grid (27.5, 96.5)",0,0.0,0.0,1.5949045419692993,4.78989839553833,43.58405685424805,0.4007720947265889,0.6685,1077.08056640625,2976.0,465.3326721191406,12.640977201658412,38.92595716757484,7.13953799670703,2.3333333333333335,98.56029510498047,199.70248413085938,50.579246520996094
2024-08-14,28.25,97.0,Non-Landslide Grid,Non-Landslide Grid,"Grid (28.25, 97.0)",0,0.0,0.0,23.23897361755371,65.0760498046875,89.92581176757812,0.40155792236331167,0.7938000000000001,2937.380615234375,3915.0,898.3536987304688,25.401639802241334,57.30023526726715,9.746530013211483,36.19444444444444,207.5095672607422,316.9516296386719,67.75711059570312
2025-04-22,25.0,94.0,Non-Landslide Grid,Non-Landslide Grid,"Grid (25.0, 94.0)",0,0.0,17.153242111206055,38.9371452331543,71.17635345458984,76.34188079833984,0.4731903076171671,0.6031000000000001,1008.9378051757812,1548.0,236.13145446777344,8.418254996846219,29.95096914355927,5.888112068764791,0.0,66.83557891845703,132.4910888671875,39.91765594482422
2021-03-18,27.75,88.5,Non-Landslide Grid,Non-Landslide Grid,"Grid (27.75, 88.5)",0,10.427728652954102,25.011890411376953,43.68384552001953,90.42203521728516,178.12498474121094,0.39714050292968345,0.4738,4100.16064453125,3807.0,734.4197387695312,22.412003436090288,53.38754478648244,8.808319435315765,20.61111111111111,181.06277465820312,281.6011657714844,58.148677825927734
2023-10-08,27.5,95.75,Non-Landslide Grid,Non-Landslide Grid,"Grid (27.5, 95.75)",0,5.821476459503174,55.352542877197266,77.57013702392578,88.37676239013672,227.57022094726562,0.4919509887694856,0.8532000000000001,151.99278259277344,66.0,10.139687538146973,0.31555418138542196,2.175448807631715,0.2892683228217101,0.0,2.699601173400879,7.017834186553955,2.002333879470825
2023-10-27,27.5,94.25,Arunachal Pradesh,Lower Subansiri,Subansiri Landslide Near Subansiri Hydropower project dam,1,0.0,0.0,0.0,1.7461118698120117,226.76211547851562,0.3076858520507417,0.6239,303.2066650390625,2091.0,285.65545654296875,6.221316673598025,42.203397172712286,7.66932678313445,0.5833333333333334,50.407501220703125,155.6992950439453,58.014652252197266
2021-10-20,26.5,95.0,Non-Landslide Grid,Non-Landslide Grid,"Grid (26.5, 95.0)",0,9.092442512512207,12.910467147827148,19.339115142822266,30.815723419189453,84.6327133178711,0.46087646484370587,0.9055,1117.9442138671875,2290.0,539.2392578125,13.935030303286451,29.537497348062463,6.369523827887884,0.0,107.99993133544922,165.35928344726562,37.627197265625
2022-04-14,27.75,88.5,Non-Landslide Grid,Non-Landslide Grid,"Grid (27.75, 88.5)",0,20.969615936279297,31.342355728149414,158.8372344970703,300.8381652832031,393.9431457519531,0.42372131347655445,0.3309,4100.16064453125,3807.0,734.4197387695312,22.412003436090288,53.38754478648244,8.808319435315765,20.61111111111111,181.06277465820312,281.6011657714844,58.148677825927734
2024-03-14,27.75,96.25,Non-Landslide Grid,Non-Landslide Grid,"Grid (27.75, 96.25)",0,3.1311841011047363,15.7916259765625,15.7916259765625,28.09960174560547,126.6891098022461,0.3439826965332028,0.6157,378.3680419921875,1771.0,262.791259765625,3.628177258111446,34.886002428398726,6.243721849866636,0.3055555555555556,26.976634979248047,144.90283203125,45.608177185058594
2024-02-28,25.0,94.25,Non-Landslide Grid,Non-Landslide Grid,"Grid (25.0, 94.25)",0,0.0,0.0,32.12653732299805,34.07654571533203,46.96929168701172,0.2566680908200296,0.7271000000000001,1233.2835693359375,1244.0,265.4721984863281,10.62303176740798,27.88183800191073,4.826559786669395,0.0,82.0025634765625,128.76394653320312,27.49030303955078
2022-05-15,25.25,93.0,Assam,Dima Hasao,L8 Near Halflong Railway Station,1,13.70791244506836,171.51666259765625,325.0523681640625,348.9837951660156,558.1865234375,0.47109222412107926,0.7867000000000001,581.3922119140625,1271.0,220.6673126220703,7.95753565762605,30.952647139700577,4.65836575833331,0.027777777777777776,63.11333465576172,118.19319915771484,29.522968292236328
2023-10-26,26.25,92.75,Non-Landslide Grid,Non-Landslide Grid,"Grid (26.25, 92.75)",0,0.0,0.06297295540571213,0.06297295540571213,3.2206432819366455,87.23394775390625,0.38606262207033226,0.774,134.39443969726562,739.0,152.9081268310547,2.03556003100252,24.481392636733343,4.03503936010858,0.0,16.41988754272461,94.49658966064453,30.449844360351562
2025-01-19,26.0,92.5,Non-Landslide Grid,Non-Landslide Grid,"Grid (26.0, 92.5)",0,0.0,0.0,0.0,0.2288966178894043,0.2288966178894043,0.26576232910153624,0.7222000000000001,353.65972900390625,678.0,190.900390625,4.571070359635543,22.66155124479494,3.7939397398009924,0.0,37.79451370239258,90.0302734375,26.104530334472656
2024-06-15,25.25,90.25,Meghalaya,Garo Kherapara Landslide,Paikan 2 Road Tura Dalu NH,1,89.07714080810547,179.7403564453125,212.24151611328125,460.58087158203125,986.9158325195312,0.42585754394533126,0.7372000000000001,73.40249633789062,225.0,46.14529037475586,1.6844911888991303,8.95405354971055,1.6341408856870685,0.0,14.641450881958008,38.95814895629883,12.443431854248047
2020-07-11,28.5,95.0,Non-Landslide Grid,Non-Landslide Grid,"Grid (28.5, 95.0)",0,73.65138244628906,262.837158203125,325.105712890625,525.5396118164062,931.0025634765625,0.4299926757812499,0.7421,1234.52197265625,2357.0,553.1590576171875,18.97321622403712,39.05771946505936,7.2058900485037585,5.611111111111111,149.1695556640625,215.672607421875,41.325218200683594
2024-05-01,28.25,94.25,Non-Landslide Grid,Non-Landslide Grid,"Grid (28.25, 94.25)",0,13.495622634887695,26.9345760345459,48.728729248046875,96.61408233642578,143.31927490234375,0.4296302795410144,0.8133,1888.3660888671875,3573.0,785.7053833007812,19.692724875259685,42.70369433344942,6.757839891531304,5.305555555555555,155.3228302001953,222.8927459716797,38.04297637939453
2024-06-15,25.5,90.5,Meghalaya,Durakalakgre Landslide,Tura Road Williamnagar SH,1,76.74958801269531,132.9657745361328,170.02198791503906,357.93109130859375,811.3975830078125,0.4961395263671592,0.8628,543.5358276367188,1175.0,224.3740997314453,5.480898761902344,28.045471172004955,4.568385134784606,0.0,43.9293327331543,112.02342224121094,32.36680221557617
2023-08-29,22.5,93.0,Non-Landslide Grid,Non-Landslide Grid,"Grid (22.5, 93.0)",0,0.0,66.84902954101562,119.20578002929688,182.8552703857422,489.47540283203125,0.42437744140624234,0.4712,878.2855834960938,1778.0,377.2521057128906,14.638061184349539,36.38334612643967,5.925709104680568,0.4444444444444444,117.57864379882812,173.31338500976562,32.15381622314453
2023-08-04,28.0,94.75,Non-Landslide Grid,Non-Landslide Grid,"Grid (28.0, 94.75)",0,8.768332481384277,37.29790496826172,139.72267150878906,274.4394226074219,638.3502197265625,0.42809295654298296,0.868,868.9953002929688,1410.0,281.4892883300781,11.962375729382549,31.314883041830033,5.951567221273456,0.08333333333333334,95.5738525390625,158.34274291992188,36.94168472290039
2022-10-10,29.0,95.5,Non-Landslide Grid,Non-Landslide Grid,"Grid (29.0, 95.5)",0,94.8688735961914,142.624755859375,200.16265869140625,200.63818359375,232.6826171875,0.42948913574218434,0.8069000000000001,3238.650390625,1992.0,479.2296142578125,16.469424165397974,39.59498671028408,6.6568879602393976,1.7500000000000002,131.6859130859375,193.20579528808594,37.1080436706543
2023-10-07,25.5,93.75,Nagaland,Peren,Iron bridge landslide Peren-Maram road,1,4.821065425872803,21.596113204956055,22.436119079589844,41.50138473510742,154.3571319580078,0.42448425292969,0.9207,1053.5872802734375,2037.0,386.0133056640625,14.16904624860355,41.285730438317074,7.158854539432471,1.6111111111111112,110.56718444824219,187.04185485839844,46.31894302368164
2024-05-28,25.5,92.0,Meghalaya,Lumparing Landslide,Lower Lumparing,1,179.50942993164062,197.1027069091797,210.77362060546875,274.44964599609375,397.0888977050781,0.4348144531250691,0.6344000000000001,1362.2994384765625,1410.0,264.5621337890625,7.554808330244862,33.88208370808656,6.750802082738645,0.638888888888889,61.715328216552734,167.0863800048828,48.47831726074219
2025-10-31,28.25,93.75,Non-Landslide Grid,Non-Landslide Grid,"Grid (28.25, 93.75)",0,14.614550590515137,14.87321662902832,14.87321662902832,14.87321662902832,106.30509948730469,0.4101409912109296,0.7547,2163.187744140625,3233.0,651.02685546875,21.59219516730122,43.9618607568965,7.902084776124613,14.63888888888889,170.12351989746094,251.8534393310547,47.64670944213867
2022-05-15,25.25,93.0,Assam,Dima Hasao,DF5 Near Halflong Railway Station,1,13.70791244506836,171.51666259765625,325.0523681640625,348.9837951660156,558.1865234375,0.47109222412107926,0.7867000000000001,581.3922119140625,1271.0,220.6673126220703,7.95753565762605,30.952647139700577,4.65836575833331,0.027777777777777776,63.11333465576172,118.19319915771484,29.522968292236328
2024-04-28,26.0,94.25,Non-Landslide Grid,Non-Landslide Grid,"Grid (26.0, 94.25)",0,2.2454042434692383,3.3981375694274902,9.783378601074219,146.5574493408203,193.35498046875,0.40454101562519545,0.6873,885.2597045898438,1675.0,304.77520751953125,11.490526964431924,35.483394617014326,4.835898006153164,0.05555555555555555,89.0573959350586,133.66107177734375,26.900562286376953
2024-02-24,24.5,92.75,Non-Landslide Grid,Non-Landslide Grid,"Grid (24.5, 92.75)",0,0.0,51.758201599121094,59.17236328125,59.17236328125,76.9075698852539,0.3604354858398404,0.6463,85.600830078125,428.0,57.432464599609375,2.1428599104598,15.824363758441448,2.1098312057553605,0.0,18.043832778930664,48.597068786621094,14.894207954406738
2020-02-06,24.0,91.5,Non-Landslide Grid,Non-Landslide Grid,"Grid (24.0, 91.5)",0,0.0,0.0,6.4020819664001465,6.4020819664001465,7.932607173919678,0.233352661132706,0.7431,63.2599983215332,147.0,32.07771301269531,0.6782875420462081,3.9239910742673763,0.5583940986716778,0.0,5.560225486755371,13.839029312133789,3.877204179763794
2025-05-30,26.0,91.75,Meghalaya,Ri Bhoi,Byrnihat Landslide 3,1,63.76811981201172,76.97537231445312,92.93867492675781,169.11962890625,273.59130859375,0.5051498413085942,0.7742,323.899169921875,766.0,135.91363525390625,4.957392974049627,20.61693827486847,3.3378267914883613,0.0,42.12355041503906,83.86418151855469,22.39252471923828
2021-01-21,25.25,93.0,Non-Landslide Grid,Non-Landslide Grid,"Grid (25.25, 93.0)",0,1.1121745109558105,1.1121745109558105,1.1121745109558105,1.1121745109558105,1.1121745109558105,0.35397338867182365,0.7477,581.3922119140625,1271.0,220.6673126220703,7.95753565762605,30.952647139700577,4.65836575833331,0.027777777777777776,63.11333465576172,118.19319915771484,29.522968292236328
2022-04-13,25.25,92.5,Meghalaya,Jaintia Hills,Byndihati-Umtyra_4 Between Byndihati and Umtyra,1,4.2119927406311035,15.343467712402344,20.91499900817871,66.46891784667969,231.5885467529297,0.4930801391601514,0.7032,819.6777954101562,1530.0,334.9479675292969,8.272812286185768,39.33030515212594,6.5070393989689945,1.0555555555555556,65.47273254394531,169.72897338867188,46.98260498046875
2023-02-13,25.25,92.25,Non-Landslide Grid,Non-Landslide Grid,"Grid (25.25, 92.25)",0,0.0,0.0,0.0,0.0,0.0,0.2656745910644568,0.7171000000000001,776.0238647460938,1322.0,357.3675231933594,5.895885341126151,25.47091491614314,4.7990301285115855,0.0,47.91184997558594,115.95841217041016,34.28144836425781
2024-11-12,27.25,94.0,Non-Landslide Grid,Non-Landslide Grid,"Grid (27.25, 94.0)",0,0.0,0.0,0.0,42.06689453125,47.3663444519043,0.280616760253857,0.5357000000000001,180.665283203125,1383.0,181.9029998779297,2.438772057464298,32.53731372794104,4.801649722757222,0.16666666666666669,19.482275009155273,96.9761962890625,36.374298095703125
2024-11-23,27.25,94.0,Non-Landslide Grid,Non-Landslide Grid,"Grid (27.25, 94.0)",0,0.45460301637649536,0.45460301637649536,0.45460301637649536,0.45460301637649536,45.716712951660156,0.2189483642577531,0.5357000000000001,180.665283203125,1383.0,181.9029998779297,2.438772057464298,32.53731372794104,4.801649722757222,0.16666666666666669,19.482275009155273,96.9761962890625,36.374298095703125
2025-03-17,26.5,92.5,Non-Landslide Grid,Non-Landslide Grid,"Grid (26.5, 92.5)",0,0.0,0.2675778269767761,23.927169799804688,23.927169799804688,28.330223083496094,0.41491699218747513,0.439,62.19722366333008,103.0,4.550945281982422,0.18882843423828546,6.360743183467621,0.32348863849550236,0.0,1.7274324893951416,3.588175058364868,2.4443182945251465
2023-10-24,27.75,88.5,Non-Landslide Grid,Non-Landslide Grid,"Grid (27.75, 88.5)",0,0.0,0.0,10.59499740600586,81.26123046875,339.490234375,0.40493011474609286,0.4405,4100.16064453125,3807.0,734.4197387695312,22.412003436090288,53.38754478648244,8.808319435315765,20.61111111111111,181.06277465820312,281.6011657714844,58.148677825927734
2023-08-20,24.75,93.5,Manipur,Noney,Awangkhul Landslide Jiribam Imphal Road,1,1.8902924060821533,3.284569025039673,43.770999908447266,98.95840454101562,139.41220092773438,0.4090728759765783,0.9247,656.288330078125,1534.0,273.30828857421875,13.92695372753795,35.9465555765086,6.308069798004876,0.7777777777777778,110.30641174316406,178.22549438476562,37.871456146240234
2020-05-17,28.0,94.0,Non-Landslide Grid,Non-Landslide Grid,"Grid (28.0, 94.0)",0,8.737788200378418,25.873676300048828,62.840206146240234,115.44065856933594,216.01112365722656,0.40573120117186906,0.7599,1514.4849853515625,2504.0,506.3511962890625,18.232457640141085,41.1153354340168,6.7911660542412475,4.888888888888889,145.129150390625,220.32748413085938,40.34345245361328
2024-02-01,24.75,93.5,Non-Landslide Grid,Non-Landslide Grid,"Grid (24.75, 93.5)",0,0.0,0.0,0.0,0.0,0.0,0.21057128906257128,0.8304,656.288330078125,1534.0,273.30828857421875,13.92695372753795,35.9465555765086,6.308069798004876,0.7777777777777778,110.30641174316406,178.22549438476562,37.871456146240234
2022-12-16,27.5,92.75,Non-Landslide Grid,Non-Landslide Grid,"Grid (27.5, 92.75)",0,0.0,0.0,0.0,0.0,0.0,0.34071350097636227,0.8717,1803.6317138671875,2967.0,603.0645751953125,17.73978145129577,37.561653767107956,6.495172339377297,3.166666666666667,139.00157165527344,206.5306854248047,37.23012924194336
2025-03-01,25.0,93.0,Non-Landslide Grid,Non-Landslide Grid,"Grid (25.0, 93.0)",0,0.0,0.0,0.1430014669895172,0.2807022035121918,0.38636115193367004,0.15399169921881004,0.7203,384.5722351074219,1608.0,385.2471923828125,8.070900757120183,30.662939686285355,7.316109477494315,0.027777777777777776,64.66639709472656,154.00979614257812,53.41328811645508
2024-02-28,26.75,90.75,Non-Landslide Grid,Non-Landslide Grid,"Grid (26.75, 90.75)",0,0.0,0.0,2.0089409351348877,3.9744176864624023,8.18709659576416,0.11758422851563871,0.5645,397.88916015625,1659.0,368.8592224121094,6.26488665703956,35.0730648698001,8.128569312154193,0.4722222222222222,49.33185577392578,167.44772338867188,61.67043685913086
2021-01-19,24.75,92.75,Non-Landslide Grid,Non-Landslide Grid,"Grid (24.75, 92.75)",0,0.0,0.0,0.0,0.0,0.0,0.22283554077149995,0.376,28.799165725708008,83.0,10.98561954498291,0.49229396524952734,4.339614597493083,0.5527330881797449,0.0,4.288497447967529,12.693502426147461,4.094924449920654
2025-05-31,26.25,91.75,Assam,Kamrup Metro,Datalpara Landslide,1,84.89962005615234,152.96542358398438,167.04165649414062,223.528564453125,330.7607116699219,0.4634056091308524,0.7087,67.3949966430664,295.0,37.075172424316406,1.4509254283381814,16.29219827144022,2.417741974738188,0.0,12.47722339630127,53.43284225463867,18.373598098754883
2025-06-15,27.75,94.0,Arunachal Pradesh,Kamle,Govt Higher Secondary School in Raga,1,6.000173091888428,6.000173091888428,8.470362663269043,75.65367126464844,292.143798828125,0.42208862304685824,0.8066,1244.3663330078125,2129.0,494.1430969238281,16.013889717688308,36.17063874593479,5.910114147919774,0.9444444444444444,127.07389068603516,186.63514709472656,33.358192443847656
2025-05-30,25.75,92.0,Meghalaya,Ri Bhoi,Umiam Landslide 7,1,103.3324966430664,111.45738983154297,142.70361328125,261.2294921875,363.6540222167969,0.5154647827148221,0.6665,917.2408447265625,859.0,130.39633178710938,4.714470137470853,21.87834296680697,3.6313367608752385,0.0,39.3952522277832,86.12773895263672,23.6353702545166
2024-08-18,27.25,96.0,Non-Landslide Grid,Non-Landslide Grid,"Grid (27.25, 96.0)",0,0.0,1.338578701019287,11.559885025024414,210.18150329589844,380.6668701171875,0.4900207519531051,0.9026,630.7230834960938,1881.0,400.9184265136719,8.979290868713843,30.2655513053063,6.4156578390951085,0.027777777777777776,69.11734008789062,144.3175811767578,43.464378356933594
2024-03-16,26.25,93.0,Non-Landslide Grid,Non-Landslide Grid,"Grid (26.25, 93.0)",0,0.0,0.37644079327583313,0.37644079327583313,0.37644079327583313,15.601160049438477,0.24029541015632833,0.6582,218.1891632080078,587.0,152.19326782226562,3.65835546289021,23.303605154040486,4.164987731737117,0.0,29.8038330078125,86.3546371459961,29.683298110961914
2023-08-24,27.5,96.0,Non-Landslide Grid,Non-Landslide Grid,"Grid (27.5, 96.0)",0,0.24129925668239594,41.36263656616211,62.94318771362305,179.68341064453125,346.3821105957031,0.48892211914067035,0.7986000000000001,201.21360778808594,532.0,78.42937469482422,1.1679882519971398,15.455060228625408,2.348388527453235,0.0,9.16063117980957,51.294803619384766,17.13377571105957
2020-08-29,28.75,94.5,Non-Landslide Grid,Non-Landslide Grid,"Grid (28.75, 94.5)",0,19.640167236328125,21.109331130981445,22.089752197265625,96.70035552978516,288.9679870605469,0.4274826049804744,0.5345,2875.245361328125,3705.0,813.9151000976562,22.60490357523754,45.50286324694302,7.307042541447593,16.13888888888889,178.1750030517578,257.02459716796875,43.789249420166016
2022-05-13,28.25,94.25,Non-Landslide Grid,Non-Landslide Grid,"Grid (28.25, 94.25)",0,13.74880313873291,46.582054138183594,57.640533447265625,112.30181884765625,316.2456970214844,0.42937088012695346,0.8460000000000001,1888.3660888671875,3573.0,785.7053833007812,19.692724875259685,42.70369433344942,6.757839891531304,5.305555555555555,155.3228302001953,222.8927459716797,38.04297637939453
2022-04-13,25.25,92.5,Meghalaya,Jaintia Hills,Byndihati-Umtyra_9 Between Byndihati and Umtyra,1,4.2119927406311035,15.343467712402344,20.91499900817871,66.46891784667969,231.5885467529297,0.4930801391601514,0.7032,819.6777954101562,1530.0,334.9479675292969,8.272812286185768,39.33030515212594,6.5070393989689945,1.0555555555555556,65.47273254394531,169.72897338867188,46.98260498046875
2020-08-15,26.25,94.5,Nagaland,Mokokchung,"Alongmen Ward, Mokochung",1,7.793232440948486,31.769433975219727,93.3035659790039,118.71786499023438,189.1203155517578,0.4080123901368091,0.9152,989.822509765625,1674.0,315.20281982421875,10.74273685959458,30.503507972756235,4.9305374882720026,0.027777777777777776,83.37834930419922,135.6664276123047,28.81993293762207
2022-04-13,25.25,92.5,Meghalaya,Jaintia Hills,Byndihati-Umtyra_1 Between Byndihati and Umtyra,1,4.2119927406311035,15.343467712402344,20.91499900817871,66.46891784667969,231.5885467529297,0.4930801391601514,0.7032,819.6777954101562,1530.0,334.9479675292969,8.272812286185768,39.33030515212594,6.5070393989689945,1.0555555555555556,65.47273254394531,169.72897338867188,46.98260498046875
2021-09-13,26.75,90.25,Non-Landslide Grid,Non-Landslide Grid,"Grid (26.75, 90.25)",0,0.6094334721565247,13.510774612426758,84.90031433105469,171.12432861328125,552.2208862304688,0.28042602539075134,0.8436,226.75027465820312,1423.0,188.4671173095703,2.261686693135128,33.41106145295647,4.220345125131856,0.1388888888888889,17.947385787963867,96.15144348144531,32.53406524658203
2020-11-06,26.0,94.75,Non-Landslide Grid,Non-Landslide Grid,"Grid (26.0, 94.75)",0,0.0,3.0806915760040283,68.5724105834961,138.65431213378906,218.7186279296875,0.4477767944335962,0.8516,1458.9405517578125,1831.0,406.3719177246094,16.022965692592955,32.756569682632716,5.710380092151458,0.2222222222222222,125.12663269042969,175.21231079101562,29.32090950012207
2024-08-18,24.0,92.25,Non-Landslide Grid,Non-Landslide Grid,"Grid (24.0, 92.25)",0,15.51598834991455,129.09410095214844,169.94827270507812,245.70028686523438,512.9613037109375,0.42697143554688843,0.8665,179.16360473632812,730.0,141.9304656982422,4.1304345365304584,21.81166598581612,4.911130345915189,0.0,32.45446014404297,108.56443786621094,33.974525451660156
2024-08-29,27.25,88.5,Sikkim,Pakyong Landslide,Near Pakyong Airport,1,3.30171799659729,44.548309326171875,83.84107208251953,159.57984924316406,463.5248718261719,0.40660858154297447,0.8616,1310.343017578125,2905.0,563.8278198242188,19.43016042352437,44.443769020233006,6.897398642525547,5.361111111111111,150.6671905517578,223.98939514160156,42.2029914855957
2023-05-15,26.0,90.25,Non-Landslide Grid,Non-Landslide Grid,"Grid (26.0, 90.25)",0,0.0,0.0,0.14116151630878448,28.672203063964844,74.9156723022461,0.14649200439451365,0.5745,50.90361022949219,310.0,41.2567024230957,0.7424694772682515,13.43728086740383,1.4107051372004447,0.0,6.2733612060546875,31.28388023376465,10.727988243103027
2024-11-26,27.75,94.0,Non-Landslide Grid,Non-Landslide Grid,"Grid (27.75, 94.0)",0,0.0,1.453252911567688,1.453252911567688,1.453252911567688,12.446198463439941,0.3401031494140317,0.8241,1244.3663330078125,2129.0,494.1430969238281,16.013889717688308,36.17063874593479,5.910114147919774,0.9444444444444444,127.07389068603516,186.63514709472656,33.358192443847656
2025-10-26,26.25,92.0,Non-Landslide Grid,Non-Landslide Grid,"Grid (26.25, 92.0)",0,0.0,0.6008175015449524,0.6008175015449524,1.0199404954910278,44.023895263671875,0.38383483886718706,0.8646,81.80860900878906,487.0,71.23992919921875,1.4984263825570932,19.891675655384233,2.8474638150595473,0.0,12.53154182434082,62.08441162109375,21.3975887298584
2025-09-20,22.5,92.75,Non-Landslide Grid,Non-Landslide Grid,"Grid (22.5, 92.75)",0,4.318697452545166,9.149560928344727,46.05828857421875,211.74818420410156,354.74774169921875,0.4099960327148511,0.9101,417.3094482421875,1056.0,222.3340301513672,9.051629002092756,29.277202621801816,5.429355172156811,0.0,73.64885711669922,131.6678924560547,34.930362701416016
2024-05-15,28.25,94.25,Non-Landslide Grid,Non-Landslide Grid,"Grid (28.25, 94.25)",0,0.0,0.0,11.116802215576172,43.49140167236328,126.60986328125,0.417793273925789,0.8133,1888.3660888671875,3573.0,785.7053833007812,19.692724875259685,42.70369433344942,6.757839891531304,5.305555555555555,155.3228302001953,222.8927459716797,38.04297637939453
2024-04-02,26.5,92.25,Non-Landslide Grid,Non-Landslide Grid,"Grid (26.5, 92.25)",0,9.613831520080566,27.540904998779297,27.65660858154297,55.316795349121094,64.40573120117188,0.40995025634770543,0.3738,62.07083511352539,32.0,7.2921366691589355,0.18001140887036715,1.071428124322146,0.1361163404145674,0.0,1.6593478918075562,3.4469168186187744,0.9243626594543457
2023-04-05,26.25,90.75,Non-Landslide Grid,Non-Landslide Grid,"Grid (26.25, 90.75)",0,5.474478721618652,33.121604919433594,93.9940185546875,116.6215591430664,187.41641235351562,0.36083984375008615,0.3691,40.997222900390625,246.0,14.89873218536377,0.38377147259691174,15.07324362771753,1.2015252087860544,0.0,3.3882267475128174,8.346028327941895,9.299248695373535
2023-06-09,27.25,97.0,Non-Landslide Grid,Non-Landslide Grid,"Grid (27.25, 97.0)",0,0.0,0.0,0.03296101093292236,8.399704933166504,49.90031814575195,0.44027709960932493,0.8925000000000001,1968.4161376953125,2898.0,674.0406494140625,17.165417753651425,45.64517225282971,8.324720797645515,6.055555555555555,135.86988830566406,222.66241455078125,56.98417663574219
2020-05-13,26.75,93.5,Non-Landslide Grid,Non-Landslide Grid,"Grid (26.75, 93.5)",0,0.812868058681488,0.812868058681488,20.174104690551758,49.884117126464844,104.70565032958984,0.4198532104492614,0.235,78.78416442871094,35.0,5.793849945068359,0.23522763176363917,1.432164662648389,0.20169767391116272,0.0,2.129199743270874,4.874037742614746,1.4025331735610962
2024-05-26,25.25,92.75,Non-Landslide Grid,Non-Landslide Grid,"Grid (25.25, 92.75)",0,0.0,0.16839493811130524,2.3236398696899414,10.683791160583496,198.51217651367188,0.5022315979003209,0.7515000000000001,1091.2467041015625,1373.0,231.5597381591797,7.584705907355589,34.43482800660637,4.5059173844757305,0.1111111111111111,60.79730224609375,117.44474792480469,29.72018051147461
2020-04-29,25.25,94.0,Non-Landslide Grid,Non-Landslide Grid,"Grid (25.25, 94.0)",0,7.849109649658203,16.249961853027344,51.65031433105469,111.08457946777344,118.39515686035156,0.4271850585939276,0.5626,1435.4375,1921.0,378.2546081542969,12.086842826308223,43.383133090803064,5.811415353223593,0.6944444444444444,94.75314331054688,156.38818359375,36.18202209472656
2022-06-20,26.0,91.25,Non-Landslide Grid,Non-Landslide Grid,"Grid (26.0, 91.25)",0,29.96268653869629,126.9523696899414,433.7735290527344,684.935302734375,792.8828735351562,0.48624420166018245,0.6111,82.09278106689453,442.0,69.08829498291016,2.00048753778281,20.82804439509215,3.2811977086259057,0.0,17.104074478149414,69.61766052246094,24.65224266052246
2025-01-28,26.5,94.5,Non-Landslide Grid,Non-Landslide Grid,"Grid (26.5, 94.5)",0,0.0,0.0,0.0,0.19815593957901,21.498329162597656,0.36172485351563877,0.8388,507.0960998535156,1256.0,251.46871948242188,9.002657162179931,29.62424268038666,5.509161266718924,0.0,70.13532257080078,134.08241271972656,35.227352142333984
2023-08-11,26.25,94.25,Non-Landslide Grid,Non-Landslide Grid,"Grid (26.25, 94.25)",0,8.594428062438965,96.42811584472656,206.88540649414062,312.4822692871094,553.5492553710938,0.4762992858887395,0.8756,491.7852783203125,1126.0,202.76712036132812,8.039417040978874,28.470151641754825,5.29589844356717,0.0,62.95243835449219,122.80960845947266,34.49464797973633
2025-05-30,26.0,91.75,Meghalaya,Ri Bhoi,Umling Landslide 4,1,63.76811981201172,76.97537231445312,92.93867492675781,169.11962890625,273.59130859375,0.5051498413085942,0.7742,323.899169921875,766.0,135.91363525390625,4.957392974049627,20.61693827486847,3.3378267914883613,0.0,42.12355041503906,83.86418151855469,22.39252471923828
2025-09-14,24.0,94.0,Non-Landslide Grid,Non-Landslide Grid,"Grid (24.0, 94.0)",0,43.12799072265625,55.423011779785156,59.14237976074219,80.1175308227539,299.1725769042969,0.4285278320313468,0.8998,1112.3905029296875,1970.0,384.6387023925781,13.368118460135134,30.430661338561226,5.088212487763951,0.027777777777777776,107.17179870605469,151.6919403076172,26.42008399963379
2024-01-17,27.0,94.25,Non-Landslide Grid,Non-Landslide Grid,"Grid (27.0, 94.25)",0,0.0,0.0,0.0,0.0,0.0,0.2511825561521773,0.432,86.0183334350586,14.0,2.3724570274353027,0.15339693133018162,0.7595510239630698,0.09990164677995549,0.0,1.5030637979507446,2.7613401412963867,0.6967684626579285
2021-12-24,28.25,97.0,Non-Landslide Grid,Non-Landslide Grid,"Grid (28.25, 97.0)",0,0.0,0.0,0.0,4.310035705566406,5.709129333496094,0.250236511230578,0.7023,2937.380615234375,3915.0,898.3536987304688,25.401639802241334,57.30023526726715,9.746530013211483,36.19444444444444,207.5095672607422,316.9516296386719,67.75711059570312
2020-06-21,25.0,94.0,Manipur,Senapati,K Sinam Village_NH 37,1,24.41008949279785,35.699195861816406,61.29955291748047,102.08653259277344,236.14402770996094,0.4794311523437593,0.6433,1008.9378051757812,1548.0,236.13145446777344,8.418254996846219,29.95096914355927,5.888112068764791,0.0,66.83557891845703,132.4910888671875,39.91765594482422
2024-07-02,25.75,92.0,Meghalaya,Mawlai Landslide,"2 GS Road, Khasi East NH Hills",1,48.23434066772461,137.20294189453125,168.66439819335938,256.0296325683594,478.53851318359375,0.4680862426757494,0.7058,917.2408447265625,859.0,130.39633178710938,4.714470137470853,21.87834296680697,3.6313367608752385,0.0,39.3952522277832,86.12773895263672,23.6353702545166
2024-08-18,28.25,96.75,Non-Landslide Grid,Non-Landslide Grid,"Grid (28.25, 96.75)",0,8.08880615234375,8.08880615234375,8.30172061920166,50.7874870300293,89.57288360595703,0.4184875488281316,0.8254,3192.26220703125,3760.0,777.3504028320312,25.01511828936123,51.8135373565446,9.044560316308626,32.861111111111114,207.51364135742188,299.4259033203125,54.75053405761719
2023-10-25,23.75,91.75,Non-Landslide Grid,Non-Landslide Grid,"Grid (23.75, 91.75)",0,9.037007331848145,9.737730026245117,9.737730026245117,11.085740089416504,97.15802764892578,0.4141502380371109,0.8612000000000001,123.81305694580078,262.0,43.23754119873047,1.5564138210253045,12.083930312074296,1.4237959496706716,0.0,13.421937942504883,38.834102630615234,10.836121559143066
2025-04-24,28.5,93.75,Non-Landslide Grid,Non-Landslide Grid,"Grid (28.5, 93.75)",0,8.981621742248535,37.746070861816406,72.0512924194336,92.8678207397461,152.87733459472656,0.42769622802734364,0.4093,2668.67138671875,3899.0,945.4757080078125,24.27127304371123,52.68328789407103,8.571868274575294,26.666666666666668,194.73861694335938,282.025146484375,52.457374572753906
2024-10-04,27.25,92.5,Arunachal Pradesh,West Kameng Landslide,"Kaspi Landslide Name Kaspi Vilage, Near Nag Mandir Location",1,41.88914489746094,65.87577819824219,102.51886749267578,131.81918334960938,151.88967895507812,0.4562835693359161,0.8243,1794.7828369140625,2906.0,505.7755126953125,17.855747137024938,38.0996504030799,6.6024004892937915,2.666666666666667,142.90359497070312,204.2445526123047,35.54497146606445
2024-07-02,25.75,94.75,Non-Landslide Grid,Non-Landslide Grid,"Grid (25.75, 94.75)",0,33.36704635620117,85.18828582763672,154.3651123046875,260.0227966308594,334.3248596191406,0.47954940795886764,0.8397,1144.83837890625,2030.0,426.00848388671875,16.093799853557623,38.850931907454914,6.157238975562164,1.1944444444444444,126.68045043945312,188.8299560546875,34.381961822509766
2020-10-12,27.0,94.0,Non-Landslide Grid,Non-Landslide Grid,"Grid (27.0, 94.0)",0,0.47564440965652466,1.6240818500518799,32.51755142211914,49.34105682373047,193.4291229248047,0.44018554687495504,0.7297,83.95944213867188,25.0,3.8772871494293213,0.14784675863206417,0.6065726114054234,0.10323440583541298,0.0,1.414453148841858,2.8284270763397217,0.7204717993736267
2024-07-02,25.75,92.0,Meghalaya,Umiam Landslide,"5 GS Road, Ri Bhoi NH",1,48.23434066772461,137.20294189453125,168.66439819335938,256.0296325683594,478.53851318359375,0.4680862426757494,0.7058,917.2408447265625,859.0,130.39633178710938,4.714470137470853,21.87834296680697,3.6313367608752385,0.0,39.3952522277832,86.12773895263672,23.6353702545166
2021-03-29,27.5,94.0,Non-Landslide Grid,Non-Landslide Grid,"Grid (27.5, 94.0)",0,0.0,0.0,0.0,0.5614768266677856,43.63508987426758,0.34820556640615236,0.7644000000000001,1536.2244873046875,2724.0,755.0374755859375,14.933853980813408,40.312445929729115,8.452063097443121,4.722222222222222,119.38636779785156,220.49632263183594,59.01678466796875
2020-12-14,28.0,96.0,Non-Landslide Grid,Non-Landslide Grid,"Grid (28.0, 96.0)",0,0.0,0.0,0.0,0.27770882844924927,6.015628814697266,0.3529968261717124,0.8672000000000001,391.51806640625,1954.0,339.81634521484375,4.393053346582743,34.44358316238441,7.031902439364601,0.25,33.459617614746094,157.1775360107422,52.24351501464844
2022-04-13,26.5,95.0,Non-Landslide Grid,Non-Landslide Grid,"Grid (26.5, 95.0)",0,16.188875198364258,41.093971252441406,67.568115234375,112.09441375732422,135.53811645507812,0.448455810546829,0.6741,1117.9442138671875,2290.0,539.2392578125,13.935030303286451,29.537497348062463,6.369523827887884,0.0,107.99993133544922,165.35928344726562,37.627197265625
2024-07-26,25.75,94.0,Nagaland,Pezielietsie Colony Landslide,"Pezielietsie Colony Ward-3 Block, in North Kohima",1,0.36789587140083313,26.566099166870117,47.94744110107422,127.13150787353516,332.63446044921875,0.47234344482414936,0.8557,1057.0296630859375,2478.0,501.8348388671875,12.132001583102527,38.017046564435354,6.381968560798878,0.9722222222222222,94.8803939819336,172.8865203857422,42.01777267456055
2020-06-17,27.25,88.75,Non-Landslide Grid,Non-Landslide Grid,"Grid (27.25, 88.75)",0,4.482287883758545,76.06636047363281,233.3933868408203,338.53509521484375,475.900634765625,0.42019271850585904,0.4432,2281.115234375,3875.0,931.9912719726562,19.22510805217614,39.47537466975562,6.940427131364258,5.138888888888888,149.77212524414062,222.42568969726562,41.1932373046875
2022-05-15,25.25,93.0,Assam,Dima Hasao,"L20 Near Kendri Vidyalaya, Halflong",1,13.70791244506836,171.51666259765625,325.0523681640625,348.9837951660156,558.1865234375,0.47109222412107926,0.7867000000000001,581.3922119140625,1271.0,220.6673126220703,7.95753565762605,30.952647139700577,4.65836575833331,0.027777777777777776,63.11333465576172,118.19319915771484,29.522968292236328
2020-06-08,27.25,88.5,Sikkim,South Sikkim,Thakka Road mudslide,1,0.0,14.544755935668945,40.25775909423828,117.04005432128906,263.89874267578125,0.4208450317382844,0.8373,1310.343017578125,2905.0,563.8278198242188,19.43016042352437,44.443769020233006,6.897398642525547,5.361111111111111,150.6671905517578,223.98939514160156,42.2029914855957
2025-05-15,26.75,92.25,Non-Landslide Grid,Non-Landslide Grid,"Grid (26.75, 92.25)",0,29.172128677368164,74.21643829345703,97.26661682128906,164.50062561035156,236.11607360839844,0.4532928466795709,0.6354000000000001,106.225830078125,116.0,23.41066551208496,0.26833882773203166,1.274270065331461,0.19523142135754473,0.0,2.162479877471924,4.925062656402588,1.253121256828308
2022-08-09,25.0,93.5,Non-Landslide Grid,Non-Landslide Grid,"Grid (25.0, 93.5)",0,7.288280963897705,8.126852989196777,34.57655334472656,59.738189697265625,142.5697021484375,0.37432861328125927,0.8633000000000001,752.8841552734375,1640.0,374.96832275390625,13.41413890352393,40.09010912252311,6.554713269349096,1.7777777777777777,104.00732421875,182.24261474609375,41.744476318359375
2024-06-30,25.75,92.0,Meghalaya,NEPA Landslide,"GS Road, Ri Bhoi NH",1,10.941681861877441,25.977739334106445,62.263816833496094,192.79583740234375,377.4544677734375,0.44876098632812506,0.773,917.2408447265625,859.0,130.39633178710938,4.714470137470853,21.87834296680697,3.6313367608752385,0.0,39.3952522277832,86.12773895263672,23.6353702545166
2021-05-02,28.75,94.75,Non-Landslide Grid,Non-Landslide Grid,"Grid (28.75, 94.75)",0,1.6025609970092773,1.6025609970092773,3.0714523792266846,135.67445373535156,439.21807861328125,0.3550758361816254,0.7366,1346.776611328125,2496.0,500.8155822753906,21.126720099482604,42.692614624157635,7.449301184118711,10.222222222222223,167.07745361328125,231.20486450195312,38.11601638793945
2022-04-13,25.25,92.5,Meghalaya,Jaintia Hills,Byndihati-Umtyra_2 Between Byndihati and Umtyra,1,4.2119927406311035,15.343467712402344,20.91499900817871,66.46891784667969,231.5885467529297,0.4930801391601514,0.7032,819.6777954101562,1530.0,334.9479675292969,8.272812286185768,39.33030515212594,6.5070393989689945,1.0555555555555556,65.47273254394531,169.72897338867188,46.98260498046875
2024-04-16,28.25,94.0,Non-Landslide Grid,Non-Landslide Grid,"Grid (28.25, 94.0)",0,0.0,0.0,2.2581193447113037,31.046302795410156,79.51889038085938,0.3838882446289044,0.3879,1662.87109375,3236.0,655.32568359375,22.501211133020682,44.92387386698158,7.803639257474414,17.22222222222222,179.7222900390625,264.5437316894531,46.65967559814453
2021-11-29,26.25,92.75,Non-Landslide Grid,Non-Landslide Grid,"Grid (26.25, 92.75)",0,0.0,0.0,0.0,0.0,0.0,0.2650604248046557,0.5175000000000001,134.39443969726562,739.0,152.9081268310547,2.03556003100252,24.481392636733343,4.03503936010858,0.0,16.41988754272461,94.49658966064453,30.449844360351562
2025-06-21,25.25,91.25,Non-Landslide Grid,Non-Landslide Grid,"Grid (25.25, 91.25)",0,76.32066345214844,423.985107421875,617.4261474609375,618.6564331054688,1829.423095703125,0.4460792541504166,0.7441,454.3727722167969,1538.0,425.57232666015625,6.985947347214785,32.59208001058595,6.859219201396241,0.2222222222222222,56.320255279541016,155.3539581298828,51.49196243286133
2021-12-14,27.5,88.5,Non-Landslide Grid,Non-Landslide Grid,"Grid (27.5, 88.5)",0,0.0,0.0,0.1964745968580246,0.1964745968580246,12.860881805419922,0.42059326171874517,0.8207,2168.81982421875,3697.0,796.494384765625,23.632660743125502,49.23240538360047,7.919056484581935,20.916666666666668,188.52566528320312,282.9498291015625,52.20234680175781
2020-05-20,27.75,88.25,Non-Landslide Grid,Non-Landslide Grid,"Grid (27.75, 88.25)",0,0.0,34.27165985107422,62.402244567871094,122.45156860351562,242.91873168945312,0.36757278442382,-0.0603,5411.60888671875,5965.0,825.2498779296875,22.587880344897407,58.60195193055539,12.185762183943721,26.805555555555554,189.22482299804688,384.72686767578125,101.63878631591797
2020-11-03,26.0,90.25,Non-Landslide Grid,Non-Landslide Grid,"Grid (26.0, 90.25)",0,0.0,0.0,0.0,39.08780288696289,76.48443603515625,0.3222656249999579,0.7017,50.90361022949219,310.0,41.2567024230957,0.7424694772682515,13.43728086740383,1.4107051372004447,0.0,6.2733612060546875,31.28388023376465,10.727988243103027
2020-12-16,26.0,90.5,Non-Landslide Grid,Non-Landslide Grid,"Grid (26.0, 90.5)",0,0.0,0.0,0.0,0.0,7.921026706695557,0.2247924804687167,0.8089000000000001,102.27471923828125,444.0,80.85121154785156,3.360340364150568,18.561117769829096,3.802291969473159,0.0,27.450069427490234,80.904296875,27.118141174316406
2021-10-06,27.75,94.0,Non-Landslide Grid,Non-Landslide Grid,"Grid (27.75, 94.0)",0,2.3890159130096436,39.232879638671875,58.12600326538086,68.64640045166016,140.03636169433594,0.40361022949217173,0.7547,1244.3663330078125,2129.0,494.1430969238281,16.013889717688308,36.17063874593479,5.910114147919774,0.9444444444444444,127.07389068603516,186.63514709472656,33.358192443847656
2023-03-11,28.25,96.0,Non-Landslide Grid,Non-Landslide Grid,"Grid (28.25, 96.0)",0,0.0,0.0,13.422889709472656,18.392375946044922,127.56146240234375,0.30157470703144357,0.7609,1834.901611328125,2968.0,629.9488525390625,23.029740760843826,51.333360929647945,8.221990629388905,20.27777777777778,186.06430053710938,277.5385437011719,52.63551712036133
2024-07-01,25.75,92.0,Meghalaya,Umiam Landslide,Dam Near Umiam Dam NH,1,78.02692413330078,94.92691040039062,139.57830810546875,246.64089965820312,451.3836669921875,0.4707107543945872,0.7058,917.2408447265625,859.0,130.39633178710938,4.714470137470853,21.87834296680697,3.6313367608752385,0.0,39.3952522277832,86.12773895263672,23.6353702545166
2020-02-15,28.25,94.5,Non-Landslide Grid,Non-Landslide Grid,"Grid (28.25, 94.5)",0,0.0,0.0,1.1603245735168457,5.749396324157715,45.800045013427734,0.3580856323242348,0.8555,1686.3961181640625,3514.0,743.6204223632812,17.929890212742986,36.91777834329499,6.461823604418964,2.888888888888889,140.04136657714844,205.31048583984375,37.11265182495117
2024-09-02,24.25,93.75,Non-Landslide Grid,Non-Landslide Grid,"Grid (24.25, 93.75)",0,0.0,2.489896535873413,3.2600274085998535,84.09911346435547,181.1374053955078,0.465324401855453,0.8488,994.7269287109375,1043.0,182.2924041748047,7.360570159897605,25.41189288464773,4.916189633151522,0.0,59.225154876708984,113.87767028808594,32.43421936035156
2024-05-28,25.75,92.0,Meghalaya,Mawkynroh Landslide,East Khasi Hills,1,78.93964385986328,109.86972045898438,116.60028076171875,149.37960815429688,220.63284301757812,0.48151397705077237,0.5917,917.2408447265625,859.0,130.39633178710938,4.714470137470853,21.87834296680697,3.6313367608752385,0.0,39.3952522277832,86.12773895263672,23.6353702545166
2022-07-07,26.25,91.75,Non-Landslide Grid,Non-Landslide Grid,"Grid (26.25, 91.75)",0,0.0,9.323222160339355,25.08553695678711,98.56096649169922,475.176025390625,0.4470634460449011,0.873,67.3949966430664,295.0,37.075172424316406,1.4509254283381814,16.29219827144022,2.417741974738188,0.0,12.47722339630127,53.43284225463867,18.373598098754883
2021-08-11,28.5,95.25,Non-Landslide Grid,Non-Landslide Grid,"Grid (28.5, 95.25)",0,6.351128578186035,36.71129608154297,80.39041900634766,131.59535217285156,190.934814453125,0.4255218505859334,0.8726,1671.7244873046875,3230.0,620.3593139648438,19.416689761111233,43.71046327924893,7.450770780259989,8.083333333333332,152.13458251953125,233.89942932128906,47.15129470825195
2021-12-13,26.25,93.75,Non-Landslide Grid,Non-Landslide Grid,"Grid (26.25, 93.75)",0,0.0,5.805755138397217,5.805755138397217,5.805755138397217,10.99569034576416,0.3667030334472499,0.7932,298.0380554199219,840.0,201.70179748535156,4.07158518576144,25.144996569127787,4.730847068924656,0.0,32.64014434814453,101.84503936767578,34.02714920043945
2024-08-23,25.75,94.0,Nagaland,Khonoma Landslide,Between Jotsoma Khonoma and,1,12.156291007995605,26.352237701416016,71.37506103515625,142.74900817871094,324.1611633300781,0.4851684570312807,0.9207,1057.0296630859375,2478.0,501.8348388671875,12.132001583102527,38.017046564435354,6.381968560798878,0.9722222222222222,94.8803939819336,172.8865203857422,42.01777267456055
2021-12-23,27.75,97.0,Non-Landslide Grid,Non-Landslide Grid,"Grid (27.75, 97.0)",0,0.0,0.0,0.0,4.663104057312012,8.983455657958984,0.3554992675782078,0.8267,2927.447998046875,3348.0,798.8855590820312,23.93215221198625,52.00139621883584,8.939823506109038,27.333333333333332,193.59352111816406,285.50946044921875,55.51548385620117
2024-01-07,25.75,90.5,Non-Landslide Grid,Non-Landslide Grid,"Grid (25.75, 90.5)",0,0.0,0.0,0.0,0.0,0.2571679949760437,0.32612609863279723,0.6817000000000001,260.7177734375,657.0,128.99688720703125,3.405875858872556,18.423070514625486,2.6238666516202267,0.0,28.151630401611328,62.91084289550781,17.59585189819336
2020-06-08,26.0,90.75,Non-Landslide Grid,Non-Landslide Grid,"Grid (26.0, 90.75)",0,0.0,59.75588607788086,140.38870239257812,412.1398620605469,728.5829467773438,0.4514541625976299,0.6453,76.9030532836914,437.0,66.00070190429688,1.5020054263511413,22.685480757896922,2.8754688123011016,0.0,12.693781852722168,63.36019515991211,21.62221908569336
2024-06-15,25.5,90.25,Meghalaya,Garo Matchurigre Landslide,Tura 2 Road Williamnagar SH,1,97.52465057373047,188.85842895507812,222.22067260742188,494.72052001953125,1062.780517578125,0.45518493652347247,0.9006000000000001,456.1675109863281,1310.0,324.3319091796875,5.398804127806837,29.770511719549223,5.068353584541543,0.0,43.320011138916016,116.16681671142578,35.4824333190918
2024-06-14,25.75,92.0,Meghalaya,Umsamlem Landslide,Ri Bhoi region NH,1,10.836674690246582,53.90575408935547,73.521728515625,178.0006103515625,413.06231689453125,0.43104553222658365,0.773,917.2408447265625,859.0,130.39633178710938,4.714470137470853,21.87834296680697,3.6313367608752385,0.0,39.3952522277832,86.12773895263672,23.6353702545166
2020-07-25,25.0,92.5,Non-Landslide Grid,Non-Landslide Grid,"Grid (25.0, 92.5)",0,6.457389831542969,46.65323257446289,104.19332885742188,266.1809997558594,490.483154296875,0.4740447998046213,0.778,204.9633331298828,1224.0,275.96075439453125,5.487831143215172,34.94692623136583,7.116754878189429,0.4166666666666667,44.536964416503906,142.9350128173828,54.15533447265625
2020-11-21,25.0,92.5,Non-Landslide Grid,Non-Landslide Grid,"Grid (25.0, 92.5)",0,0.0,0.0,0.0,0.0,71.24366760253906,0.33317565917964165,0.7428,204.9633331298828,1224.0,275.96075439453125,5.487831143215172,34.94692623136583,7.116754878189429,0.4166666666666667,44.536964416503906,142.9350128173828,54.15533447265625
2020-03-29,26.0,95.0,Non-Landslide Grid,Non-Landslide Grid,"Grid (26.0, 95.0)",0,0.0,0.0,2.6484079360961914,2.6484079360961914,10.601836204528809,0.29768371582068365,0.7484000000000001,1610.9891357421875,2688.0,589.7425537109375,16.027499746653127,40.90710192479149,5.811093611007914,1.2222222222222223,125.35421752929688,178.60330200195312,32.72863006591797
2020-09-12,25.75,93.75,Nagaland,Dimapur,Patkai Bridge to Kukidolong road stretch,1,9.206840515136719,20.852041244506836,24.319114685058594,56.10329055786133,175.04937744140625,0.48367309570306705,0.8525,323.7869567871094,1453.0,169.9934844970703,3.137159307419787,28.946238016299887,3.842826353315334,0.0,25.070592880249023,84.23445892333984,28.07028579711914
2021-01-09,28.25,95.25,Non-Landslide Grid,Non-Landslide Grid,"Grid (28.25, 95.25)",0,0.0,0.0,0.0,0.0,2.348078966140747,0.28884124755866053,0.8997,1166.863037109375,2884.0,591.3910522460938,18.461342525873718,39.600421735234114,7.487837493051796,5.472222222222222,147.8409423828125,221.23622131347656,46.0212287902832
2023-07-01,24.5,92.25,Non-Landslide Grid,Non-Landslide Grid,"Grid (24.5, 92.25)",0,50.849327087402344,93.35736083984375,160.31817626953125,399.6283264160156,737.6400146484375,0.4077301025391385,0.6688000000000001,42.72222137451172,158.0,20.185434341430664,0.767792053854936,8.466332771113331,0.8235771111410504,0.0,6.467982769012451,17.136947631835938,6.131628513336182
2022-04-13,25.25,92.5,Meghalaya,Jaintia Hills,Shiehruphi_1 Shiehruphi,1,4.2119927406311035,15.343467712402344,20.91499900817871,66.46891784667969,231.5885467529297,0.4930801391601514,0.7032,819.6777954101562,1530.0,334.9479675292969,8.272812286185768,39.33030515212594,6.5070393989689945,1.0555555555555556,65.47273254394531,169.72897338867188,46.98260498046875
2024-07-02,25.0,94.25,Manipur,MongkotChep u Landslide,Imphal Ukhrul Road,1,55.11235427856445,87.24485778808594,165.22113037109375,209.3795928955078,246.00502014160156,0.4404296874999509,0.2728,1233.2835693359375,1244.0,265.4721984863281,10.62303176740798,27.88183800191073,4.826559786669395,0.0,82.0025634765625,128.76394653320312,27.49030303955078
2025-05-16,26.25,90.5,Non-Landslide Grid,Non-Landslide Grid,"Grid (26.25, 90.5)",0,18.78711700439453,102.57197570800781,155.01046752929688,198.03274536132812,427.4430236816406,0.4597396850585385,0.4758,48.86888885498047,420.0,41.738399505615234,1.109574574143597,22.476644030121314,2.718231100002853,0.0,9.38329792022705,59.14864730834961,20.585315704345703
2024-03-05,24.75,93.25,Non-Landslide Grid,Non-Landslide Grid,"Grid (24.75, 93.25)",0,0.0,0.0,0.0,38.284603118896484,40.73814010620117,0.22511291503898506,0.7322000000000001,391.63970947265625,1431.0,303.173828125,9.487265584750292,34.49709226203304,6.790725772983349,0.3611111111111111,75.60086822509766,152.48123168945312,46.09552001953125
2023-12-10,23.5,93.0,Non-Landslide Grid,Non-Landslide Grid,"Grid (23.5, 93.0)",0,0.5896510481834412,55.280487060546875,62.80073928833008,62.80073928833008,136.67922973632812,0.37399291992189193,0.8786,917.0947265625,1478.0,266.5793762207031,11.932203600254475,33.52099955760416,5.647143886886906,0.19444444444444445,95.97232818603516,153.7880401611328,32.74060821533203
2022-05-15,25.0,92.75,Assam,Cachar,bandarkhal_nrsc_south1 bandarkhal,1,17.392393112182617,209.87167358398438,389.2757263183594,429.9621276855469,673.3184814453125,0.47242736816394554,0.7506,274.126953125,1465.0,315.2989196777344,7.0296151565544855,32.894933863241256,6.950774825954634,0.05555555555555555,56.27210235595703,144.00457763671875,50.87444305419922
2021-03-04,26.5,91.5,Non-Landslide Grid,Non-Landslide Grid,"Grid (26.5, 91.5)",0,0.0,0.0,1.9688241481781006,1.9688241481781006,1.9688241481781006,0.21398925781260972,0.4335,58.20722198486328,31.0,5.861110210418701,0.16184284562780812,0.5733588488786087,0.09238441754661911,0.0,1.5697052478790283,2.7613401412963867,0.6246815323829651
2024-06-29,24.5,92.25,Non-Landslide Grid,Non-Landslide Grid,"Grid (24.5, 92.25)",0,14.9266357421875,31.244009017944336,45.936222076416016,394.67303466796875,645.0569458007812,0.4100418090820689,0.6649,42.72222137451172,158.0,20.185434341430664,0.767792053854936,8.466332771113331,0.8235771111410504,0.0,6.467982769012451,17.136947631835938,6.131628513336182
2022-06-20,26.5,92.75,Non-Landslide Grid,Non-Landslide Grid,"Grid (26.5, 92.75)",0,5.694729328155518,78.79890441894531,322.4825744628906,415.8638610839844,460.6314697265625,0.4775085449217244,0.7859,67.26055908203125,45.0,3.955291748046875,0.21812827862361991,3.6425544289920397,0.23393955851429973,0.0,2.0826833248138428,4.731539249420166,1.9147090911865234
2024-11-21,25.75,95.0,Non-Landslide Grid,Non-Landslide Grid,"Grid (25.75, 95.0)",0,1.7355210781097412,1.7355210781097412,1.7355210781097412,2.710559129714966,47.57773208618164,0.37302398681663373,0.8706,2020.5455322265625,3087.0,537.7276000976562,18.753234031214408,39.29192585682716,6.476647085143816,3.75,146.69252014160156,212.79164123535156,37.31854248046875
2021-06-08,26.75,94.0,Non-Landslide Grid,Non-Landslide Grid,"Grid (26.75, 94.0)",0,16.073453903198242,56.48859405517578,90.43628692626953,127.6277084350586,316.4175109863281,0.43836212158207816,0.6039,84.86194610595703,29.0,5.00822639465332,0.17903397817091066,1.3870702743437402,0.1286096935612845,0.0,1.6630210876464844,3.1632628440856934,0.8715327382087708
2021-06-09,23.75,92.0,Non-Landslide Grid,Non-Landslide Grid,"Grid (23.75, 92.0)",0,2.4464640617370605,8.606130599975586,45.945716857910156,80.92921447753906,195.2988739013672,0.38489532470701926,0.8815000000000001,170.00083923339844,357.0,57.49930191040039,2.5374253798396653,17.30229144499008,2.18833912838166,0.0,21.320125579833984,51.54880905151367,15.2173433303833
2025-12-24,27.25,88.5,Non-Landslide Grid,Non-Landslide Grid,"Grid (27.25, 88.5)",0,0.0,0.0,0.0,0.0,0.0,0.3698883056640768,0.7586,1310.343017578125,2905.0,563.8278198242188,19.43016042352437,44.443769020233006,6.897398642525547,5.361111111111111,150.6671905517578,223.98939514160156,42.2029914855957
2024-07-18,23.5,91.5,Non-Landslide Grid,Non-Landslide Grid,"Grid (23.5, 91.5)",0,1.3623056411743164,14.857861518859863,46.71675491333008,87.04334259033203,362.2253723144531,0.45555114746083947,0.3592,56.6069450378418,199.0,28.764816284179688,0.9478303748513243,9.569014472456242,0.903505507840783,0.0,8.022164344787598,19.110843658447266,6.463800430297852
2025-05-21,25.25,93.0,Assam,Dima Hasao,Haflong Landslide,1,22.70982551574707,37.570011138916016,106.1060791015625,187.5040283203125,199.07882690429688,0.49658203124992034,0.7841,581.3922119140625,1271.0,220.6673126220703,7.95753565762605,30.952647139700577,4.65836575833331,0.027777777777777776,63.11333465576172,118.19319915771484,29.522968292236328
2023-09-07,26.25,95.0,Nagaland,Noklak,Wonthai Landslide Wonthai area,1,0.03423837572336197,0.7333950400352478,4.50324821472168,96.82681274414062,320.91302490234375,0.40541076660177966,0.881,1651.8433837890625,2099.0,427.3861389160156,16.836851288160602,35.73543845149518,5.834910603546995,0.6666666666666667,130.60438537597656,183.2027130126953,30.21045684814453
2021-06-27,28.25,95.0,Arunachal Pradesh,East Siang,Sangam Bridge Collapse near Pangin,1,46.768375396728516,91.24562072753906,162.62535095214844,287.24615478515625,473.02783203125,0.42467498779298607,0.5012,910.6333618164062,1889.0,404.7454528808594,17.056438182879226,34.66714758614648,6.508510630460296,1.5555555555555556,135.1522674560547,193.98526000976562,35.65961837768555
2022-10-04,23.75,92.0,Non-Landslide Grid,Non-Landslide Grid,"Grid (23.75, 92.0)",0,9.451600074768066,50.53501510620117,63.20334243774414,108.89523315429688,218.52223205566406,0.39387512207031766,0.861,170.00083923339844,357.0,57.49930191040039,2.5374253798396653,17.30229144499008,2.18833912838166,0.0,21.320125579833984,51.54880905151367,15.2173433303833
2025-12-14,28.0,97.25,Non-Landslide Grid,Non-Landslide Grid,"Grid (28.0, 97.25)",0,0.0,0.0,0.0,0.0,0.0,0.27388000488293407,0.2616,4023.047607421875,2686.0,461.84613037109375,20.34153891437583,51.195782848450456,8.652962843079873,14.472222222222223,166.00582885742188,249.61373901367188,50.428245544433594
2022-03-13,24.0,91.75,Non-Landslide Grid,Non-Landslide Grid,"Grid (24.0, 91.75)",0,0.0,0.0,0.0,0.0,2.7704780101776123,0.16179656982425394,0.5914,97.42472076416016,381.0,54.14148712158203,1.479486148698273,14.643667531994335,1.9171856520033936,0.0,12.111098289489746,46.464691162109375,13.882058143615723
2024-06-15,25.5,90.25,Meghalaya,Garo Rongbretgre Landslide,Paikan 1 Road Tura Dalu NH,1,97.52465057373047,188.85842895507812,222.22067260742188,494.72052001953125,1062.780517578125,0.45518493652347247,0.9006000000000001,456.1675109863281,1310.0,324.3319091796875,5.398804127806837,29.770511719549223,5.068353584541543,0.0,43.320011138916016,116.16681671142578,35.4824333190918
2020-05-22,28.5,95.5,Non-Landslide Grid,Non-Landslide Grid,"Grid (28.5, 95.5)",0,70.67940521240234,73.85369110107422,132.7347869873047,228.76577758789062,318.471435546875,0.42834472656249645,0.7782,2188.5263671875,3279.0,639.93310546875,21.3150950294866,44.5208106771956,7.267110190399066,10.75,171.0926055908203,238.39173889160156,38.476749420166016
2021-02-27,25.0,93.0,Non-Landslide Grid,Non-Landslide Grid,"Grid (25.0, 93.0)",0,0.0,0.0,0.0,0.0,0.0,0.1540069580078736,0.8075,384.5722351074219,1608.0,385.2471923828125,8.070900757120183,30.662939686285355,7.316109477494315,0.027777777777777776,64.66639709472656,154.00979614257812,53.41328811645508
2024-05-28,23.5,92.5,Non-Landslide Grid,Non-Landslide Grid,"Grid (23.5, 92.5)",0,60.258602142333984,104.17790985107422,133.58045959472656,141.41294860839844,246.11727905273438,0.42999267578125,0.7996000000000001,496.1630554199219,1128.0,215.22274780273438,10.230260678356062,29.680199679241476,5.2741438966790035,0.0,84.38279724121094,136.08900451660156,32.635520935058594
2025-05-30,25.5,91.75,Meghalaya,East Khasi Hills,Mylliem Landslide 2,1,140.50730895996094,148.46109008789062,196.48526000976562,387.7179260253906,528.7616577148438,0.5165710449218512,0.8818,1670.7216796875,913.0,153.39508056640625,5.919859729912694,32.03817497959001,5.573524917136624,0.1388888888888889,48.907474517822266,137.64651489257812,39.82622146606445
2024-04-08,25.75,93.0,Non-Landslide Grid,Non-Landslide Grid,"Grid (25.75, 93.0)",0,0.0,0.0,1.2652522325515747,24.05122947692871,43.486328125,0.3290023803710389,0.6958000000000001,152.81971740722656,298.0,59.06819152832031,1.7275602753606332,10.624935907251787,1.5943327614363987,0.0,14.700528144836426,38.704246520996094,12.037955284118652
2023-12-13,25.75,90.5,Non-Landslide Grid,Non-Landslide Grid,"Grid (25.75, 90.5)",0,0.2571679949760437,0.2571679949760437,19.087533950805664,19.087533950805664,31.35449981689453,0.4439773559570202,0.731,260.7177734375,657.0,128.99688720703125,3.405875858872556,18.423070514625486,2.6238666516202267,0.0,28.151630401611328,62.91084289550781,17.59585189819336
2024-11-02,24.25,93.25,Non-Landslide Grid,Non-Landslide Grid,"Grid (24.25, 93.25)",0,0.0,0.41518324613571167,0.41518324613571167,21.253944396972656,68.96112823486328,0.33134841918944447,0.9327,710.278076171875,1325.0,266.8094787597656,11.182344988352964,29.70887307272073,5.458826454143679,0.0,89.95402526855469,147.64993286132812,32.08061981201172
2024-07-09,27.25,94.25,Non-Landslide Grid,Non-Landslide Grid,"Grid (27.25, 94.25)",0,10.59819221496582,59.744102478027344,128.02716064453125,423.6680908203125,708.19677734375,0.4396171569825722,0.8397,90.68777465820312,33.0,4.043962001800537,0.1364869372330802,0.5361607172349981,0.0869927474703122,0.0,1.2822116613388062,2.345207929611206,0.582734227180481
2022-06-12,26.0,91.75,Assam,Kurung Kumey,Nizarpur_landslide Boragaon,1,13.608498573303223,41.863651275634766,66.1314697265625,116.78474426269531,347.572021484375,0.4834213256835976,0.9148,323.899169921875,766.0,135.91363525390625,4.957392974049627,20.61693827486847,3.3378267914883613,0.0,42.12355041503906,83.86418151855469,22.39252471923828
2022-08-23,27.5,95.25,Non-Landslide Grid,Non-Landslide Grid,"Grid (27.5, 95.25)",0,40.32795333862305,50.329654693603516,72.5199203491211,184.10084533691406,367.3747253417969,0.460090637207064,0.8612000000000001,117.98500061035156,28.0,4.4706196784973145,0.1522680908431731,0.9839881223169502,0.11251755501199873,0.0,1.4383965730667114,2.9790937900543213,0.814052939414978
2022-06-14,28.25,97.25,Non-Landslide Grid,Non-Landslide Grid,"Grid (28.25, 97.25)",0,19.0,50.19999694824219,73.79999542236328,87.5999984741211,224.99998474121094,0.42761230468750716,0.0568,4038.578857421875,2853.0,494.0306396484375,19.4569575784893,55.43572074199703,8.481996318199133,12.611111111111112,158.35350036621094,249.64828491210938,51.696624755859375
2024-06-28,26.5,90.25,Non-Landslide Grid,Non-Landslide Grid,"Grid (26.5, 90.25)",0,7.843039035797119,30.985029220581055,51.39358139038086,897.0697021484375,1225.5440673828125,0.4848861694336125,0.6738000000000001,59.386112213134766,279.0,14.850844383239746,0.25189229626896753,18.396578822541294,0.9049348328452662,0.0,2.1553163528442383,3.1034224033355713,6.661799430847168
2020-06-26,23.75,91.75,Non-Landslide Grid,Non-Landslide Grid,"Grid (23.75, 91.75)",0,3.9090194702148438,10.558781623840332,25.36247444152832,109.0176773071289,525.7557983398438,0.41963577270507657,0.8641000000000001,123.81305694580078,262.0,43.23754119873047,1.5564138210253045,12.083930312074296,1.4237959496706716,0.0,13.421937942504883,38.834102630615234,10.836121559143066
2025-08-13,26.75,91.5,Non-Landslide Grid,Non-Landslide Grid,"Grid (26.75, 91.5)",0,88.20834350585938,122.33055114746094,126.37518310546875,199.01036071777344,350.59490966796875,0.34132385253917175,0.7764000000000001,210.33778381347656,1310.0,207.87440490722656,3.043138950212208,33.61424590157977,5.138474649153563,0.1111111111111111,24.42031478881836,110.85054016113281,39.45051956176758
2024-06-25,28.0,94.75,Arunachal Pradesh,Lower Siang,Siji Landslide Likabali-Basar- Daporijo Road,1,55.37210464477539,78.87432098388672,114.26188659667969,208.8643341064453,396.71197509765625,0.4191970825195279,0.8962,868.9953002929688,1410.0,281.4892883300781,11.962375729382549,31.314883041830033,5.951567221273456,0.08333333333333334,95.5738525390625,158.34274291992188,36.94168472290039
2025-05-24,26.0,90.75,Non-Landslide Grid,Non-Landslide Grid,"Grid (26.0, 90.75)",0,0.1878148913383484,25.704408645629883,132.6599884033203,257.7137756347656,437.1854553222656,0.4882812499999952,0.609,76.9030532836914,437.0,66.00070190429688,1.5020054263511413,22.685480757896922,2.8754688123011016,0.0,12.693781852722168,63.36019515991211,21.62221908569336
2023-12-09,29.25,96.0,Non-Landslide Grid,Non-Landslide Grid,"Grid (29.25, 96.0)",0,3.1738152503967285,4.671156883239746,4.671156883239746,4.671156883239746,7.913230895996094,0.3799057006835579,0.0984,3878.079833984375,3163.0,629.399658203125,22.63858601854045,55.29292804553204,10.433435911884475,24.666666666666668,186.75059509277344,314.1125183105469,69.53962707519531
2020-08-11,24.75,94.0,Manipur,Imphal east,Khenjonglang Landslide,1,48.58967971801758,72.28985595703125,82.16642761230469,114.01820373535156,195.0157012939453,0.48997497558595077,0.8905000000000001,825.2747192382812,715.0,86.79336547851562,2.826579707596773,24.518171520500573,3.987665973213985,0.0,23.277711868286133,84.06521606445312,29.67618179321289
2021-12-21,27.0,93.5,Non-Landslide Grid,Non-Landslide Grid,"Grid (27.0, 93.5)",0,0.0,0.0,0.0,1.8882912397384644,3.30509090423584,0.16250610351568814,0.8440000000000001,355.9505615234375,1665.0,296.9815979003906,5.933726472852088,32.66514584979479,6.165044312996405,0.1111111111111111,49.377342224121094,140.6566925048828,47.237037658691406
2025-11-20,28.0,94.5,Non-Landslide Grid,Non-Landslide Grid,"Grid (28.0, 94.5)",0,0.0,0.0,0.0,0.0,33.67955780029297,0.28456115722656106,0.7593000000000001,911.5819702148438,1760.0,309.78753662109375,13.328593092786441,33.05167063851376,5.77641490364223,0.25,106.9828872680664,164.1502685546875,33.62059020996094
2025-07-25,29.0,94.25,Non-Landslide Grid,Non-Landslide Grid,"Grid (29.0, 94.25)",0,0.14684459567070007,0.14684459567070007,20.697696685791016,65.08216094970703,238.7832489013672,0.42512512207031894,0.7993,3643.857666015625,2815.0,498.7054138183594,20.568498689017602,44.0719968704354,8.143864848690667,11.444444444444445,164.49147033691406,245.8472900390625,47.924293518066406
2025-04-29,28.5,95.0,Arunachal Pradesh,Upper Siang,Between Yingkiong and Pasighat,1,5.706225395202637,30.947856903076172,189.5716552734375,205.7845458984375,232.60562133789062,0.4213409423828244,0.8136,1234.52197265625,2357.0,553.1590576171875,18.97321622403712,39.05771946505936,7.2058900485037585,5.611111111111111,149.1695556640625,215.672607421875,41.325218200683594
2025-12-11,22.25,92.75,Non-Landslide Grid,Non-Landslide Grid,"Grid (22.25, 92.75)",0,0.0,0.0,0.0,0.0,0.0,0.17927551269531958,0.8733000000000001,268.3175048828125,711.0,127.03475189208984,6.392025864742884,21.465236016838873,4.5493130622143605,0.0,55.32823181152344,107.2934341430664,30.79429817199707
2023-11-27,28.5,95.0,Non-Landslide Grid,Non-Landslide Grid,"Grid (28.5, 95.0)",0,0.0,0.0,1.3793994188308716,3.3167672157287598,6.709239959716797,0.25677490234393224,0.9062,1234.52197265625,2357.0,553.1590576171875,18.97321622403712,39.05771946505936,7.2058900485037585,5.611111111111111,149.1695556640625,215.672607421875,41.325218200683594
2021-12-14,24.25,93.25,Non-Landslide Grid,Non-Landslide Grid,"Grid (24.25, 93.25)",0,0.0,0.0,34.31254577636719,60.22926330566406,60.22926330566406,0.33753967285155173,0.8736,710.278076171875,1325.0,266.8094787597656,11.182344988352964,29.70887307272073,5.458826454143679,0.0,89.95402526855469,147.64993286132812,32.08061981201172
2021-07-19,24.75,93.25,Manipur,Tamenglong,Sibilong Temple,1,20.735689163208008,30.207355499267578,56.05010223388672,80.98531341552734,158.83302307128906,0.41824340820312766,0.8749,391.63970947265625,1431.0,303.173828125,9.487265584750292,34.49709226203304,6.790725772983349,0.3611111111111111,75.60086822509766,152.48123168945312,46.09552001953125
2020-02-27,25.75,94.5,Non-Landslide Grid,Non-Landslide Grid,"Grid (25.75, 94.5)",0,0.4225831925868988,5.945502758026123,6.649807929992676,13.636125564575195,20.223512649536133,0.4384841918946526,0.8075,1396.2308349609375,2013.0,408.9830322265625,16.617851510009896,35.81275418340396,6.12449676554779,0.4166666666666667,128.43576049804688,179.00991821289062,30.28059196472168
2025-09-24,28.0,95.75,Non-Landslide Grid,Non-Landslide Grid,"Grid (28.0, 95.75)",0,1.461336612701416,1.461336612701416,5.847105979919434,27.478364944458008,81.56402587890625,0.42242431640627814,0.735,171.66221618652344,722.0,49.30070114135742,0.4719888783910699,17.954853852767833,1.0716985973237028,0.0,3.549304723739624,7.690090179443359,7.308851718902588
2021-09-25,28.75,94.75,Non-Landslide Grid,Non-Landslide Grid,"Grid (28.75, 94.75)",0,0.1286778599023819,9.370437622070312,36.87053298950195,100.32814025878906,526.7540283203125,0.4164161682128773,0.9024,1346.776611328125,2496.0,500.8155822753906,21.126720099482604,42.692614624157635,7.449301184118711,10.222222222222223,167.07745361328125,231.20486450195312,38.11601638793945
2022-11-05,25.5,91.75,Non-Landslide Grid,Non-Landslide Grid,"Grid (25.5, 91.75)",0,0.0,2.3542795181274414,2.3542795181274414,170.58140563964844,255.675537109375,0.3943634033203015,0.7556,1670.7216796875,913.0,153.39508056640625,5.919859729912694,32.03817497959001,5.573524917136624,0.1388888888888889,48.907474517822266,137.64651489257812,39.82622146606445
2024-11-14,28.25,94.25,Non-Landslide Grid,Non-Landslide Grid,"Grid (28.25, 94.25)",0,0.0,0.0,0.0,9.895156860351562,32.12655258178711,0.33134841918946223,0.9063,1888.3660888671875,3573.0,785.7053833007812,19.692724875259685,42.70369433344942,6.757839891531304,5.305555555555555,155.3228302001953,222.8927459716797,38.04297637939453
2023-06-23,27.0,93.75,Arunachal Pradesh,Papum pare,"Karsingsa Landslide NH-415, between Bandardeva and",1,16.014650344848633,64.4078598022461,197.96881103515625,370.5803527832031,464.2953186035156,0.42031860351571926,0.6665,141.790283203125,561.0,89.47208404541016,1.5707203689471758,18.980671243667295,2.58089755269254,0.0,12.962088584899902,56.661376953125,19.76386070251465
2024-06-30,25.75,92.0,Meghalaya,Sumer Landslide,"GS Road, Ri Bhoi NH",1,10.941681861877441,25.977739334106445,62.263816833496094,192.79583740234375,377.4544677734375,0.44876098632812506,0.773,917.2408447265625,859.0,130.39633178710938,4.714470137470853,21.87834296680697,3.6313367608752385,0.0,39.3952522277832,86.12773895263672,23.6353702545166
2024-05-28,25.75,92.0,Meghalaya,Mawlai Landslide,East Khasi Hills,1,78.93964385986328,109.86972045898438,116.60028076171875,149.37960815429688,220.63284301757812,0.48151397705077237,0.5917,917.2408447265625,859.0,130.39633178710938,4.714470137470853,21.87834296680697,3.6313367608752385,0.0,39.3952522277832,86.12773895263672,23.6353702545166
2024-05-16,25.25,93.25,Non-Landslide Grid,Non-Landslide Grid,"Grid (25.25, 93.25)",0,0.0,0.0,10.134111404418945,83.37310791015625,140.06008911132812,0.40315246582028996,0.7056,785.26806640625,1527.0,353.894287109375,10.280514172000354,35.57332360132202,6.220787235002333,0.1111111111111111,81.5216064453125,148.7100830078125,41.36553955078125
2024-04-19,27.5,94.75,Non-Landslide Grid,Non-Landslide Grid,"Grid (27.5, 94.75)",0,0.0,13.767801284790039,13.767801284790039,34.53256607055664,134.03854370117188,0.41864776611342225,0.5936,104.59388732910156,38.0,5.581822395324707,0.1302345706068359,1.1555514767930655,0.1032864828524461,0.0,1.1642005443572998,2.423840045928955,0.6909770369529724
2020-03-13,28.75,95.25,Non-Landslide Grid,Non-Landslide Grid,"Grid (28.75, 95.25)",0,0.534725546836853,5.855327129364014,21.65846061706543,27.477567672729492,60.160274505615234,0.41561508178714657,0.7793,2736.5224609375,3024.0,680.1970825195312,21.292541129227764,46.450576090691925,7.699032234102267,12.694444444444445,169.8072052001953,251.97125244140625,46.55298614501953
2021-10-31,25.75,95.0,Non-Landslide Grid,Non-Landslide Grid,"Grid (25.75, 95.0)",0,0.0,4.095799922943115,4.095799922943115,26.792713165283203,94.28294372558594,0.4040069580080892,0.8704000000000001,2020.5455322265625,3087.0,537.7276000976562,18.753234031214408,39.29192585682716,6.476647085143816,3.75,146.69252014160156,212.79164123535156,37.31854248046875
2024-06-30,27.25,93.0,Arunachal Pradesh,East Kameng,Bana Landslide Bana Chepa Road,1,41.11354064941406,101.16602325439453,141.06744384765625,334.2637939453125,438.9986572265625,0.42993927001952936,0.7894,1055.2911376953125,1795.0,369.5699157714844,14.651790736714245,36.79736456471443,6.273287109789744,1.0833333333333335,117.70903015136719,182.6220245361328,37.93098068237305
2022-07-10,23.5,92.75,Non-Landslide Grid,Non-Landslide Grid,"Grid (23.5, 92.75)",0,5.361626148223877,45.58005142211914,135.31773376464844,194.9141387939453,394.53973388671875,0.4280700683593698,0.917,685.7172241210938,1302.0,248.54957580566406,11.267666801025864,31.39810393250354,5.372568735051805,0.08333333333333334,92.36515808105469,149.06800842285156,30.36924171447754
2022-05-15,25.25,93.0,Assam,Dima Hasao,DF1 Near Halflong Railway Station,1,13.70791244506836,171.51666259765625,325.0523681640625,348.9837951660156,558.1865234375,0.47109222412107926,0.7867000000000001,581.3922119140625,1271.0,220.6673126220703,7.95753565762605,30.952647139700577,4.65836575833331,0.027777777777777776,63.11333465576172,118.19319915771484,29.522968292236328
2020-03-27,27.75,95.25,Non-Landslide Grid,Non-Landslide Grid,"Grid (27.75, 95.25)",0,0.0,0.0,0.44723424315452576,9.69482707977295,35.47645568847656,0.338287353515742,0.4803,125.48472595214844,291.0,27.575366973876953,0.34078742448928545,10.445190427141654,0.9687570359525315,0.0,2.876985788345337,6.0,7.575013637542725
2023-01-19,25.25,94.25,Non-Landslide Grid,Non-Landslide Grid,"Grid (25.25, 94.25)",0,0.0,0.0,0.0,0.0,17.327198028564453,0.2876281738281361,0.6127,1430.0185546875,1384.0,287.5816345214844,11.674566235110182,28.340971183162768,5.219642748494721,0.0,90.2953109741211,142.03536987304688,29.378387451171875
2024-08-14,25.75,94.0,Nagaland,Zubza Landslide,Kohima Dimapur Highway NH 29,1,0.521349310874939,23.868669509887695,84.11568450927734,190.40682983398438,305.0149230957031,0.46545410156259887,0.9207,1057.0296630859375,2478.0,501.8348388671875,12.132001583102527,38.017046564435354,6.381968560798878,0.9722222222222222,94.8803939819336,172.8865203857422,42.01777267456055
2020-02-20,26.0,93.75,Non-Landslide Grid,Non-Landslide Grid,"Grid (26.0, 93.75)",0,0.0,0.0,0.12144330143928528,1.0813242197036743,1.8239848613739014,0.3466567993163231,0.4702,170.7897186279297,836.0,66.41282653808594,0.7315379951505613,17.308978020483142,1.6631596125564576,0.0,5.739075660705566,16.6248722076416,11.79712200164795
2024-06-17,25.5,91.5,Meghalaya,Khasi Markasa Landslide,Markasa under Mawthadraishan block village,1,29.035799026489258,144.39581298828125,215.94882202148438,340.6443176269531,853.2484130859375,0.4999084472655741,0.7542,1595.5714111328125,666.0,96.28884887695312,3.7327363226589427,16.87545099500921,2.7080440699585675,0.0,31.887956619262695,68.39764404296875,18.14517593383789
2020-04-01,29.0,95.5,Non-Landslide Grid,Non-Landslide Grid,"Grid (29.0, 95.5)",0,0.0,3.433696985244751,16.277767181396484,21.495773315429688,47.74772644042969,0.4287109374999981,0.7048,3238.650390625,1992.0,479.2296142578125,16.469424165397974,39.59498671028408,6.6568879602393976,1.7500000000000002,131.6859130859375,193.20579528808594,37.1080436706543
2025-06-16,26.75,94.75,Non-Landslide Grid,Non-Landslide Grid,"Grid (26.75, 94.75)",0,40.55681610107422,68.2038345336914,75.413330078125,111.05291748046875,230.26156616210938,0.4887771606444473,0.8436,300.79888916015625,1311.0,238.7985076904297,6.248032468997579,27.469179200102825,6.258762224316587,0.0,48.02571105957031,125.76162719726562,44.185550689697266
2025-03-15,24.5,94.0,Non-Landslide Grid,Non-Landslide Grid,"Grid (24.5, 94.0)",0,11.84939956665039,21.088560104370117,21.088560104370117,41.17447280883789,43.59031295776367,0.2579956054684814,0.3268,871.6072387695312,739.0,146.46446228027344,3.882956415666678,20.998478770717725,4.831692814791372,0.0,31.758710861206055,100.81731414794922,35.78030014038086
2020-09-24,25.75,92.0,Meghalaya,East Khasi Hills,landslide at Ryndang briew,1,38.44575119018555,102.68484497070312,133.42994689941406,231.90248107910156,302.9595642089844,0.47122192382809763,0.8184,917.2408447265625,859.0,130.39633178710938,4.714470137470853,21.87834296680697,3.6313367608752385,0.0,39.3952522277832,86.12773895263672,23.6353702545166
2025-03-20,28.25,95.75,Non-Landslide Grid,Non-Landslide Grid,"Grid (28.25, 95.75)",0,0.0,4.587948799133301,41.06294631958008,54.31413650512695,117.3919906616211,0.4586372375488036,0.7185,807.4439086914062,2630.0,650.5936279296875,12.186972084827884,43.34744990114847,11.453413973361945,8.722222222222223,96.88633728027344,238.21914672851562,86.88335418701172
2025-05-30,26.0,91.75,Meghalaya,Ri Bhoi,Byrnihat Landslide,1,63.76811981201172,76.97537231445312,92.93867492675781,169.11962890625,273.59130859375,0.5051498413085942,0.7742,323.899169921875,766.0,135.91363525390625,4.957392974049627,20.61693827486847,3.3378267914883613,0.0,42.12355041503906,83.86418151855469,22.39252471923828
2024-02-21,26.0,90.0,Non-Landslide Grid,Non-Landslide Grid,"Grid (26.0, 90.0)",0,0.0,0.0,0.0,0.0,0.0,0.08779907226573909,0.2065,28.898611068725586,63.0,3.724393844604492,0.16355472571313043,4.5485220386263,0.26157735444069063,0.0,1.4790419340133667,3.221024751663208,1.801880955696106
2020-08-14,27.5,96.0,Non-Landslide Grid,Non-Landslide Grid,"Grid (27.5, 96.0)",0,33.87394714355469,90.01288604736328,150.76560974121094,155.07705688476562,404.51422119140625,0.4277954101563435,0.7877000000000001,201.21360778808594,532.0,78.42937469482422,1.1679882519971398,15.455060228625408,2.348388527453235,0.0,9.16063117980957,51.294803619384766,17.13377571105957
2022-05-15,25.0,92.75,Assam,Dima Hasao,nachangjol_4 nachangjol,1,17.392393112182617,209.87167358398438,389.2757263183594,429.9621276855469,673.3184814453125,0.47242736816394554,0.7506,274.126953125,1465.0,315.2989196777344,7.0296151565544855,32.894933863241256,6.950774825954634,0.05555555555555555,56.27210235595703,144.00457763671875,50.87444305419922
2022-05-15,25.25,93.0,Assam,Dima Hasao,"L17 Near Kendri Vidyalaya, Halflong",1,13.70791244506836,171.51666259765625,325.0523681640625,348.9837951660156,558.1865234375,0.47109222412107926,0.7867000000000001,581.3922119140625,1271.0,220.6673126220703,7.95753565762605,30.952647139700577,4.65836575833331,0.027777777777777776,63.11333465576172,118.19319915771484,29.522968292236328
2021-09-05,26.0,90.25,Non-Landslide Grid,Non-Landslide Grid,"Grid (26.0, 90.25)",0,2.2671499252319336,6.610886573791504,71.48358154296875,171.43447875976562,306.3412780761719,0.37214660644527525,0.7729,50.90361022949219,310.0,41.2567024230957,0.7424694772682515,13.43728086740383,1.4107051372004447,0.0,6.2733612060546875,31.28388023376465,10.727988243103027
2023-08-18,28.75,96.25,Non-Landslide Grid,Non-Landslide Grid,"Grid (28.75, 96.25)",0,0.0,5.407431125640869,33.112003326416016,73.84358215332031,144.2355194091797,0.40564727783204724,0.8853000000000001,3210.4736328125,3306.0,719.7034912109375,23.99762422595875,49.53772416743089,8.530394338579427,26.13888888888889,197.56056213378906,283.3199768066406,50.37244415283203
2021-09-22,28.25,93.75,Non-Landslide Grid,Non-Landslide Grid,"Grid (28.25, 93.75)",0,1.5660052299499512,1.5660052299499512,43.39719009399414,93.14200592041016,231.95217895507812,0.40545272827149487,0.8388,2163.187744140625,3233.0,651.02685546875,21.59219516730122,43.9618607568965,7.902084776124613,14.63888888888889,170.12351989746094,251.8534393310547,47.64670944213867
2022-04-06,28.75,96.5,Non-Landslide Grid,Non-Landslide Grid,"Grid (28.75, 96.5)",0,0.0,0.0,0.0,0.0,0.0,0.4189453124999652,0.5875,4022.5810546875,2639.0,468.3454895019531,23.773225686123318,50.071104792786485,9.196028748530004,27.97222222222222,197.5394287109375,286.3636169433594,50.75253677368164
2021-03-11,22.5,93.0,Non-Landslide Grid,Non-Landslide Grid,"Grid (22.5, 93.0)",0,0.0,0.6449323296546936,0.9599833488464355,1.24357008934021,1.24357008934021,0.12272644042971714,0.4593,878.2855834960938,1778.0,377.2521057128906,14.638061184349539,36.38334612643967,5.925709104680568,0.4444444444444444,117.57864379882812,173.31338500976562,32.15381622314453
2025-01-28,26.25,90.75,Non-Landslide Grid,Non-Landslide Grid,"Grid (26.25, 90.75)",0,0.0,0.0,0.0,0.0,0.46757009625434875,0.1414260864256679,0.6148,40.997222900390625,246.0,14.89873218536377,0.38377147259691174,15.07324362771753,1.2015252087860544,0.0,3.3882267475128174,8.346028327941895,9.299248695373535
2023-11-06,25.25,92.0,Meghalaya,East Khasi Hills,Pynursla Landslide Riwar Mihngi circle,1,0.0,0.0,0.0,11.838983535766602,50.87947082519531,0.33813476562499795,0.8039000000000001,590.8108520507812,1570.0,435.5477600097656,8.655130744459786,36.39337693572617,8.119865728794037,0.5833333333333334,68.98914337158203,174.39125061035156,59.300682067871094
2024-08-16,29.0,95.75,Non-Landslide Grid,Non-Landslide Grid,"Grid (29.0, 95.75)",0,6.128831386566162,29.95456886291504,145.4521026611328,339.29345703125,489.5328369140625,0.41777801513672097,0.9034,2693.1171875,2659.0,597.2941284179688,20.04413101306634,46.30535104953282,8.14454990383965,11.277777777777779,157.62924194335938,251.07626342773438,49.54834747314453
2025-04-24,29.0,96.0,Non-Landslide Grid,Non-Landslide Grid,"Grid (29.0, 96.0)",0,49.02140808105469,74.63578796386719,78.33356475830078,95.13640594482422,113.42790222167969,0.4292144775390554,0.0566,3238.937744140625,3112.0,664.682373046875,24.70703779221241,51.511660889015396,9.342224607226497,28.944444444444446,198.64381408691406,308.54248046875,59.09025192260742
2020-06-26,27.25,94.75,Non-Landslide Grid,Non-Landslide Grid,"Grid (27.25, 94.75)",0,29.849267959594727,181.31558227539062,262.6941833496094,374.1571350097656,623.3246459960938,0.4989585876466023,0.6743,98.56222534179688,20.0,3.0542349815368652,0.1346666252805236,0.7194751504933604,0.08796323190569202,0.0,1.2764827013015747,2.345207929611206,0.5854437351226807
2022-01-17,22.25,93.0,Non-Landslide Grid,Non-Landslide Grid,"Grid (22.25, 93.0)",0,0.0,0.0,0.0,0.0,0.0,0.17215728759762888,0.8411000000000001,830.5391845703125,1713.0,368.15631103515625,13.951789397076686,32.145788573499885,5.829028624295589,0.16666666666666669,110.75762176513672,168.91220092773438,31.81842803955078
2020-07-11,23.5,92.75,Mizoram,Aizawl,Melriat_1,1,16.74242401123047,62.6292839050293,72.2113037109375,130.67575073242188,180.22970581054688,0.4205551147460943,0.5853,685.7172241210938,1302.0,248.54957580566406,11.267666801025864,31.39810393250354,5.372568735051805,0.08333333333333334,92.36515808105469,149.06800842285156,30.36924171447754
2020-12-30,27.0,94.25,Non-Landslide Grid,Non-Landslide Grid,"Grid (27.0, 94.25)",0,0.0,0.0,0.0,0.0,0.0,0.2627639770506339,0.4901,86.0183334350586,14.0,2.3724570274353027,0.15339693133018162,0.7595510239630698,0.09990164677995549,0.0,1.5030637979507446,2.7613401412963867,0.6967684626579285
2024-06-30,25.75,92.0,Meghalaya,Umiam Landslide,"3 GS Road, Ri Bhoi NH",1,10.941681861877441,25.977739334106445,62.263816833496094,192.79583740234375,377.4544677734375,0.44876098632812506,0.773,917.2408447265625,859.0,130.39633178710938,4.714470137470853,21.87834296680697,3.6313367608752385,0.0,39.3952522277832,86.12773895263672,23.6353702545166
2021-05-31,27.0,93.5,Arunachal Pradesh,Papum Pare,Near Indira Gandhi Park entry gate,1,14.713866233825684,16.48174476623535,25.583059310913086,116.35430908203125,202.16856384277344,0.4097595214844291,0.7824,355.9505615234375,1665.0,296.9815979003906,5.933726472852088,32.66514584979479,6.165044312996405,0.1111111111111111,49.377342224121094,140.6566925048828,47.237037658691406
2024-12-28,27.25,96.0,Non-Landslide Grid,Non-Landslide Grid,"Grid (27.25, 96.0)",0,0.0,0.0,0.0,0.0,0.0,0.28364562988284925,0.8901,630.7230834960938,1881.0,400.9184265136719,8.979290868713843,30.2655513053063,6.4156578390951085,0.027777777777777776,69.11734008789062,144.3175811767578,43.464378356933594
2025-09-10,23.25,91.75,Non-Landslide Grid,Non-Landslide Grid,"Grid (23.25, 91.75)",0,2.0400338172912598,34.63994216918945,91.10195922851562,138.8998260498047,307.17041015625,0.4628982543944237,0.87,83.91638946533203,225.0,33.92729187011719,1.2443996127615193,8.236260822728928,1.1561737433334793,0.0,10.26632022857666,26.470144271850586,7.961842060089111
2023-09-21,24.25,92.75,Non-Landslide Grid,Non-Landslide Grid,"Grid (24.25, 92.75)",0,82.57235717773438,141.20895385742188,144.9247283935547,288.7197265625,467.6556701660156,0.42360687255859353,0.8280000000000001,251.05860900878906,821.0,166.82513427734375,6.891413606248748,23.3031321838253,5.0838525551102505,0.0,55.972328186035156,116.29582214355469,32.777156829833984
2025-11-18,25.5,93.0,Non-Landslide Grid,Non-Landslide Grid,"Grid (25.5, 93.0)",0,0.0,0.0,0.0,18.228723526000977,31.645872116088867,0.3856353759765338,0.8655,260.9808349609375,528.0,109.60199737548828,3.776929962821571,21.606093697370188,3.0086132985999514,0.0,32.426116943359375,75.30668640136719,21.059011459350586
2025-08-03,26.5,90.75,Non-Landslide Grid,Non-Landslide Grid,"Grid (26.5, 90.75)",0,9.656998634338379,9.656998634338379,92.79194641113281,162.45184326171875,214.51535034179688,0.4496383666992372,0.8486,54.024444580078125,234.0,14.469660758972168,0.37174232379941785,14.821543779722273,1.1144722758464185,0.0,3.3137152194976807,3.9536359310150146,8.71249008178711
2022-05-15,25.25,93.0,Assam,Dima Hasao,"L22 Near Kendri Vidyalaya, Halflong",1,13.70791244506836,171.51666259765625,325.0523681640625,348.9837951660156,558.1865234375,0.47109222412107926,0.7867000000000001,581.3922119140625,1271.0,220.6673126220703,7.95753565762605,30.952647139700577,4.65836575833331,0.027777777777777776,63.11333465576172,118.19319915771484,29.522968292236328
2023-12-22,27.5,95.5,Non-Landslide Grid,Non-Landslide Grid,"Grid (27.5, 95.5)",0,0.0,0.0,0.0,13.807903289794922,13.807903289794922,0.34727478027352543,0.6114,131.9530487060547,104.0,8.866808891296387,0.2538773734100314,3.429389603379658,0.2686651310820663,0.0,2.1893973350524902,5.086747646331787,1.8324651718139648
2021-11-28,26.75,94.0,Non-Landslide Grid,Non-Landslide Grid,"Grid (26.75, 94.0)",0,0.0,0.0,8.009794235229492,8.009794235229492,20.031030654907227,0.2780609130859373,0.6536000000000001,84.86194610595703,29.0,5.00822639465332,0.17903397817091066,1.3870702743437402,0.1286096935612845,0.0,1.6630210876464844,3.1632628440856934,0.8715327382087708
2024-07-18,26.0,91.75,Meghalaya,Maupur Landslide,"Near Service Bhoi Merrily Station, Ri",1,37.69712448120117,72.07015228271484,127.76708984375,260.34796142578125,519.4237060546875,0.46468353271481244,0.5931000000000001,323.899169921875,766.0,135.91363525390625,4.957392974049627,20.61693827486847,3.3378267914883613,0.0,42.12355041503906,83.86418151855469,22.39252471923828
2020-07-08,23.0,92.5,Non-Landslide Grid,Non-Landslide Grid,"Grid (23.0, 92.5)",0,1.321516990661621,9.43148136138916,28.83303451538086,72.1993179321289,157.0222625732422,0.4244537353515819,0.869,194.51889038085938,710.0,145.86865234375,5.483978886517111,27.751427262465327,4.990859089538417,0.0,44.943424224853516,109.03978729248047,34.9382438659668
2025-05-30,25.75,92.0,Meghalaya,Ri Bhoi,Umsning Landslide,1,103.3324966430664,111.45738983154297,142.70361328125,261.2294921875,363.6540222167969,0.5154647827148221,0.6665,917.2408447265625,859.0,130.39633178710938,4.714470137470853,21.87834296680697,3.6313367608752385,0.0,39.3952522277832,86.12773895263672,23.6353702545166
2021-04-17,27.75,93.75,Non-Landslide Grid,Non-Landslide Grid,"Grid (27.75, 93.75)",0,3.3403897285461426,14.350320816040039,26.097654342651367,38.224185943603516,71.87001037597656,0.42470932006835327,0.7198,1453.1263427734375,1994.0,357.58099365234375,15.182590486794677,36.29878503196507,6.710351564314028,1.5277777777777777,120.02904510498047,194.6954803466797,42.93043518066406
2023-12-14,25.75,91.0,Non-Landslide Grid,Non-Landslide Grid,"Grid (25.75, 91.0)",0,0.0,0.0,8.101272583007812,12.310785293579102,20.45224952697754,0.4646530151367241,0.8038000000000001,612.0349731445312,1050.0,238.98846435546875,5.518916070345803,23.40411643741614,4.103124402802134,0.0,45.028480529785156,96.34597778320312,25.762800216674805
2022-04-10,25.0,93.25,Non-Landslide Grid,Non-Landslide Grid,"Grid (25.0, 93.25)",0,0.343082457780838,0.343082457780838,2.412644386291504,12.386926651000977,28.429155349731445,0.2272415161133173,0.7047,388.9544372558594,1577.0,313.54296875,8.403385222002298,40.00247247916611,6.875988133093646,0.5833333333333334,66.5434341430664,151.4106903076172,48.10566329956055
2024-07-02,23.75,92.75,Mizoram,Aizawl Zuangtui Landslide,Aizawl's locality Zuangtui,1,68.70724487304688,111.08206176757812,141.04322814941406,288.2622375488281,409.1598205566406,0.4286308288574242,0.8360000000000001,558.530029296875,1301.0,251.22454833984375,11.561747209331001,33.20981307339313,5.7138444190846345,0.25,94.32711791992188,152.0427703857422,34.32426834106445
2024-05-13,27.25,95.75,Non-Landslide Grid,Non-Landslide Grid,"Grid (27.25, 95.75)",0,0.0,5.969456195831299,23.84198570251465,172.5786895751953,387.6039733886719,0.438953399658242,0.6571,402.3658447265625,1416.0,295.2882995605469,7.01128463465975,28.806016082308474,6.958265903993761,0.0,55.06111145019531,146.06954956054688,49.84526443481445
2025-06-26,26.5,93.0,Non-Landslide Grid,Non-Landslide Grid,"Grid (26.5, 93.0)",0,0.0,23.133955001831055,58.283023834228516,116.81144714355469,310.4203796386719,0.48565673828118106,0.7783,168.4308319091797,661.0,166.31455993652344,2.8684557130330925,24.76766018774044,4.400372428445073,0.0,23.470603942871094,100.2459487915039,32.69191360473633
2022-06-17,25.25,92.0,Meghalaya,West Jaintia Hills,"Darrang_landslide Darrang Village, Dawki Police Station",1,156.6471710205078,440.83856201171875,676.9781494140625,1133.1318359375,1334.569580078125,0.4671783447265831,0.6887,590.8108520507812,1570.0,435.5477600097656,8.655130744459786,36.39337693572617,8.119865728794037,0.5833333333333334,68.98914337158203,174.39125061035156,59.300682067871094
2024-10-04,25.75,94.0,Nagaland,KMC Dumping Landslide Landslide Name,Near Kohima Municipal Council dumping Location old NH 29 (KMC) site NH/SH Affected,1,5.790184020996094,17.908985137939453,35.30450439453125,62.67340087890625,197.03610229492188,0.5036926269530525,0.9066,1057.0296630859375,2478.0,501.8348388671875,12.132001583102527,38.017046564435354,6.381968560798878,0.9722222222222222,94.8803939819336,172.8865203857422,42.01777267456055
2020-02-25,25.25,92.25,Non-Landslide Grid,Non-Landslide Grid,"Grid (25.25, 92.25)",0,0.0,0.0,0.0,0.3794516921043396,2.390641212463379,0.2802162170410149,0.779,776.0238647460938,1322.0,357.3675231933594,5.895885341126151,25.47091491614314,4.7990301285115855,0.0,47.91184997558594,115.95841217041016,34.28144836425781
2024-05-28,23.5,92.75,Mizoram,Aizawl Lungsei Landslide,Lungsei Village,1,75.6821517944336,124.16787719726562,149.87127685546875,158.71707153320312,266.5117492675781,0.42999267578125,0.789,685.7172241210938,1302.0,248.54957580566406,11.267666801025864,31.39810393250354,5.372568735051805,0.08333333333333334,92.36515808105469,149.06800842285156,30.36924171447754
2023-01-09,27.5,95.25,Non-Landslide Grid,Non-Landslide Grid,"Grid (27.5, 95.25)",0,0.0,0.0,0.0,13.313535690307617,13.547298431396484,0.3098754882812888,0.5378000000000001,117.98500061035156,28.0,4.4706196784973145,0.1522680908431731,0.9839881223169502,0.11251755501199873,0.0,1.4383965730667114,2.9790937900543213,0.814052939414978
2025-03-27,23.75,91.5,Non-Landslide Grid,Non-Landslide Grid,"Grid (23.75, 91.5)",0,0.0,0.0,0.0,2.701228141784668,2.701228141784668,0.19664764404282548,0.6028,80.13249969482422,216.0,39.730262756347656,1.0524201581852122,9.504236888385735,1.0460411323828493,0.0,8.788656234741211,23.749982833862305,7.339593887329102
2021-11-24,25.75,94.0,Non-Landslide Grid,Non-Landslide Grid,"Grid (25.75, 94.0)",0,0.0,0.0,0.0,0.0,0.6515048742294312,0.33177185058601827,0.8707,1057.0296630859375,2478.0,501.8348388671875,12.132001583102527,38.017046564435354,6.381968560798878,0.9722222222222222,94.8803939819336,172.8865203857422,42.01777267456055
2023-06-05,28.0,93.5,Arunachal Pradesh,Kurung Kumey,Kurung 1 near Kurung bridge,1,0.9959923028945923,8.668176651000977,10.291894912719727,43.83740997314453,95.11566162109375,0.40245056152343683,0.8842000000000001,1484.33642578125,2599.0,493.2527160644531,19.551023521149574,43.518193096968105,7.1927422143998125,7.638888888888889,155.8037567138672,234.24903869628906,41.94073486328125
2024-03-04,25.0,94.5,Non-Landslide Grid,Non-Landslide Grid,"Grid (25.0, 94.5)",0,0.0,0.0,0.0,33.237510681152344,37.27829360961914,0.17037963867184377,0.5903,1378.5263671875,2180.0,438.4300842285156,14.554947883626378,35.765322037924,5.378780229956303,0.19444444444444445,114.65390014648438,162.11016845703125,28.52706527709961
2025-10-30,26.25,95.0,Non-Landslide Grid,Non-Landslide Grid,"Grid (26.25, 95.0)",0,0.3155866861343384,1.512790560722351,19.230815887451172,19.230815887451172,151.69696044921875,0.38381958007837896,0.8776,1651.8433837890625,2099.0,427.3861389160156,16.836851288160602,35.73543845149518,5.834910603546995,0.6666666666666667,130.60438537597656,183.2027130126953,30.21045684814453
2020-10-24,28.0,96.5,Non-Landslide Grid,Non-Landslide Grid,"Grid (28.0, 96.5)",0,30.38076400756836,40.576820373535156,50.25111770629883,50.25111770629883,136.89105224609375,0.4292144775390621,0.9116,1515.6094970703125,2871.0,651.4829711914062,22.8996228764844,55.03617911554651,8.322263526866594,19.944444444444446,186.27854919433594,270.32135009765625,50.12175750732422
2023-11-24,25.5,90.75,Non-Landslide Grid,Non-Landslide Grid,"Grid (25.5, 90.75)",0,0.0,0.0,2.3798184394836426,11.056770324707031,23.04348373413086,0.3641967773437711,0.8205,390.7541809082031,869.0,137.77670288085938,4.502417572893615,24.515239572592176,3.4412196162224515,0.0,36.87894058227539,86.07024383544922,23.63579559326172
2024-03-13,28.0,96.25,Non-Landslide Grid,Non-Landslide Grid,"Grid (28.0, 96.25)",0,12.845355987548828,13.417024612426758,13.5182466506958,26.084989547729492,131.42933654785156,0.3476943969727378,0.8052,1010.63916015625,3248.0,717.9768676757812,14.608358823290267,50.58299895207718,11.25750624294583,9.5,115.78157806396484,248.3529510498047,84.56777954101562
2022-04-13,25.25,92.5,Meghalaya,Jaintia Hills,Byndihati-Umtyra_7 Between Byndihati and Umtyra,1,4.2119927406311035,15.343467712402344,20.91499900817871,66.46891784667969,231.5885467529297,0.4930801391601514,0.7032,819.6777954101562,1530.0,334.9479675292969,8.272812286185768,39.33030515212594,6.5070393989689945,1.0555555555555556,65.47273254394531,169.72897338867188,46.98260498046875
2024-05-17,25.5,91.75,Meghalaya,Shillong Landslide,"Near Assembly Meghalaya New builidng,",1,49.63161087036133,68.1050796508789,103.59251403808594,178.53298950195312,195.42086791992188,0.46910858154296153,0.7050000000000001,1670.7216796875,913.0,153.39508056640625,5.919859729912694,32.03817497959001,5.573524917136624,0.1388888888888889,48.907474517822266,137.64651489257812,39.82622146606445
2022-05-02,24.5,93.25,Non-Landslide Grid,Non-Landslide Grid,"Grid (24.5, 93.25)",0,25.166810989379883,38.469940185546875,41.514549255371094,125.47492980957031,188.3404083251953,0.32972717285156683,0.8104,358.87945556640625,1108.0,179.823974609375,8.805336483867881,31.15678605754892,5.150216097817887,0.05555555555555555,72.0702133178711,128.0958709716797,32.14580535888672
2024-07-04,25.25,90.75,Meghalaya,Garo Baghmara Landslide,Near Baghmara SBI,1,40.86098098754883,186.91006469726562,843.627685546875,1006.90380859375,2294.649169921875,0.48818206787114415,0.8479,220.2130584716797,990.0,198.9566192626953,5.50720102468387,27.625152906350095,4.717735264599902,0.0,45.642330169677734,112.03004455566406,33.80620574951172
2020-08-03,22.5,93.0,Mizoram,Lawngtlai,Electric_veng2,1,6.3838911056518555,133.8354034423828,165.57786560058594,274.95111083984375,493.0975341796875,0.42999267578124234,0.8691000000000001,878.2855834960938,1778.0,377.2521057128906,14.638061184349539,36.38334612643967,5.925709104680568,0.4444444444444444,117.57864379882812,173.31338500976562,32.15381622314453
2022-08-17,26.75,91.75,Non-Landslide Grid,Non-Landslide Grid,"Grid (26.75, 91.75)",0,0.0,2.8575634956359863,3.456695795059204,57.23311233520508,206.4317169189453,0.3980598449706448,0.7697,163.34722900390625,958.0,114.63761138916016,1.4725231527012836,28.998911576994054,2.624748023467814,0.0,11.794045448303223,60.72380828857422,20.014266967773438
2023-08-31,27.75,95.25,Non-Landslide Grid,Non-Landslide Grid,"Grid (27.75, 95.25)",0,0.0,6.25058126449585,69.18441009521484,181.57000732421875,369.3346862792969,0.4732437133789068,0.5106,125.48472595214844,291.0,27.575366973876953,0.34078742448928545,10.445190427141654,0.9687570359525315,0.0,2.876985788345337,6.0,7.575013637542725
2022-03-31,28.25,94.25,Non-Landslide Grid,Non-Landslide Grid,"Grid (28.25, 94.25)",0,21.80722427368164,24.61457061767578,61.635677337646484,84.90266418457031,86.03474426269531,0.42956924438476674,0.8244,1888.3660888671875,3573.0,785.7053833007812,19.692724875259685,42.70369433344942,6.757839891531304,5.305555555555555,155.3228302001953,222.8927459716797,38.04297637939453
2022-06-28,24.0,94.0,Non-Landslide Grid,Non-Landslide Grid,"Grid (24.0, 94.0)",0,9.400116920471191,20.599956512451172,147.3016815185547,245.91038513183594,340.0101318359375,0.42813110351579786,0.7356,1112.3905029296875,1970.0,384.6387023925781,13.368118460135134,30.430661338561226,5.088212487763951,0.027777777777777776,107.17179870605469,151.6919403076172,26.42008399963379
2021-02-17,25.25,94.5,Non-Landslide Grid,Non-Landslide Grid,"Grid (25.25, 94.5)",0,0.0,0.0,0.0,0.0,2.6958611011505127,0.17452239990227722,0.4309,1632.8397216796875,1869.0,348.2572326660156,12.750900990098021,29.15857245354523,5.04513226459475,0.0,99.7847900390625,144.70455932617188,25.71609115600586
2025-04-25,28.25,97.0,Arunachal Pradesh,Anjaw,Between Tezu to Kibithoo,1,51.33268737792969,129.7193603515625,131.71652221679688,133.92153930664062,164.19039916992188,0.4295272827148316,0.6438,2937.380615234375,3915.0,898.3536987304688,25.401639802241334,57.30023526726715,9.746530013211483,36.19444444444444,207.5095672607422,316.9516296386719,67.75711059570312
2021-07-09,26.0,93.25,Non-Landslide Grid,Non-Landslide Grid,"Grid (26.0, 93.25)",0,17.415803909301758,76.14649200439453,83.63348388671875,104.5252914428711,236.3529815673828,0.4456176757812721,0.8115,189.2513885498047,451.0,83.03459930419922,2.0104656236977556,16.68519870123601,2.0140117777215854,0.0,16.337059020996094,43.61671447753906,14.256046295166016
2025-09-12,26.75,95.0,Non-Landslide Grid,Non-Landslide Grid,"Grid (26.75, 95.0)",0,2.049330711364746,23.569774627685547,28.704673767089844,48.125282287597656,162.7981414794922,0.46693420410151226,0.8966000000000001,543.7974853515625,1130.0,251.58050537109375,9.127152051734038,26.91429558500754,5.211083181012855,0.0,71.07180786132812,124.88502502441406,33.10852813720703
2021-07-29,26.5,90.75,Non-Landslide Grid,Non-Landslide Grid,"Grid (26.5, 90.75)",0,27.2924747467041,68.8023452758789,73.2593994140625,211.43267822265625,547.7479858398438,0.42588043212891463,0.649,54.024444580078125,234.0,14.469660758972168,0.37174232379941785,14.821543779722273,1.1144722758464185,0.0,3.3137152194976807,3.9536359310150146,8.71249008178711
2020-05-14,24.75,92.5,Non-Landslide Grid,Non-Landslide Grid,"Grid (24.75, 92.5)",0,11.865764617919922,19.285171508789062,22.382064819335938,77.48753356933594,239.82579040527344,0.4526519775390203,0.7267,27.9325008392334,114.0,13.478446006774902,0.5745536247366787,7.060201323014502,0.7546805728025614,0.0,4.88978910446167,15.001809120178223,5.414361953735352
2021-08-02,25.25,93.75,Manipur,Tamenglong,Lamlenkon in Tujang Waichong,1,30.341489791870117,64.96284484863281,80.93930053710938,107.92147827148438,209.07034301757812,0.4204940795898507,0.8796,1232.69970703125,2240.0,469.18341064453125,14.479139277717076,44.38378731007046,7.1232052951327365,2.4166666666666665,113.90241241455078,199.898193359375,46.743064880371094
2024-06-15,25.5,90.25,Meghalaya,Garo Matchurigre Landslide,Tura 3 Road Williamnagar SH,1,97.52465057373047,188.85842895507812,222.22067260742188,494.72052001953125,1062.780517578125,0.45518493652347247,0.9006000000000001,456.1675109863281,1310.0,324.3319091796875,5.398804127806837,29.770511719549223,5.068353584541543,0.0,43.320011138916016,116.16681671142578,35.4824333190918
2022-04-23,24.25,92.0,Non-Landslide Grid,Non-Landslide Grid,"Grid (24.25, 92.0)",0,1.0530954599380493,7.963715553283691,58.991607666015625,77.62096405029297,109.54507446289062,0.3918685913085952,0.6239,68.33444213867188,234.0,36.19500732421875,1.3081239000365223,10.326522372387192,1.3754621604284945,0.0,10.753236770629883,33.304649353027344,10.289295196533203
2025-04-02,24.0,92.5,Non-Landslide Grid,Non-Landslide Grid,"Grid (24.0, 92.5)",0,0.0,0.0,0.0,1.5165122747421265,7.007543087005615,0.17123413085936495,0.7230000000000001,278.63360595703125,864.0,195.9539794921875,7.443317121808474,26.943935612493448,5.500279187235453,0.0,58.76435852050781,123.90907287597656,36.05270004272461
2025-05-30,27.25,92.5,Arunachal Pradesh,West Kameng,"Jamiri Landslide, NH 13",1,47.527095794677734,58.1901741027832,77.45635223388672,161.1716766357422,269.25543212890625,0.4597625732421819,0.5197,1794.7828369140625,2906.0,505.7755126953125,17.855747137024938,38.0996504030799,6.6024004892937915,2.666666666666667,142.90359497070312,204.2445526123047,35.54497146606445
2025-11-11,27.75,93.0,Non-Landslide Grid,Non-Landslide Grid,"Grid (27.75, 93.0)",0,0.0,0.0,0.0,29.536357879638672,31.9700870513916,0.3843994140624577,0.8718,1984.37255859375,3240.0,729.3819580078125,19.90465621898461,43.336736680601454,7.790866222869688,10.333333333333334,159.94017028808594,257.6097106933594,50.77695083618164
2024-06-10,27.25,88.5,Sikkim,Majua Landslide,Yangang area,1,41.2806282043457,78.03115844726562,196.40264892578125,333.4932861328125,461.4111633300781,0.4210052490234373,0.8236,1310.343017578125,2905.0,563.8278198242188,19.43016042352437,44.443769020233006,6.897398642525547,5.361111111111111,150.6671905517578,223.98939514160156,42.2029914855957
2024-06-15,25.5,90.25,Meghalaya,Garo Rongbretgre Landslide,Paikan 4 Road Tura Dalu NH,1,97.52465057373047,188.85842895507812,222.22067260742188,494.72052001953125,1062.780517578125,0.45518493652347247,0.9006000000000001,456.1675109863281,1310.0,324.3319091796875,5.398804127806837,29.770511719549223,5.068353584541543,0.0,43.320011138916016,116.16681671142578,35.4824333190918
2024-04-03,28.5,95.75,Non-Landslide Grid,Non-Landslide Grid,"Grid (28.5, 95.75)",0,7.339568138122559,65.24772644042969,68.42898559570312,135.53965759277344,165.68740844726562,0.4272689819335869,0.8326,1452.072509765625,2728.0,539.487060546875,22.310271837469433,43.22261989189705,8.01152758549326,17.333333333333336,182.08642578125,260.0995788574219,44.85043716430664
2023-10-27,27.25,94.25,Non-Landslide Grid,Non-Landslide Grid,"Grid (27.25, 94.25)",0,0.0,0.0,0.0,4.038520812988281,162.48365783691406,0.2888870239259313,0.7884,90.68777465820312,33.0,4.043962001800537,0.1364869372330802,0.5361607172349981,0.0869927474703122,0.0,1.2822116613388062,2.345207929611206,0.582734227180481
2025-06-25,27.5,92.75,Arunachal Pradesh,East Kameng,between Lada and Sachung,1,24.553955078125,71.46141815185547,112.02345275878906,132.97119140625,372.6695861816406,0.42266845703124933,0.8811,1803.6317138671875,2967.0,603.0645751953125,17.73978145129577,37.561653767107956,6.495172339377297,3.166666666666667,139.00157165527344,206.5306854248047,37.23012924194336
2025-02-18,27.0,92.5,Non-Landslide Grid,Non-Landslide Grid,"Grid (27.0, 92.5)",0,0.0,0.0,3.6934516429901123,7.246207237243652,19.971214294433594,0.3596954345704596,0.73,741.2086181640625,3050.0,695.518798828125,9.641513969355696,38.87096797564732,8.623184388668472,1.5,77.50574493408203,186.1094207763672,64.16087341308594
2024-07-02,25.5,91.25,Meghalaya,Khasi Tiehsaw Landslide,Nongstoin-Shillong Highway,1,157.67282104492188,748.0894775390625,955.1009521484375,1471.23974609375,2455.7802734375,0.47750091552736607,0.7565000000000001,1314.7471923828125,1195.0,194.55389404296875,3.6992724359140388,23.36189833434982,3.001264442394166,0.0,31.342395782470703,79.38065338134766,22.051706314086914
2024-06-15,25.5,90.25,Meghalaya,Garo Rongbretgre Landslide,Paikan 2 Road Tura Dalu NH,1,97.52465057373047,188.85842895507812,222.22067260742188,494.72052001953125,1062.780517578125,0.45518493652347247,0.9006000000000001,456.1675109863281,1310.0,324.3319091796875,5.398804127806837,29.770511719549223,5.068353584541543,0.0,43.320011138916016,116.16681671142578,35.4824333190918
2024-06-15,25.5,90.5,Meghalaya,Mangrure Landslide,Tura 3 Road Williamnagar SH,1,76.74958801269531,132.9657745361328,170.02198791503906,357.93109130859375,811.3975830078125,0.4961395263671592,0.8628,543.5358276367188,1175.0,224.3740997314453,5.480898761902344,28.045471172004955,4.568385134784606,0.0,43.9293327331543,112.02342224121094,32.36680221557617
2021-07-19,22.75,92.75,Mizoram,Lunglei,Bualpui,1,81.8281021118164,122.69612121582031,182.3152313232422,314.0861511230469,492.878173828125,0.42692947387695046,0.8675,471.7497253417969,1379.0,257.7286682128906,9.469634715442576,26.744698660572194,5.39070092400143,0.0,78.04711151123047,139.4850311279297,33.80046844482422
2024-08-12,25.0,94.25,Manipur,Hamleikhong Landslide,Hamleikhong Area,1,6.451497554779053,13.3624267578125,81.41950225830078,150.59573364257812,209.05484008789062,0.44514465332016145,0.9077,1233.2835693359375,1244.0,265.4721984863281,10.62303176740798,27.88183800191073,4.826559786669395,0.0,82.0025634765625,128.76394653320312,27.49030303955078
2023-09-18,28.0,95.0,Non-Landslide Grid,Non-Landslide Grid,"Grid (28.0, 95.0)",0,0.0,0.22523808479309082,0.4212695062160492,5.952493667602539,199.6033477783203,0.3933715820312431,0.8628,837.0311279296875,1798.0,399.0563659667969,12.274925900524995,33.17538171446187,7.039361689145617,0.3055555555555556,99.63040161132812,177.19049072265625,47.71099090576172
2025-04-29,27.75,93.5,Arunachal Pradesh,Kurung Kumey,Rite Landslide,1,5.789633750915527,8.720077514648438,47.27256774902344,58.30734634399414,72.19210052490234,0.4266738891601554,0.7709,1602.0572509765625,2656.0,483.55938720703125,16.271410052414023,38.71420090681496,6.355502250626034,1.25,128.99514770507812,191.6719207763672,36.09746551513672
2023-11-14,24.25,94.25,Non-Landslide Grid,Non-Landslide Grid,"Grid (24.25, 94.25)",0,0.0,0.0,0.0,0.0,9.429667472839355,0.3324203491211791,0.8871,480.40582275390625,1260.0,290.3222961425781,6.270173512438982,22.01110060871449,4.972308546349556,0.0,50.020259857177734,104.46087646484375,34.80989456176758
2022-06-19,27.0,93.75,Arunachal Pradesh,Papum Pare,Sood_landslide Sood Village near Yupia,1,31.783903121948242,84.7377700805664,215.82211303710938,331.9593200683594,452.6255187988281,0.44856262207042136,0.6799000000000001,141.790283203125,561.0,89.47208404541016,1.5707203689471758,18.980671243667295,2.58089755269254,0.0,12.962088584899902,56.661376953125,19.76386070251465
2023-09-15,27.75,94.0,Non-Landslide Grid,Non-Landslide Grid,"Grid (27.75, 94.0)",0,0.0,0.6102358102798462,5.485617160797119,10.401762008666992,186.85389709472656,0.39379119873044577,0.8454,1244.3663330078125,2129.0,494.1430969238281,16.013889717688308,36.17063874593479,5.910114147919774,0.9444444444444444,127.07389068603516,186.63514709472656,33.358192443847656
2020-11-18,28.0,93.0,Non-Landslide Grid,Non-Landslide Grid,"Grid (28.0, 93.0)",0,3.9087424278259277,3.9087424278259277,3.9087424278259277,22.933513641357422,79.45352935791016,0.4034423828124757,0.8455,3162.72998046875,4088.0,893.5396728515625,19.99907276832525,47.08631367181521,8.671537903877596,13.444444444444445,159.58934020996094,260.4654235839844,60.073890686035156
2022-04-27,27.25,94.5,Non-Landslide Grid,Non-Landslide Grid,"Grid (27.25, 94.5)",0,7.3078131675720215,26.83173179626465,118.2020263671875,262.82977294921875,426.9244079589844,0.4836196899414003,0.6419,93.84222412109375,14.0,2.522806167602539,0.14395948667497072,0.5202768828274156,0.08740411474298848,0.0,1.3913774490356445,2.4494898319244385,0.5659976601600647
2024-06-29,26.0,94.5,Nagaland,DC Hill Landslide,DC Area Hill West,1,12.023167610168457,55.84086227416992,117.5239486694336,199.91622924804688,282.8516845703125,0.4770507812500742,0.7795000000000001,1244.903564453125,1890.0,397.21783447265625,13.931444881552304,31.178667353635422,5.726795467043445,0.05555555555555555,109.29522705078125,155.17295837402344,28.6873722076416
2020-07-09,25.5,91.5,Meghalaya,West Khasi Hills,Mawthawpdah-Rangdikhew road,1,20.039541244506836,26.769407272338867,44.036720275878906,422.7292175292969,553.5531616210938,0.4816589355469249,0.7819,1595.5714111328125,666.0,96.28884887695312,3.7327363226589427,16.87545099500921,2.7080440699585675,0.0,31.887956619262695,68.39764404296875,18.14517593383789
2020-08-31,23.5,92.75,Mizoram,Aizawl,Maubuang_1,1,3.712257146835327,7.8426923751831055,35.36960983276367,69.35550689697266,185.97210693359375,0.41857147216797863,0.8390000000000001,685.7172241210938,1302.0,248.54957580566406,11.267666801025864,31.39810393250354,5.372568735051805,0.08333333333333334,92.36515808105469,149.06800842285156,30.36924171447754
2024-09-01,25.5,91.0,Non-Landslide Grid,Non-Landslide Grid,"Grid (25.5, 91.0)",0,0.5912339091300964,8.979454040527344,13.469833374023438,371.07379150390625,811.7301025390625,0.4440765380859649,0.8708,700.3352661132812,904.0,197.0113983154297,3.9853455760401912,18.673013942057693,2.572380468470659,0.0,33.65732955932617,68.69902038574219,17.522661209106445
2020-08-25,25.0,93.25,Non-Landslide Grid,Non-Landslide Grid,"Grid (25.0, 93.25)",0,0.5816541910171509,10.637008666992188,51.75228500366211,137.5332489013672,215.59449768066406,0.39333343505866547,0.8765000000000001,388.9544372558594,1577.0,313.54296875,8.403385222002298,40.00247247916611,6.875988133093646,0.5833333333333334,66.5434341430664,151.4106903076172,48.10566329956055
2025-06-21,25.75,92.25,Non-Landslide Grid,Non-Landslide Grid,"Grid (25.75, 92.25)",0,0.0,10.397289276123047,30.869482040405273,48.146263122558594,303.38189697265625,0.45598602294915863,0.8177000000000001,863.1525268554688,623.0,112.7856674194336,4.351224953933891,20.40236602542277,3.2202939845624936,0.0,36.13096618652344,77.72660827636719,21.264589309692383
2020-07-10,25.5,91.5,Meghalaya,West Khasi Hills,Mawthawiang,1,128.7561798095703,151.38868713378906,168.03773498535156,525.638427734375,682.309326171875,0.4547271728515654,0.7819,1595.5714111328125,666.0,96.28884887695312,3.7327363226589427,16.87545099500921,2.7080440699585675,0.0,31.887956619262695,68.39764404296875,18.14517593383789
2020-04-11,29.25,96.0,Non-Landslide Grid,Non-Landslide Grid,"Grid (29.25, 96.0)",0,2.3999998569488525,9.5,13.899999618530273,43.999996185302734,48.999996185302734,0.3809890747069633,-0.031,3878.079833984375,3163.0,629.399658203125,22.63858601854045,55.29292804553204,10.433435911884475,24.666666666666668,186.75059509277344,314.1125183105469,69.53962707519531
2020-07-22,25.75,92.75,Non-Landslide Grid,Non-Landslide Grid,"Grid (25.75, 92.75)",0,3.611445665359497,20.787269592285156,21.97340965270996,48.4620475769043,143.17071533203125,0.4858818054198918,0.8583000000000001,300.461669921875,705.0,183.7952117919922,3.048803559917997,16.157152691267846,2.574562197381793,0.0,25.4659423828125,62.73475646972656,19.108924865722656
2024-09-23,27.25,88.75,Non-Landslide Grid,Non-Landslide Grid,"Grid (27.25, 88.75)",0,0.0,6.51983118057251,7.395754814147949,113.50483703613281,274.1077575683594,0.4047546386718889,0.862,2281.115234375,3875.0,931.9912719726562,19.22510805217614,39.47537466975562,6.940427131364258,5.138888888888888,149.77212524414062,222.42568969726562,41.1932373046875
2023-09-29,26.25,93.25,Non-Landslide Grid,Non-Landslide Grid,"Grid (26.25, 93.25)",0,0.0,0.0,16.986156463623047,84.88095092773438,167.31497192382812,0.4620590209959796,0.8314,421.1025085449219,1197.0,233.43887329101562,5.674969062576112,22.480056599441713,4.336467390033529,0.0,45.47773742675781,97.27072143554688,29.292335510253906
2020-05-24,27.5,88.75,Sikkim,North Sikkim,Satala Landslide,1,48.47993469238281,70.46832275390625,102.5274658203125,176.60267639160156,235.68386840820312,0.42671966552734325,0.099,3655.463623046875,3785.0,916.703857421875,20.971574388527277,46.42993270893594,8.447305502800985,15.611111111111112,171.92767333984375,259.5278625488281,51.53205490112305
2025-07-17,28.0,88.75,Non-Landslide Grid,Non-Landslide Grid,"Grid (28.0, 88.75)",0,8.883559226989746,38.147369384765625,54.36565017700195,140.96156311035156,264.1083679199219,0.3428955078124875,0.3043,5345.33984375,2546.0,353.6031799316406,11.940326848003412,49.87206356528429,9.433900011259778,6.138888888888889,95.97996520996094,262.2076110839844,75.36775207519531
2024-04-26,27.5,88.5,Non-Landslide Grid,Non-Landslide Grid,"Grid (27.5, 88.5)",0,0.0,5.465085029602051,29.072086334228516,145.14022827148438,216.00006103515625,0.41534423828124495,0.8320000000000001,2168.81982421875,3697.0,796.494384765625,23.632660743125502,49.23240538360047,7.919056484581935,20.916666666666668,188.52566528320312,282.9498291015625,52.20234680175781
2020-09-23,28.25,94.0,Non-Landslide Grid,Non-Landslide Grid,"Grid (28.25, 94.0)",0,29.16547966003418,45.16736602783203,135.1328887939453,294.4834289550781,457.60546875,0.4258728027343769,0.1174,1662.87109375,3236.0,655.32568359375,22.501211133020682,44.92387386698158,7.803639257474414,17.22222222222222,179.7222900390625,264.5437316894531,46.65967559814453
2020-06-02,24.75,93.25,Manipur,Tamenglong,Imphal-Jiribam Landslide-1,1,60.06237030029297,69.67337799072266,136.91305541992188,173.9868927001953,212.57699584960938,0.40348052978513754,0.8546,391.63970947265625,1431.0,303.173828125,9.487265584750292,34.49709226203304,6.790725772983349,0.3611111111111111,75.60086822509766,152.48123168945312,46.09552001953125
2021-03-28,25.75,93.75,Non-Landslide Grid,Non-Landslide Grid,"Grid (25.75, 93.75)",0,0.0,0.0,0.0,2.384387969970703,10.550603866577148,0.2457199096679472,0.5904,323.7869567871094,1453.0,169.9934844970703,3.137159307419787,28.946238016299887,3.842826353315334,0.0,25.070592880249023,84.23445892333984,28.07028579711914
2022-07-14,27.25,92.75,Non-Landslide Grid,Non-Landslide Grid,"Grid (27.25, 92.75)",0,8.130541801452637,8.130541801452637,14.511911392211914,107.51128387451172,461.1073303222656,0.38272094726562406,0.9047,1064.0302734375,2489.0,430.59619140625,16.90999999597306,36.56335488201379,6.799202817058838,2.5833333333333335,136.30735778808594,208.24038696289062,40.6927490234375
2021-02-18,27.75,95.25,Non-Landslide Grid,Non-Landslide Grid,"Grid (27.75, 95.25)",0,0.0,0.8831506371498108,0.8831506371498108,0.8831506371498108,9.875703811645508,0.2652473449707759,0.436,125.48472595214844,291.0,27.575366973876953,0.34078742448928545,10.445190427141654,0.9687570359525315,0.0,2.876985788345337,6.0,7.575013637542725
2023-03-03,28.25,93.75,Non-Landslide Grid,Non-Landslide Grid,"Grid (28.25, 93.75)",0,0.0,0.5320488214492798,4.737782955169678,21.338991165161133,44.62462615966797,0.37991333007811723,0.1261,2163.187744140625,3233.0,651.02685546875,21.59219516730122,43.9618607568965,7.902084776124613,14.63888888888889,170.12351989746094,251.8534393310547,47.64670944213867
2024-07-05,27.0,93.75,Arunachal Pradesh,Papum Pare,Karsingsa Landslide Between Nirjuli and Banderdewa,1,25.084077835083008,28.82215118408203,183.78402709960938,224.96597290039062,424.1715393066406,0.4276962280274003,0.5411,141.790283203125,561.0,89.47208404541016,1.5707203689471758,18.980671243667295,2.58089755269254,0.0,12.962088584899902,56.661376953125,19.76386070251465
2021-12-26,26.0,94.75,Non-Landslide Grid,Non-Landslide Grid,"Grid (26.0, 94.75)",0,0.4919246733188629,0.4919246733188629,5.818206787109375,5.818206787109375,10.568964004516602,0.3084945678710579,0.7944,1458.9405517578125,1831.0,406.3719177246094,16.022965692592955,32.756569682632716,5.710380092151458,0.2222222222222222,125.12663269042969,175.21231079101562,29.32090950012207
2023-06-21,25.5,92.5,Non-Landslide Grid,Non-Landslide Grid,"Grid (25.5, 92.5)",0,2.800990343093872,27.504844665527344,156.84278869628906,290.8899230957031,331.50494384765625,0.4831848144530507,0.8299000000000001,969.8897094726562,683.0,158.5126953125,3.1441726540432247,14.250806381451117,2.194718806802864,0.0,26.396629333496094,57.00822067260742,15.704524040222168
2023-12-18,26.0,92.0,Non-Landslide Grid,Non-Landslide Grid,"Grid (26.0, 92.0)",0,0.0,0.0,0.05507376790046692,9.932882308959961,9.932882308959961,0.3764801025390598,0.7428,425.2469482421875,849.0,238.75572204589844,4.634511980265262,21.85694252416076,3.5256456496705213,0.0,39.874755859375,84.67662811279297,24.005374908447266
2023-08-13,28.25,95.75,Non-Landslide Grid,Non-Landslide Grid,"Grid (28.25, 95.75)",0,42.18826675415039,63.19976806640625,111.85784912109375,194.37579345703125,354.98162841796875,0.48170852661134356,0.8708,807.4439086914062,2630.0,650.5936279296875,12.186972084827884,43.34744990114847,11.453413973361945,8.722222222222223,96.88633728027344,238.21914672851562,86.88335418701172
2021-03-25,29.0,95.5,Non-Landslide Grid,Non-Landslide Grid,"Grid (29.0, 95.5)",0,14.039414405822754,14.039414405822754,76.13909912109375,76.5653076171875,184.07350158691406,0.42543029785155934,0.7275,3238.650390625,1992.0,479.2296142578125,16.469424165397974,39.59498671028408,6.6568879602393976,1.7500000000000002,131.6859130859375,193.20579528808594,37.1080436706543
2024-04-22,26.0,91.0,Non-Landslide Grid,Non-Landslide Grid,"Grid (26.0, 91.0)",0,0.0,4.30815315246582,16.109922409057617,19.368337631225586,91.2636489868164,0.2796173095703286,0.4577,71.23139190673828,516.0,73.41050720214844,1.2930697934097897,23.16556601795955,3.108993288451381,0.0,10.812939643859863,62.34619903564453,22.8721923828125
2021-12-28,28.25,96.5,Non-Landslide Grid,Non-Landslide Grid,"Grid (28.25, 96.5)",0,0.0,1.2437149286270142,1.2437149286270142,1.2437149286270142,6.341325283050537,0.3274383544921592,0.8847,2426.2333984375,3857.0,797.2706298828125,24.227011897438064,48.90829830380464,8.462131287098535,26.38888888888889,195.8148956298828,279.1729431152344,51.811405181884766
2024-01-03,23.75,92.75,Non-Landslide Grid,Non-Landslide Grid,"Grid (23.75, 92.75)",0,0.0,0.0,0.0,0.9530535936355591,65.7474365234375,0.28290939331055065,0.7666000000000001,558.530029296875,1301.0,251.22454833984375,11.561747209331001,33.20981307339313,5.7138444190846345,0.25,94.32711791992188,152.0427703857422,34.32426834106445
2022-05-15,25.25,93.0,Assam,Dima Hasao,"L24 Near Kendri Vidyalaya, Halflong",1,13.70791244506836,171.51666259765625,325.0523681640625,348.9837951660156,558.1865234375,0.47109222412107926,0.7867000000000001,581.3922119140625,1271.0,220.6673126220703,7.95753565762605,30.952647139700577,4.65836575833331,0.027777777777777776,63.11333465576172,118.19319915771484,29.522968292236328
2024-05-22,27.25,94.0,Non-Landslide Grid,Non-Landslide Grid,"Grid (27.25, 94.0)",0,0.0,0.49631747603416443,45.23289489746094,52.5990104675293,161.5550079345703,0.3705749511718311,0.4764,180.665283203125,1383.0,181.9029998779297,2.438772057464298,32.53731372794104,4.801649722757222,0.16666666666666669,19.482275009155273,96.9761962890625,36.374298095703125
2025-12-11,26.75,90.5,Non-Landslide Grid,Non-Landslide Grid,"Grid (26.75, 90.5)",0,0.0,0.0,0.0,0.0,1.4258074760437012,0.10561370849614912,0.6647000000000001,171.8894500732422,990.0,124.4859848022461,1.2909896125820373,22.509408613635678,2.86405486965177,0.0,9.903698921203613,56.25123977661133,21.784006118774414
2021-07-14,28.75,94.0,Non-Landslide Grid,Non-Landslide Grid,"Grid (28.75, 94.0)",0,2.000436305999756,16.68479347229004,67.5040512084961,230.8072967529297,486.4727478027344,0.4263076782226587,0.3644,3577.3251953125,2976.0,665.001953125,19.414225352620836,43.62889412441403,7.739202902579202,9.25,154.01666259765625,233.36834716796875,45.09198760986328
2023-09-11,24.25,94.25,Non-Landslide Grid,Non-Landslide Grid,"Grid (24.25, 94.25)",0,1.718804742267821e-05,5.337360382080078,13.419111251831055,41.78664779663086,119.31887817382812,0.4399566650391592,0.9006000000000001,480.40582275390625,1260.0,290.3222961425781,6.270173512438982,22.01110060871449,4.972308546349556,0.0,50.020259857177734,104.46087646484375,34.80989456176758
2024-06-29,28.5,94.25,Arunachal Pradesh,West Siang,Tatu Landslide AaloMechuka Road,1,49.3835334777832,106.6002197265625,156.1835479736328,200.7593231201172,350.2000732421875,0.4260864257812607,0.7209,2700.009765625,2854.0,589.1089477539062,19.1652531345547,45.85836536600699,7.829222579117078,8.333333333333332,149.95729064941406,244.7657470703125,52.62324523925781
2023-07-08,29.0,95.0,Non-Landslide Grid,Non-Landslide Grid,"Grid (29.0, 95.0)",0,38.98337173461914,100.58879089355469,170.78350830078125,238.10287475585938,637.3557739257812,0.42483520507811956,0.8959,1590.050537109375,2735.0,588.6205444335938,19.140469185211224,45.018074712876675,7.64267866918072,8.055555555555555,150.3131561279297,230.77151489257812,46.59003829956055
2020-02-23,27.25,94.5,Non-Landslide Grid,Non-Landslide Grid,"Grid (27.25, 94.5)",0,0.0,0.0,20.17024803161621,20.615734100341797,37.31654357910156,0.3273620605468428,0.524,93.84222412109375,14.0,2.522806167602539,0.14395948667497072,0.5202768828274156,0.08740411474298848,0.0,1.3913774490356445,2.4494898319244385,0.5659976601600647
2025-02-15,25.25,93.25,Non-Landslide Grid,Non-Landslide Grid,"Grid (25.25, 93.25)",0,0.0,1.081160068511963,1.081160068511963,1.2837997674942017,1.2837997674942017,0.29510116577147616,0.6852,785.26806640625,1527.0,353.894287109375,10.280514172000354,35.57332360132202,6.220787235002333,0.1111111111111111,81.5216064453125,148.7100830078125,41.36553955078125
2025-04-23,27.75,93.5,Arunachal Pradesh,Kurung Kumey,Between Chello village & Tagum Village,1,13.930598258972168,16.96991729736328,24.965377807617188,29.298603057861328,53.958740234375,0.42916107177734064,0.7709,1602.0572509765625,2656.0,483.55938720703125,16.271410052414023,38.71420090681496,6.355502250626034,1.25,128.99514770507812,191.6719207763672,36.09746551513672
2025-10-23,28.0,95.25,Non-Landslide Grid,Non-Landslide Grid,"Grid (28.0, 95.25)",0,0.0,0.0,0.0,71.38729858398438,199.68231201171875,0.374038696289054,0.7925000000000001,427.6138916015625,1703.0,410.9621887207031,5.615311809609629,35.461598133832105,7.38417392350992,0.5277777777777778,43.81952667236328,164.09616088867188,54.56661605834961
2024-05-19,25.5,93.25,Non-Landslide Grid,Non-Landslide Grid,"Grid (25.5, 93.25)",0,0.236548513174057,0.236548513174057,0.236548513174057,6.954648017883301,15.014127731323242,0.4624557495117112,0.6904,358.20166015625,609.0,98.87348175048828,4.135225908768584,22.99099559897999,3.4155016860409595,0.0,33.49117660522461,81.11685180664062,22.557592391967773
2024-10-02,25.0,93.0,Non-Landslide Grid,Non-Landslide Grid,"Grid (25.0, 93.0)",0,6.1784844398498535,85.57095336914062,107.27012634277344,115.51490783691406,169.9818878173828,0.40478515625000533,0.9023,384.5722351074219,1608.0,385.2471923828125,8.070900757120183,30.662939686285355,7.316109477494315,0.027777777777777776,64.66639709472656,154.00979614257812,53.41328811645508
2024-04-02,27.75,92.25,Non-Landslide Grid,Non-Landslide Grid,"Grid (27.75, 92.25)",0,2.895763635635376,15.05880069732666,38.49714660644531,113.39752197265625,128.8214111328125,0.4134864807128926,0.039,4753.14111328125,3193.0,500.3550720214844,16.699716847559724,40.642120257495016,8.164041230138745,6.888888888888889,135.24229431152344,225.8867645263672,52.33216857910156
2023-03-16,24.5,93.0,Non-Landslide Grid,Non-Landslide Grid,"Grid (24.5, 93.0)",0,1.472198486328125,1.472198486328125,1.472198486328125,1.472198486328125,1.472198486328125,0.14439392089842967,0.7587,199.3169403076172,900.0,190.72097778320312,5.500342727895433,27.18743015094595,5.209598479718961,0.0,44.432010650634766,116.27139282226562,37.216575622558594
2024-03-11,27.5,92.5,Non-Landslide Grid,Non-Landslide Grid,"Grid (27.5, 92.5)",0,0.0,1.434592604637146,15.291876792907715,18.092748641967773,20.915390014648438,0.4081268310547068,0.7833,2548.87646484375,3500.0,680.3981323242188,18.073767962706565,38.024779726895495,6.625437122587329,3.861111111111111,142.50108337402344,208.33282470703125,37.379024505615234
2023-04-08,26.0,90.25,Non-Landslide Grid,Non-Landslide Grid,"Grid (26.0, 90.25)",0,0.0,0.0,34.672672271728516,39.07676696777344,148.5437469482422,0.23096466064451926,0.54,50.90361022949219,310.0,41.2567024230957,0.7424694772682515,13.43728086740383,1.4107051372004447,0.0,6.2733612060546875,31.28388023376465,10.727988243103027
2023-01-03,27.75,92.25,Non-Landslide Grid,Non-Landslide Grid,"Grid (27.75, 92.25)",0,0.0,0.0,0.0,1.0143187046051025,1.0143187046051025,0.31600189208993656,0.3141,4753.14111328125,3193.0,500.3550720214844,16.699716847559724,40.642120257495016,8.164041230138745,6.888888888888889,135.24229431152344,225.8867645263672,52.33216857910156
2025-05-31,25.5,91.75,Meghalaya,East Khasi Hills,Umtyngar Landslide 3,1,134.42385864257812,282.88494873046875,328.74578857421875,519.0849609375,659.59765625,0.48547363281253125,0.8818,1670.7216796875,913.0,153.39508056640625,5.919859729912694,32.03817497959001,5.573524917136624,0.1388888888888889,48.907474517822266,137.64651489257812,39.82622146606445
2021-06-06,25.75,91.75,Non-Landslide Grid,Non-Landslide Grid,"Grid (25.75, 91.75)",0,13.33240032196045,26.822696685791016,119.53707885742188,198.5198211669922,300.0099792480469,0.4955139160156324,0.756,806.6327514648438,1218.0,244.60678100585938,4.8513282190506875,23.125668861377935,3.9623545317341726,0.0,39.709774017333984,96.14913940429688,26.952320098876953
2021-07-27,24.75,94.0,Non-Landslide Grid,Non-Landslide Grid,"Grid (24.75, 94.0)",0,10.20708179473877,13.339241027832031,28.838973999023438,90.35852813720703,124.14579010009766,0.47406768798831467,0.502,825.2747192382812,715.0,86.79336547851562,2.826579707596773,24.518171520500573,3.987665973213985,0.0,23.277711868286133,84.06521606445312,29.67618179321289
2022-09-10,26.0,95.0,Non-Landslide Grid,Non-Landslide Grid,"Grid (26.0, 95.0)",0,0.0,0.0,23.318954467773438,78.74851989746094,155.07301330566406,0.4225616455078553,0.891,1610.9891357421875,2688.0,589.7425537109375,16.027499746653127,40.90710192479149,5.811093611007914,1.2222222222222223,125.35421752929688,178.60330200195312,32.72863006591797
2021-04-23,27.75,92.25,Non-Landslide Grid,Non-Landslide Grid,"Grid (27.75, 92.25)",0,0.0,0.0,5.075214862823486,14.609160423278809,27.207651138305664,0.38151550292970393,0.1193,4753.14111328125,3193.0,500.3550720214844,16.699716847559724,40.642120257495016,8.164041230138745,6.888888888888889,135.24229431152344,225.8867645263672,52.33216857910156
2025-05-30,25.5,91.75,Meghalaya,East Khasi Hills,Laitkroh Landslide 3,1,140.50730895996094,148.46109008789062,196.48526000976562,387.7179260253906,528.7616577148438,0.5165710449218512,0.8818,1670.7216796875,913.0,153.39508056640625,5.919859729912694,32.03817497959001,5.573524917136624,0.1388888888888889,48.907474517822266,137.64651489257812,39.82622146606445
2021-02-27,26.5,91.5,Non-Landslide Grid,Non-Landslide Grid,"Grid (26.5, 91.5)",0,0.23029565811157227,0.23029565811157227,0.23029565811157227,0.23029565811157227,0.23029565811157227,0.20692443847664146,0.3887,58.20722198486328,31.0,5.861110210418701,0.16184284562780812,0.5733588488786087,0.09238441754661911,0.0,1.5697052478790283,2.7613401412963867,0.6246815323829651
2020-06-18,27.0,92.25,Non-Landslide Grid,Non-Landslide Grid,"Grid (27.0, 92.25)",0,36.57215881347656,144.4526824951172,223.14166259765625,343.72540283203125,715.2561645507812,0.47669982910137665,0.0505,1233.8455810546875,2768.0,810.8165893554688,12.77755647404526,38.20715044651788,8.378771528762524,2.2222222222222223,102.58639526367188,202.26300048828125,60.985599517822266
2020-05-24,27.5,88.5,Sikkim,North Sikkim,Dhare Landslide,1,62.83584976196289,88.20453643798828,135.23477172851562,196.23695373535156,271.2232360839844,0.4271697998046866,0.8439000000000001,2168.81982421875,3697.0,796.494384765625,23.632660743125502,49.23240538360047,7.919056484581935,20.916666666666668,188.52566528320312,282.9498291015625,52.20234680175781
2022-12-18,26.25,90.5,Non-Landslide Grid,Non-Landslide Grid,"Grid (26.25, 90.5)",0,0.0,0.0,0.0,0.0,0.0,0.19648742675778824,0.4354,48.86888885498047,420.0,41.738399505615234,1.109574574143597,22.476644030121314,2.718231100002853,0.0,9.38329792022705,59.14864730834961,20.585315704345703
2023-11-26,26.75,93.75,Non-Landslide Grid,Non-Landslide Grid,"Grid (26.75, 93.75)",0,0.0,0.0,0.0,18.55530548095703,18.70949363708496,0.3435134887695396,0.2232,79.88694763183594,33.0,4.447814464569092,0.20153104782965536,1.4253626526077632,0.16471250869762122,0.0,1.8683192729949951,4.092676162719727,1.143751621246338
2024-05-16,25.5,91.75,Meghalaya,3rd Mile Landslide,Near Primary St Gabriell School,1,5.907654285430908,25.3845157623291,65.75138854980469,141.4981689453125,149.50437927246094,0.4664001464843678,0.7050000000000001,1670.7216796875,913.0,153.39508056640625,5.919859729912694,32.03817497959001,5.573524917136624,0.1388888888888889,48.907474517822266,137.64651489257812,39.82622146606445
2022-12-01,28.25,94.5,Non-Landslide Grid,Non-Landslide Grid,"Grid (28.25, 94.5)",0,0.0,0.0,0.0,0.0,2.7625832557678223,0.25360870361332616,0.8458,1686.3961181640625,3514.0,743.6204223632812,17.929890212742986,36.91777834329499,6.461823604418964,2.888888888888889,140.04136657714844,205.31048583984375,37.11265182495117
2023-05-31,28.25,94.5,Non-Landslide Grid,Non-Landslide Grid,"Grid (28.25, 94.5)",0,0.0,0.09955436736345291,23.699888229370117,81.17363739013672,211.43101501464844,0.37028503417967873,0.8375,1686.3961181640625,3514.0,743.6204223632812,17.929890212742986,36.91777834329499,6.461823604418964,2.888888888888889,140.04136657714844,205.31048583984375,37.11265182495117
2020-10-17,25.5,94.5,Non-Landslide Grid,Non-Landslide Grid,"Grid (25.5, 94.5)",0,0.0,0.0,7.579715251922607,55.485633850097656,171.38592529296875,0.4418182373046215,0.8503000000000001,1214.94775390625,1524.0,263.10931396484375,13.416159594748445,31.77914876142218,5.575241901226998,0.2222222222222222,104.84436798095703,152.53733825683594,28.473220825195312
2024-06-11,23.75,92.25,Mizoram,Mamit Khantlang Landslide,Khantlang Mamitdistrcit Village in,1,2.8753557205200195,56.13210678100586,78.11219024658203,238.49984741210938,331.66912841796875,0.3691673278808991,0.7297,286.8108215332031,792.0,156.8992462158203,6.455399862731471,22.633933340531765,5.127083891809967,0.0,51.970577239990234,118.72166442871094,34.0297737121582
2024-12-26,25.75,93.5,Non-Landslide Grid,Non-Landslide Grid,"Grid (25.75, 93.5)",0,0.0,0.0,0.0,0.0,0.0,0.301033020019461,0.8383,227.40277099609375,203.0,31.68953514099121,1.0207360884141397,5.919642534555406,0.6974274536843569,0.0,8.528032302856445,17.773048400878906,4.812337875366211
2024-06-15,28.75,95.0,Arunachal Pradesh,Upper Siang,Bomdo Landslide Between Ramsing and Bomdo,1,2.136380910873413,51.544921875,73.18724822998047,121.17668914794922,210.65072631835938,0.42466735839843484,0.8626,1557.765869140625,3304.0,746.5823974609375,21.104581564688804,47.325046685578975,7.893174594175774,12.861111111111112,169.42266845703125,245.5902099609375,46.39385223388672
2022-11-15,23.75,93.0,Non-Landslide Grid,Non-Landslide Grid,"Grid (23.75, 93.0)",0,0.0,0.0,0.0,0.2025715857744217,65.83452606201172,0.2765274047851513,0.8792000000000001,846.58056640625,1551.0,295.62164306640625,12.443905721054815,41.06645447367599,5.871977630744481,0.8333333333333334,100.92674255371094,161.78762817382812,35.075111389160156
2023-06-14,25.25,92.0,Meghalaya,East Khasi Hills,"Rngain Landslide Rngain Village, Pynursla",1,18.175334930419922,86.39076232910156,179.45347595214844,214.62449645996094,315.9313659667969,0.5110549926756982,0.8389000000000001,590.8108520507812,1570.0,435.5477600097656,8.655130744459786,36.39337693572617,8.119865728794037,0.5833333333333334,68.98914337158203,174.39125061035156,59.300682067871094
2022-01-11,25.5,94.0,Non-Landslide Grid,Non-Landslide Grid,"Grid (25.5, 94.0)",0,0.0,0.0,0.0,0.0,3.978621244430542,0.25958251953153066,0.671,1779.1180419921875,2283.0,519.9027099609375,15.449684050655147,43.88097592543788,7.42973910462332,3.361111111111111,122.66064453125,211.4700469970703,49.36199188232422
2025-09-06,26.75,91.0,Non-Landslide Grid,Non-Landslide Grid,"Grid (26.75, 91.0)",0,0.0,0.0,24.43613052368164,39.337642669677734,202.77340698242188,0.3216323852539242,0.8563000000000001,209.35694885253906,1093.0,235.961669921875,4.619528506983893,33.33968646707087,6.94730700933174,0.08333333333333334,36.985107421875,148.1363983154297,53.425750732421875
2020-11-30,24.75,94.5,Non-Landslide Grid,Non-Landslide Grid,"Grid (24.75, 94.5)",0,0.0,0.0,0.0,0.17474845051765442,78.09681701660156,0.27347564697266835,0.8648,687.2161254882812,1415.0,292.2091369628906,10.978303236969749,27.55470340208291,5.842987960834363,0.0,88.30297088623047,145.00534057617188,37.38021469116211
2021-09-01,27.75,93.75,Non-Landslide Grid,Non-Landslide Grid,"Grid (27.75, 93.75)",0,5.981689453125,19.022106170654297,92.95364379882812,241.49847412109375,424.50811767578125,0.42724990844725214,0.8686,1453.1263427734375,1994.0,357.58099365234375,15.182590486794677,36.29878503196507,6.710351564314028,1.5277777777777777,120.02904510498047,194.6954803466797,42.93043518066406
2025-05-18,27.75,96.0,Non-Landslide Grid,Non-Landslide Grid,"Grid (27.75, 96.0)",0,7.15116548538208,21.352710723876953,54.373653411865234,78.716064453125,224.66600036621094,0.4934844970703217,0.8213,200.50083923339844,408.0,71.52455139160156,0.8900150931918519,5.634020640191341,1.058786573294691,0.0,6.807943820953369,23.394710540771484,7.5052642822265625
2022-05-15,25.25,93.0,Assam,Dima Hasao,L9a Near Halflong Railway Station,1,13.70791244506836,171.51666259765625,325.0523681640625,348.9837951660156,558.1865234375,0.47109222412107926,0.7867000000000001,581.3922119140625,1271.0,220.6673126220703,7.95753565762605,30.952647139700577,4.65836575833331,0.027777777777777776,63.11333465576172,118.19319915771484,29.522968292236328
2022-11-15,28.25,96.75,Non-Landslide Grid,Non-Landslide Grid,"Grid (28.25, 96.75)",0,0.0,0.0,0.0,0.0,106.75917053222656,0.31819534301748875,0.7711,3192.26220703125,3760.0,777.3504028320312,25.01511828936123,51.8135373565446,9.044560316308626,32.861111111111114,207.51364135742188,299.4259033203125,54.75053405761719
2022-02-21,27.5,93.25,Non-Landslide Grid,Non-Landslide Grid,"Grid (27.5, 93.25)",0,13.348729133605957,14.786227226257324,15.550834655761719,23.88315200805664,90.78556060791016,0.4246749877929671,0.8413,2373.901611328125,2802.0,603.5896606445312,15.755754633535505,34.93131460056094,6.817503951978566,1.4166666666666665,124.83736419677734,198.52069091796875,43.855751037597656
2021-03-23,25.0,94.25,Non-Landslide Grid,Non-Landslide Grid,"Grid (25.0, 94.25)",0,0.0,0.0,0.0,4.680487632751465,11.199481964111328,0.17394256591772655,0.6951,1233.2835693359375,1244.0,265.4721984863281,10.62303176740798,27.88183800191073,4.826559786669395,0.0,82.0025634765625,128.76394653320312,27.49030303955078
2020-10-13,23.75,93.0,Mizoram,Aizawl,Phullen3,1,0.0,0.0,6.605801582336426,146.66444396972656,228.7220001220703,0.3814926147460841,0.8234,846.58056640625,1551.0,295.62164306640625,12.443905721054815,41.06645447367599,5.871977630744481,0.8333333333333334,100.92674255371094,161.78762817382812,35.075111389160156
2021-08-21,25.25,91.0,Non-Landslide Grid,Non-Landslide Grid,"Grid (25.25, 91.0)",0,5.599418640136719,232.001953125,519.0941772460938,1871.711669921875,2275.40625,0.4991989135742228,0.8325,280.16278076171875,898.0,198.5218505859375,4.844563823705283,27.030050112309205,4.273744423013633,0.0,38.694488525390625,96.8629150390625,30.590980529785156
2022-04-13,25.25,92.25,Meghalaya,Jaintia Hills,Tongseng3 near Tongseng Village,1,19.09215545654297,41.782676696777344,46.52138900756836,183.806640625,304.211181640625,0.5047531127929578,0.7334,776.0238647460938,1322.0,357.3675231933594,5.895885341126151,25.47091491614314,4.7990301285115855,0.0,47.91184997558594,115.95841217041016,34.28144836425781
2023-04-18,25.25,91.25,Non-Landslide Grid,Non-Landslide Grid,"Grid (25.25, 91.25)",0,2.103020191192627,2.103020191192627,2.103020191192627,42.870399475097656,319.91650390625,0.353477478027331,0.6351,454.3727722167969,1538.0,425.57232666015625,6.985947347214785,32.59208001058595,6.859219201396241,0.2222222222222222,56.320255279541016,155.3539581298828,51.49196243286133
2023-10-07,26.25,91.75,Assam,Kamrup Metro,"Kahilipara Landslide Kahilipara, Guwahati",1,46.64097595214844,101.22119140625,167.4195556640625,189.8900909423828,273.5537109375,0.47465133666992354,0.8729,67.3949966430664,295.0,37.075172424316406,1.4509254283381814,16.29219827144022,2.417741974738188,0.0,12.47722339630127,53.43284225463867,18.373598098754883
2024-10-12,26.5,91.75,Non-Landslide Grid,Non-Landslide Grid,"Grid (26.5, 91.75)",0,0.4578278958797455,14.232588768005371,49.07855987548828,150.89735412597656,177.1373291015625,0.4617080688476649,0.8077000000000001,62.77527618408203,27.0,5.656883716583252,0.155229743002666,0.5826327978107191,0.08573889757010468,0.0,1.5102808475494385,2.5,0.5472370982170105
2024-01-16,26.25,91.75,Non-Landslide Grid,Non-Landslide Grid,"Grid (26.25, 91.75)",0,0.0,0.0,0.0,0.0,0.0,0.3115386962890489,0.7503000000000001,67.3949966430664,295.0,37.075172424316406,1.4509254283381814,16.29219827144022,2.417741974738188,0.0,12.47722339630127,53.43284225463867,18.373598098754883
2024-05-30,25.25,91.75,Meghalaya,Nongpriang Landslide,Nongpriang under village Shella Block,1,245.11087036132812,533.49462890625,573.5721435546875,659.2269287109375,906.90576171875,0.5007362365722885,0.7476,684.6930541992188,1771.0,526.1378173828125,11.198190983867946,34.69450691676559,8.788339983989749,1.1666666666666667,90.1303482055664,189.36473083496094,63.86445617675781
2024-06-15,25.25,90.25,Meghalaya,Garo Rengsipara Landslide,Paikan 2 Road Tura Dalu NH,1,89.07714080810547,179.7403564453125,212.24151611328125,460.58087158203125,986.9158325195312,0.42585754394533126,0.7372000000000001,73.40249633789062,225.0,46.14529037475586,1.6844911888991303,8.95405354971055,1.6341408856870685,0.0,14.641450881958008,38.95814895629883,12.443431854248047
2020-05-26,24.0,93.25,Non-Landslide Grid,Non-Landslide Grid,"Grid (24.0, 93.25)",0,0.6943997144699097,7.288888931274414,43.87943649291992,57.175289154052734,110.6374282836914,0.25526428222650843,0.8729,905.4602661132812,1648.0,312.1431579589844,14.391767358776677,39.84091543188265,6.405996319269908,0.9444444444444444,114.75102233886719,183.78115844726562,38.22748565673828
2020-07-10,25.5,91.0,Non-Landslide Grid,Non-Landslide Grid,"Grid (25.5, 91.0)",0,373.37213134765625,555.1185302734375,695.6517333984375,1949.566162109375,3012.040771484375,0.48663330078128153,0.8419000000000001,700.3352661132812,904.0,197.0113983154297,3.9853455760401912,18.673013942057693,2.572380468470659,0.0,33.65732955932617,68.69902038574219,17.522661209106445
2023-11-11,26.5,94.0,Non-Landslide Grid,Non-Landslide Grid,"Grid (26.5, 94.0)",0,0.0,0.0,0.0,0.0,72.93087768554688,0.26371765136722775,0.7609,99.54611206054688,41.0,6.083729267120361,0.206291623045438,1.4451307569681917,0.16176084901716478,0.0,1.8473849296569824,3.8078866004943848,1.0516762733459473
2020-11-09,27.0,94.0,Non-Landslide Grid,Non-Landslide Grid,"Grid (27.0, 94.0)",0,0.0,0.0,0.5667698383331299,5.337957382202148,81.014404296875,0.39990234374996386,0.6341,83.95944213867188,25.0,3.8772871494293213,0.14784675863206417,0.6065726114054234,0.10323440583541298,0.0,1.414453148841858,2.8284270763397217,0.7204717993736267
2020-04-08,27.5,91.75,Non-Landslide Grid,Non-Landslide Grid,"Grid (27.5, 91.75)",0,0.0,0.0,2.4383206367492676,2.4383206367492676,23.17881202697754,0.4270324707031253,0.7124,2484.64453125,3419.0,679.2225341796875,21.62838767833097,43.71481016920231,7.461654150626737,13.361111111111112,170.77972412109375,248.0215606689453,46.129119873046875
2024-09-07,23.5,91.5,Non-Landslide Grid,Non-Landslide Grid,"Grid (23.5, 91.5)",0,8.595274925231934,10.079476356506348,43.9220085144043,88.62561798095703,637.9671630859375,0.4676361083983629,0.7121000000000001,56.6069450378418,199.0,28.764816284179688,0.9478303748513243,9.569014472456242,0.903505507840783,0.0,8.022164344787598,19.110843658447266,6.463800430297852
2022-11-10,28.5,95.25,Non-Landslide Grid,Non-Landslide Grid,"Grid (28.5, 95.25)",0,0.0,0.0,0.3758128881454468,8.766691207885742,187.7152557373047,0.3515396118164139,0.8868,1671.7244873046875,3230.0,620.3593139648438,19.416689761111233,43.71046327924893,7.450770780259989,8.083333333333332,152.13458251953125,233.89942932128906,47.15129470825195
2022-06-16,25.5,91.5,Meghalaya,East Khasi Hills,Laitlarem_landslide Laitlarem village under Mawphlang C&RD block,1,68.03939819335938,196.9794464111328,302.0924987792969,497.8378601074219,691.458740234375,0.5002746582031332,0.81,1595.5714111328125,666.0,96.28884887695312,3.7327363226589427,16.87545099500921,2.7080440699585675,0.0,31.887956619262695,68.39764404296875,18.14517593383789
2020-06-16,27.75,93.0,Non-Landslide Grid,Non-Landslide Grid,"Grid (27.75, 93.0)",0,6.177909851074219,36.538978576660156,78.5627670288086,206.06231689453125,372.9028015136719,0.4292984008789066,0.8424,1984.37255859375,3240.0,729.3819580078125,19.90465621898461,43.336736680601454,7.790866222869688,10.333333333333334,159.94017028808594,257.6097106933594,50.77695083618164
2022-05-03,24.25,92.0,Non-Landslide Grid,Non-Landslide Grid,"Grid (24.25, 92.0)",0,0.0,14.79800796508789,16.637359619140625,64.03121948242188,107.79145812988281,0.40283203124999345,0.7088,68.33444213867188,234.0,36.19500732421875,1.3081239000365223,10.326522372387192,1.3754621604284945,0.0,10.753236770629883,33.304649353027344,10.289295196533203
2023-04-01,24.5,93.75,Non-Landslide Grid,Non-Landslide Grid,"Grid (24.5, 93.75)",0,0.0,1.9966883659362793,8.356684684753418,21.72378158569336,23.190338134765625,0.3125076293941838,0.2952,917.9044189453125,1554.0,256.2775573730469,5.662249960180044,30.93689661621472,7.021565474401968,0.027777777777777776,43.58971405029297,141.0993194580078,50.9337158203125
2020-06-08,24.75,92.75,Assam,Cachar,SDMA/AS/2020/SONAI4,1,2.2613632678985596,10.597718238830566,153.3343048095703,322.02880859375,378.4874572753906,0.4693679809570169,0.5917,28.799165725708008,83.0,10.98561954498291,0.49229396524952734,4.339614597493083,0.5527330881797449,0.0,4.288497447967529,12.693502426147461,4.094924449920654
2023-03-08,27.75,93.25,Non-Landslide Grid,Non-Landslide Grid,"Grid (27.75, 93.25)",0,0.0,19.53886604309082,19.53886604309082,65.83558654785156,103.96377563476562,0.41113662719724414,0.8251000000000001,2134.03564453125,2684.0,518.6760864257812,17.304813459602983,45.93594349450423,6.953065955001086,4.388888888888888,136.74777221679688,223.04844665527344,44.572750091552734
2020-02-27,25.0,94.0,Non-Landslide Grid,Non-Landslide Grid,"Grid (25.0, 94.0)",0,3.6580440998077393,7.569329738616943,7.569329738616943,7.569329738616943,17.73320770263672,0.40957641601562356,0.5844,1008.9378051757812,1548.0,236.13145446777344,8.418254996846219,29.95096914355927,5.888112068764791,0.0,66.83557891845703,132.4910888671875,39.91765594482422
2023-02-07,28.5,95.25,Non-Landslide Grid,Non-Landslide Grid,"Grid (28.5, 95.25)",0,14.753203392028809,14.753203392028809,14.753203392028809,14.753203392028809,25.001754760742188,0.4091186523437753,0.7827000000000001,1671.7244873046875,3230.0,620.3593139648438,19.416689761111233,43.71046327924893,7.450770780259989,8.083333333333332,152.13458251953125,233.89942932128906,47.15129470825195
2022-12-07,28.5,94.75,Non-Landslide Grid,Non-Landslide Grid,"Grid (28.5, 94.75)",0,0.0,0.0,0.0,0.0,1.4198673963546753,0.23638916015624398,0.8119000000000001,1363.881103515625,2633.0,561.4523315429688,19.17597595923998,41.66522589810646,7.266148844087295,6.277777777777778,154.1586151123047,223.8252410888672,40.932212829589844
2024-08-28,26.0,91.5,Non-Landslide Grid,Non-Landslide Grid,"Grid (26.0, 91.5)",0,8.505160331726074,11.788544654846191,14.665122032165527,263.4799499511719,442.2164001464844,0.45574951171880695,0.8806,140.79083251953125,633.0,141.95619201660156,3.0672199291626563,21.513750580420666,4.1192893226981155,0.0,25.340831756591797,86.41690063476562,30.186782836914062
2024-12-13,28.0,94.5,Non-Landslide Grid,Non-Landslide Grid,"Grid (28.0, 94.5)",0,0.0,0.0,5.7654523849487305,5.7654523849487305,9.249273300170898,0.29409790039062617,0.8414,911.5819702148438,1760.0,309.78753662109375,13.328593092786441,33.05167063851376,5.77641490364223,0.25,106.9828872680664,164.1502685546875,33.62059020996094
2021-02-13,26.75,93.5,Non-Landslide Grid,Non-Landslide Grid,"Grid (26.75, 93.5)",0,0.0,0.0,0.0,3.917160987854004,20.34262466430664,0.2770004272460516,0.1848,78.78416442871094,35.0,5.793849945068359,0.23522763176363917,1.432164662648389,0.20169767391116272,0.0,2.129199743270874,4.874037742614746,1.4025331735610962
2020-11-13,27.5,94.0,Non-Landslide Grid,Non-Landslide Grid,"Grid (27.5, 94.0)",0,0.0,0.0,0.0,16.87668800354004,85.17532348632812,0.32945251464842007,0.8678,1536.2244873046875,2724.0,755.0374755859375,14.933853980813408,40.312445929729115,8.452063097443121,4.722222222222222,119.38636779785156,220.49632263183594,59.01678466796875
2025-12-08,27.25,93.5,Non-Landslide Grid,Non-Landslide Grid,"Grid (27.25, 93.5)",0,0.0,0.0,0.0,0.8440546989440918,1.6514778137207031,0.30335235595705107,0.7936000000000001,1506.97412109375,2357.0,400.4650573730469,13.490002771301448,35.73032569319689,5.876769363504501,0.3888888888888889,106.12234497070312,172.48289489746094,35.388729095458984
2021-08-17,28.5,93.5,Non-Landslide Grid,Non-Landslide Grid,"Grid (28.5, 93.5)",0,3.57560658454895,30.35430145263672,84.82685089111328,112.91590881347656,166.2915496826172,0.42794799804687395,0.916,3411.674560546875,3765.0,826.7841796875,20.60021656963089,52.52021406191496,8.94526016023897,14.416666666666666,156.19125366210938,259.6390686035156,63.15973663330078
2021-01-08,25.5,93.5,Non-Landslide Grid,Non-Landslide Grid,"Grid (25.5, 93.5)",0,0.0,0.28133639693260193,0.28133639693260193,0.28133639693260193,0.28133639693260193,0.2688140869140602,0.8372,611.6246948242188,1733.0,344.52703857421875,6.448069054883189,30.362898469593656,5.678965113507488,0.08333333333333334,50.81060028076172,131.47381591796875,39.818241119384766
2025-01-14,22.75,93.0,Non-Landslide Grid,Non-Landslide Grid,"Grid (22.75, 93.0)",0,0.0,0.0,0.0,0.0,0.0,0.17166137695314,0.8036000000000001,789.2650146484375,1898.0,341.1698913574219,14.561089002221255,36.86079860562968,6.300029884029621,1.027777777777778,116.944091796875,181.39210510253906,35.221229553222656
2022-05-15,25.25,93.0,Assam,Dima Hasao,DF4 Near Halflong Railway Station,1,13.70791244506836,171.51666259765625,325.0523681640625,348.9837951660156,558.1865234375,0.47109222412107926,0.7867000000000001,581.3922119140625,1271.0,220.6673126220703,7.95753565762605,30.952647139700577,4.65836575833331,0.027777777777777776,63.11333465576172,118.19319915771484,29.522968292236328
2025-03-04,28.75,95.75,Arunachal Pradesh,Dibang Valley,KM5 from Etalin along NH-313,1,0.0,19.634201049804688,21.20941925048828,54.273868560791016,122.680419921875,0.4266777038574269,0.7679,2329.892333984375,2786.0,595.1620483398438,18.067088109814307,42.4756221836399,8.234818771439365,9.388888888888888,143.6309356689453,242.38714599609375,55.86472702026367
2025-11-17,25.75,90.25,Non-Landslide Grid,Non-Landslide Grid,"Grid (25.75, 90.25)",0,0.0,0.0,0.0,0.5988604426383972,66.72698974609375,0.3601684570312518,0.8339000000000001,268.25360107421875,694.0,145.89248657226562,2.6266826104787047,13.143420707951513,2.0358751126267824,0.0,21.159591674804688,51.440372467041016,13.796658515930176
2024-01-23,22.75,92.75,Non-Landslide Grid,Non-Landslide Grid,"Grid (22.75, 92.75)",0,0.0,0.0,0.0,0.0,0.06289733201265335,0.152339935302734,0.8469,471.7497253417969,1379.0,257.7286682128906,9.469634715442576,26.744698660572194,5.39070092400143,0.0,78.04711151123047,139.4850311279297,33.80046844482422
2023-08-08,23.0,92.75,Mizoram,Lunglei,Lunglei Landslide Near Lunglei town,1,56.53411102294922,160.52743530273438,204.5760498046875,272.8898010253906,402.94580078125,0.4282760620117171,0.8736,600.8905639648438,1063.0,211.06544494628906,10.224830946019251,26.863271860186263,4.794858292963323,0.0,84.38616943359375,129.06028747558594,26.374740600585938
2024-12-11,25.75,93.5,Non-Landslide Grid,Non-Landslide Grid,"Grid (25.75, 93.5)",0,0.0,0.0,0.0,0.0,1.5085248947143555,0.3262710571288557,0.8383,227.40277099609375,203.0,31.68953514099121,1.0207360884141397,5.919642534555406,0.6974274536843569,0.0,8.528032302856445,17.773048400878906,4.812337875366211
2025-04-09,27.5,93.25,Non-Landslide Grid,Non-Landslide Grid,"Grid (27.5, 93.25)",0,0.13941897451877594,0.13941897451877594,8.947230339050293,23.84930419921875,72.5473403930664,0.42024230957031394,0.7363000000000001,2373.901611328125,2802.0,603.5896606445312,15.755754633535505,34.93131460056094,6.817503951978566,1.4166666666666665,124.83736419677734,198.52069091796875,43.855751037597656
2023-06-17,26.25,95.0,Non-Landslide Grid,Non-Landslide Grid,"Grid (26.25, 95.0)",0,17.125608444213867,35.11738586425781,104.04912567138672,150.038818359375,231.24082946777344,0.4265136718752117,0.7888000000000001,1651.8433837890625,2099.0,427.3861389160156,16.836851288160602,35.73543845149518,5.834910603546995,0.6666666666666667,130.60438537597656,183.2027130126953,30.21045684814453
2025-10-22,27.0,95.0,Non-Landslide Grid,Non-Landslide Grid,"Grid (27.0, 95.0)",0,0.0,0.0,0.0,69.05911254882812,185.3270721435547,0.40805053710933864,0.8248000000000001,125.8324966430664,406.0,45.368919372558594,1.146625009343904,20.283662862547203,2.4844667045483537,0.0,9.403852462768555,50.658660888671875,18.543424606323242
2024-06-23,27.0,93.75,Arunachal Pradesh,Papum Pare,Itanagar Landslide Itanagar City Area,1,0.0,3.056739330291748,113.5125503540039,199.9522705078125,456.3256530761719,0.3908538818360294,0.6284000000000001,141.790283203125,561.0,89.47208404541016,1.5707203689471758,18.980671243667295,2.58089755269254,0.0,12.962088584899902,56.661376953125,19.76386070251465
2025-11-14,28.75,95.75,Non-Landslide Grid,Non-Landslide Grid,"Grid (28.75, 95.75)",0,0.0,0.0,0.0,43.894744873046875,45.69321823120117,0.3848953247070349,0.8556,2329.892333984375,2786.0,595.1620483398438,18.067088109814307,42.4756221836399,8.234818771439365,9.388888888888888,143.6309356689453,242.38714599609375,55.86472702026367
2022-06-13,28.0,96.0,Non-Landslide Grid,Non-Landslide Grid,"Grid (28.0, 96.0)",0,13.602343559265137,44.70888900756836,68.99119567871094,93.26571655273438,321.17120361328125,0.46842956542950076,0.9096,391.51806640625,1954.0,339.81634521484375,4.393053346582743,34.44358316238441,7.031902439364601,0.25,33.459617614746094,157.1775360107422,52.24351501464844
2021-10-12,27.75,93.75,Non-Landslide Grid,Non-Landslide Grid,"Grid (27.75, 93.75)",0,0.0,1.1959419250488281,11.134735107421875,53.52910232543945,104.27604675292969,0.383666992187482,0.8749,1453.1263427734375,1994.0,357.58099365234375,15.182590486794677,36.29878503196507,6.710351564314028,1.5277777777777777,120.02904510498047,194.6954803466797,42.93043518066406
2022-12-10,27.25,93.0,Non-Landslide Grid,Non-Landslide Grid,"Grid (27.25, 93.0)",0,0.0,0.0,0.0,0.0,0.0,0.22977447509764384,0.8948,1055.2911376953125,1795.0,369.5699157714844,14.651790736714245,36.79736456471443,6.273287109789744,1.0833333333333335,117.70903015136719,182.6220245361328,37.93098068237305
2021-06-19,25.25,94.0,Non-Landslide Grid,Non-Landslide Grid,"Grid (25.25, 94.0)",0,1.3805750608444214,7.41365909576416,14.1077241897583,25.6308650970459,53.06364440917969,0.4349670410157512,0.8270000000000001,1435.4375,1921.0,378.2546081542969,12.086842826308223,43.383133090803064,5.811415353223593,0.6944444444444444,94.75314331054688,156.38818359375,36.18202209472656
2025-05-10,26.25,94.5,Non-Landslide Grid,Non-Landslide Grid,"Grid (26.25, 94.5)",0,0.0,38.196868896484375,58.00743103027344,89.74718475341797,159.02223205566406,0.49688720703124956,0.7419,989.822509765625,1674.0,315.20281982421875,10.74273685959458,30.503507972756235,4.9305374882720026,0.027777777777777776,83.37834930419922,135.6664276123047,28.81993293762207
2021-03-07,27.5,93.0,Non-Landslide Grid,Non-Landslide Grid,"Grid (27.5, 93.0)",0,2.967388153076172,17.059207916259766,24.970361709594727,29.973180770874023,29.973180770874023,0.41065979003907743,0.6836,1176.511962890625,1821.0,389.470458984375,16.355365607707643,33.85954950009676,5.652813207767165,0.4166666666666667,125.92327880859375,175.48025512695312,29.11582374572754
2024-02-23,26.75,90.75,Non-Landslide Grid,Non-Landslide Grid,"Grid (26.75, 90.75)",0,2.0089409351348877,3.9744176864624023,3.9744176864624023,3.9744176864624023,12.079510688781738,0.14802169799806064,0.5645,397.88916015625,1659.0,368.8592224121094,6.26488665703956,35.0730648698001,8.128569312154193,0.4722222222222222,49.33185577392578,167.44772338867188,61.67043685913086
2023-08-11,25.0,93.0,Non-Landslide Grid,Non-Landslide Grid,"Grid (25.0, 93.0)",0,44.12044143676758,120.59562683105469,203.93211364746094,292.9830627441406,394.4327392578125,0.41735839843748895,0.9006000000000001,384.5722351074219,1608.0,385.2471923828125,8.070900757120183,30.662939686285355,7.316109477494315,0.027777777777777776,64.66639709472656,154.00979614257812,53.41328811645508
2024-07-29,26.75,90.5,Non-Landslide Grid,Non-Landslide Grid,"Grid (26.75, 90.5)",0,0.0,3.0270442962646484,47.79265594482422,132.7761688232422,606.7346801757812,0.3541336059570515,0.8115,171.8894500732422,990.0,124.4859848022461,1.2909896125820373,22.509408613635678,2.86405486965177,0.0,9.903698921203613,56.25123977661133,21.784006118774414
2022-05-15,25.0,93.0,Assam,Dima Hasao,bungkhang_3 bungkhang,1,25.542255401611328,166.13734436035156,303.17938232421875,348.6574401855469,537.8242797851562,0.418289184570331,0.792,384.5722351074219,1608.0,385.2471923828125,8.070900757120183,30.662939686285355,7.316109477494315,0.027777777777777776,64.66639709472656,154.00979614257812,53.41328811645508
2022-04-10,25.0,92.5,Assam,Cachar,Malidor_Indian_oil_pp1 near Indian Oil Petrol Pump,1,5.4661335945129395,5.4661335945129395,26.501270294189453,86.05489349365234,194.15150451660156,0.421936035156217,0.6105,204.9633331298828,1224.0,275.96075439453125,5.487831143215172,34.94692623136583,7.116754878189429,0.4166666666666667,44.536964416503906,142.9350128173828,54.15533447265625
2024-01-16,24.5,94.25,Non-Landslide Grid,Non-Landslide Grid,"Grid (24.5, 94.25)",0,0.0,0.0,0.0,0.0,4.015805244445801,0.24867248535148545,0.8320000000000001,899.6219482421875,1397.0,310.79998779296875,11.557319884351068,26.65659757223812,4.995448423921887,0.0,94.45654296875,135.67987060546875,26.132293701171875
2020-04-03,24.75,94.0,Non-Landslide Grid,Non-Landslide Grid,"Grid (24.75, 94.0)",0,2.1368494033813477,2.1368494033813477,2.1368494033813477,16.328678131103516,20.115367889404297,0.2608566284179798,0.4195,825.2747192382812,715.0,86.79336547851562,2.826579707596773,24.518171520500573,3.987665973213985,0.0,23.277711868286133,84.06521606445312,29.67618179321289
2020-11-05,24.0,92.75,Non-Landslide Grid,Non-Landslide Grid,"Grid (24.0, 92.75)",0,1.1179438829421997,13.869620323181152,29.52613639831543,87.53770446777344,137.40731811523438,0.3930282592773522,0.8844000000000001,413.1927795410156,1166.0,224.97134399414062,9.87710112852536,28.642389605063794,5.463043876220932,0.0,78.46573638916016,133.672607421875,33.23142623901367
2020-11-03,27.75,93.5,Non-Landslide Grid,Non-Landslide Grid,"Grid (27.75, 93.5)",0,8.603062629699707,8.603062629699707,8.603062629699707,59.73622512817383,107.51578521728516,0.42491149902344466,0.8809,1602.0572509765625,2656.0,483.55938720703125,16.271410052414023,38.71420090681496,6.355502250626034,1.25,128.99514770507812,191.6719207763672,36.09746551513672
2025-11-10,25.0,93.25,Non-Landslide Grid,Non-Landslide Grid,"Grid (25.0, 93.25)",0,0.0,0.0,33.405548095703125,37.23258972167969,84.79088592529297,0.3100738525391795,0.8375,388.9544372558594,1577.0,313.54296875,8.403385222002298,40.00247247916611,6.875988133093646,0.5833333333333334,66.5434341430664,151.4106903076172,48.10566329956055
2021-08-13,28.75,94.75,Arunachal Pradesh,Upper Siang,Between Tuting and Yingkiong,1,33.706077575683594,68.20939636230469,103.79936218261719,172.46875,227.49221801757812,0.4292488098144548,0.8766,1346.776611328125,2496.0,500.8155822753906,21.126720099482604,42.692614624157635,7.449301184118711,10.222222222222223,167.07745361328125,231.20486450195312,38.11601638793945
2024-04-24,28.25,95.75,Arunachal Pradesh,Dibang Valley,Hunli and Anini BetweeenHunli and Anini,1,26.3812198638916,36.77167892456055,49.69487762451172,66.5423355102539,215.77603149414062,0.47290802001959353,0.7204,807.4439086914062,2630.0,650.5936279296875,12.186972084827884,43.34744990114847,11.453413973361945,8.722222222222223,96.88633728027344,238.21914672851562,86.88335418701172
2025-11-05,24.0,93.5,Non-Landslide Grid,Non-Landslide Grid,"Grid (24.0, 93.5)",0,6.732691764831543,8.808025360107422,8.808025360107422,8.808025360107422,28.12160873413086,0.40385437011718983,0.8526,1051.4727783203125,1465.0,259.076904296875,10.757571310241355,34.85748554397274,6.109172066628611,0.5833333333333334,86.23493194580078,160.7151336669922,38.80709457397461
2023-08-27,27.75,92.25,Non-Landslide Grid,Non-Landslide Grid,"Grid (27.75, 92.25)",0,19.476022720336914,43.655029296875,121.90172576904297,192.7719268798828,360.5916442871094,0.4264564514160034,0.7239,4753.14111328125,3193.0,500.3550720214844,16.699716847559724,40.642120257495016,8.164041230138745,6.888888888888889,135.24229431152344,225.8867645263672,52.33216857910156
2025-05-19,25.5,92.0,Non-Landslide Grid,Non-Landslide Grid,"Grid (25.5, 92.0)",0,13.256422996520996,18.85747528076172,42.08684158325195,115.90910339355469,175.97486877441406,0.47537231445311656,0.6888000000000001,1362.2994384765625,1410.0,264.5621337890625,7.554808330244862,33.88208370808656,6.750802082738645,0.638888888888889,61.715328216552734,167.0863800048828,48.47831726074219
2023-06-05,28.0,93.5,Arunachal Pradesh,Kurung Kumey,Kurung 2 Near Kurung bridge,1,0.9959923028945923,8.668176651000977,10.291894912719727,43.83740997314453,95.11566162109375,0.40245056152343683,0.8842000000000001,1484.33642578125,2599.0,493.2527160644531,19.551023521149574,43.518193096968105,7.1927422143998125,7.638888888888889,155.8037567138672,234.24903869628906,41.94073486328125
2025-06-04,26.25,91.75,Assam,Kamrup Metro,Pachali Colony area of Maligaon,1,2.4527134895324707,13.588434219360352,175.1868438720703,205.7995147705078,349.176025390625,0.5108299255370942,0.8332,67.3949966430664,295.0,37.075172424316406,1.4509254283381814,16.29219827144022,2.417741974738188,0.0,12.47722339630127,53.43284225463867,18.373598098754883
2024-08-10,25.0,92.75,Assam,Damchera Landslide Name,Landslide Location SilcharHaflong Road section,1,26.11205291748047,51.38987350463867,195.06936645507812,357.86224365234375,513.1773681640625,0.43100738525402166,0.7987000000000001,274.126953125,1465.0,315.2989196777344,7.0296151565544855,32.894933863241256,6.950774825954634,0.05555555555555555,56.27210235595703,144.00457763671875,50.87444305419922
2023-09-04,25.25,90.5,Non-Landslide Grid,Non-Landslide Grid,"Grid (25.25, 90.5)",0,26.66518211364746,26.66518211364746,28.70714569091797,370.9556579589844,757.207275390625,0.4070739746094946,0.8209000000000001,110.20999908447266,470.0,81.19135284423828,3.1080991690904507,17.643092472165375,2.508927115792947,0.0,26.54151725769043,56.400413513183594,17.79831886291504
2023-04-16,23.25,91.5,Non-Landslide Grid,Non-Landslide Grid,"Grid (23.25, 91.5)",0,0.0,0.0,0.0,15.297566413879395,91.54255676269531,0.28096008300784125,0.5975,38.200279235839844,115.0,20.5236759185791,0.6370969238191169,3.304631628350103,0.5353421781181678,0.0,5.406652450561523,13.076696395874023,3.765470266342163
2021-03-13,26.5,91.25,Non-Landslide Grid,Non-Landslide Grid,"Grid (26.5, 91.25)",0,0.0,3.903724193572998,8.634889602661133,21.12986183166504,21.12986183166504,0.19622802734372896,0.4655,49.15250015258789,30.0,5.363800525665283,0.18562209965120394,0.7075021771317639,0.11761823001777501,0.0,1.8064534664154053,3.3175644874572754,0.807574987411499
2022-05-15,25.0,92.75,Assam,Cachar,devi-nala-1 devi nala,1,17.392393112182617,209.87167358398438,389.2757263183594,429.9621276855469,673.3184814453125,0.47242736816394554,0.7506,274.126953125,1465.0,315.2989196777344,7.0296151565544855,32.894933863241256,6.950774825954634,0.05555555555555555,56.27210235595703,144.00457763671875,50.87444305419922
2024-06-19,25.5,91.75,Meghalaya,Pomlum Landslide,Pomlum Laitlyngkot village in,1,24.891170501708984,137.74562072753906,291.25921630859375,340.369140625,946.16796875,0.48936462402349595,0.7817000000000001,1670.7216796875,913.0,153.39508056640625,5.919859729912694,32.03817497959001,5.573524917136624,0.1388888888888889,48.907474517822266,137.64651489257812,39.82622146606445
2021-05-13,25.75,93.75,Non-Landslide Grid,Non-Landslide Grid,"Grid (25.75, 93.75)",0,3.0868074893951416,4.5561418533325195,13.84024429321289,49.01128387451172,57.6696662902832,0.46754074096685083,0.6506000000000001,323.7869567871094,1453.0,169.9934844970703,3.137159307419787,28.946238016299887,3.842826353315334,0.0,25.070592880249023,84.23445892333984,28.07028579711914
2023-09-10,27.75,88.75,Non-Landslide Grid,Non-Landslide Grid,"Grid (27.75, 88.75)",0,0.5970064401626587,43.087440490722656,53.087013244628906,117.43754577636719,379.8825378417969,0.41128158569335294,0.7584000000000001,4340.54052734375,3671.0,701.1093139648438,22.058517394334256,51.09030549442803,9.564728520521404,22.083333333333332,176.6709442138672,290.73370361328125,63.35601043701172
2021-02-12,28.25,93.75,Non-Landslide Grid,Non-Landslide Grid,"Grid (28.25, 93.75)",0,0.0,0.0,3.6224210262298584,6.725512504577637,11.56501293182373,0.3267250061035039,0.7411,2163.187744140625,3233.0,651.02685546875,21.59219516730122,43.9618607568965,7.902084776124613,14.63888888888889,170.12351989746094,251.8534393310547,47.64670944213867
2024-06-27,26.75,95.0,Non-Landslide Grid,Non-Landslide Grid,"Grid (26.75, 95.0)",0,10.099563598632812,27.653642654418945,109.92778015136719,252.92190551757812,470.4920654296875,0.4709548950195715,0.794,543.7974853515625,1130.0,251.58050537109375,9.127152051734038,26.91429558500754,5.211083181012855,0.0,71.07180786132812,124.88502502441406,33.10852813720703
2022-05-15,25.0,92.75,Assam,Cachar,doloi_chunga_s2 doloi chunga,1,17.392393112182617,209.87167358398438,389.2757263183594,429.9621276855469,673.3184814453125,0.47242736816394554,0.7506,274.126953125,1465.0,315.2989196777344,7.0296151565544855,32.894933863241256,6.950774825954634,0.05555555555555555,56.27210235595703,144.00457763671875,50.87444305419922
2023-12-06,27.25,92.75,Non-Landslide Grid,Non-Landslide Grid,"Grid (27.25, 92.75)",0,0.0,0.0,0.0,1.2975858449935913,1.562995195388794,0.29419708251952414,0.8966000000000001,1064.0302734375,2489.0,430.59619140625,16.90999999597306,36.56335488201379,6.799202817058838,2.5833333333333335,136.30735778808594,208.24038696289062,40.6927490234375
2023-10-02,28.75,94.5,Non-Landslide Grid,Non-Landslide Grid,"Grid (28.75, 94.5)",0,6.623546123504639,8.506767272949219,31.826656341552734,199.24696350097656,287.481201171875,0.3904495239257503,0.7751,2875.245361328125,3705.0,813.9151000976562,22.60490357523754,45.50286324694302,7.307042541447593,16.13888888888889,178.1750030517578,257.02459716796875,43.789249420166016
2021-08-25,28.75,94.75,Non-Landslide Grid,Non-Landslide Grid,"Grid (28.75, 94.75)",0,43.15977478027344,51.04499816894531,142.8243408203125,318.08636474609375,442.5914306640625,0.4281692504882848,0.8766,1346.776611328125,2496.0,500.8155822753906,21.126720099482604,42.692614624157635,7.449301184118711,10.222222222222223,167.07745361328125,231.20486450195312,38.11601638793945
2025-04-04,27.0,92.25,Non-Landslide Grid,Non-Landslide Grid,"Grid (27.0, 92.25)",0,0.0,0.0,0.0,5.544429779052734,27.53870391845703,0.3690185546872907,0.8150000000000001,1233.8455810546875,2768.0,810.8165893554688,12.77755647404526,38.20715044651788,8.378771528762524,2.2222222222222223,102.58639526367188,202.26300048828125,60.985599517822266
2021-03-10,24.75,93.0,Non-Landslide Grid,Non-Landslide Grid,"Grid (24.75, 93.0)",0,0.0,4.873263359069824,9.369596481323242,9.369596481323242,9.369596481323242,0.2676620483398097,0.4701,62.61916732788086,690.0,84.31732177734375,1.6367193980536439,30.097787496872282,3.1067266734390007,0.05555555555555555,13.475712776184082,55.42180252075195,22.83565330505371
2022-03-02,26.0,92.75,Non-Landslide Grid,Non-Landslide Grid,"Grid (26.0, 92.75)",0,0.0,1.678124189376831,11.474201202392578,15.944010734558105,36.96587371826172,0.30187225341801643,0.3266,92.85527801513672,437.0,67.35139465332031,0.672817939872994,8.807904322409069,1.2468140743328904,0.0,5.64442253112793,28.586381912231445,9.361499786376953
2020-10-20,28.0,96.25,Non-Landslide Grid,Non-Landslide Grid,"Grid (28.0, 96.25)",0,9.677085876464844,9.86734390258789,9.86734390258789,21.266674041748047,148.9332275390625,0.3951110839843658,0.9227,1010.63916015625,3248.0,717.9768676757812,14.608358823290267,50.58299895207718,11.25750624294583,9.5,115.78157806396484,248.3529510498047,84.56777954101562
2024-06-15,25.25,90.25,Meghalaya,Garo Dopogre Landslide,Paikan 1 Road Tura Dalu NH,1,89.07714080810547,179.7403564453125,212.24151611328125,460.58087158203125,986.9158325195312,0.42585754394533126,0.7372000000000001,73.40249633789062,225.0,46.14529037475586,1.6844911888991303,8.95405354971055,1.6341408856870685,0.0,14.641450881958008,38.95814895629883,12.443431854248047
2022-03-16,27.75,94.25,Non-Landslide Grid,Non-Landslide Grid,"Grid (27.75, 94.25)",0,0.0,0.0,0.0,0.5998891592025757,27.642738342285156,0.28070449829096256,0.8466,893.6763916015625,2277.0,427.7653503417969,17.322903873453644,42.07766441958304,6.998357627634596,2.861111111111111,140.36521911621094,206.5841827392578,40.71442794799805
2020-05-20,24.0,93.0,Non-Landslide Grid,Non-Landslide Grid,"Grid (24.0, 93.0)",0,2.026736259460449,2.026736259460449,9.999799728393555,25.56017303466797,94.68443298339844,0.3868713378906185,0.8442000000000001,652.5986328125,1538.0,274.19122314453125,13.282334633206922,33.1519089677372,5.594494055648118,0.2222222222222222,106.63568878173828,165.07130432128906,31.688812255859375
2022-07-02,27.75,88.25,Non-Landslide Grid,Non-Landslide Grid,"Grid (27.75, 88.25)",0,9.132006645202637,32.53486251831055,92.9756851196289,343.00006103515625,689.1325073242188,0.3587760925292782,0.1623,5411.60888671875,5965.0,825.2498779296875,22.587880344897407,58.60195193055539,12.185762183943721,26.805555555555554,189.22482299804688,384.72686767578125,101.63878631591797
2023-10-19,24.5,93.25,Non-Landslide Grid,Non-Landslide Grid,"Grid (24.5, 93.25)",0,0.0,0.0,0.0,14.190633773803711,98.17578887939453,0.3439636230468832,0.897,358.87945556640625,1108.0,179.823974609375,8.805336483867881,31.15678605754892,5.150216097817887,0.05555555555555555,72.0702133178711,128.0958709716797,32.14580535888672
2020-07-28,24.75,94.0,Non-Landslide Grid,Non-Landslide Grid,"Grid (24.75, 94.0)",0,11.22475814819336,11.417228698730469,34.26617431640625,91.04197692871094,156.11595153808594,0.4562683105468994,0.8353,825.2747192382812,715.0,86.79336547851562,2.826579707596773,24.518171520500573,3.987665973213985,0.0,23.277711868286133,84.06521606445312,29.67618179321289
2022-09-05,25.25,94.25,Non-Landslide Grid,Non-Landslide Grid,"Grid (25.25, 94.25)",0,0.6911976933479309,8.624157905578613,23.271156311035156,73.1072769165039,85.74685668945312,0.45478820800776654,0.8336,1430.0185546875,1384.0,287.5816345214844,11.674566235110182,28.340971183162768,5.219642748494721,0.0,90.2953109741211,142.03536987304688,29.378387451171875
2020-08-28,28.0,96.75,Non-Landslide Grid,Non-Landslide Grid,"Grid (28.0, 96.75)",0,1.2061676979064941,3.8701629638671875,10.208841323852539,71.82866668701172,165.55442810058594,0.4149627685546734,0.8501000000000001,2343.101318359375,3668.0,819.2395629882812,24.44451092859459,44.491718187459,7.8590097378516806,25.75,195.9915313720703,268.7579345703125,45.308929443359375
2020-06-27,27.25,88.5,Sikkim,East Sikkim,Tessta V NHPC Landslide,1,8.52026081085205,40.515533447265625,113.91297912597656,359.66473388671875,475.2323913574219,0.4231262207031192,0.8373,1310.343017578125,2905.0,563.8278198242188,19.43016042352437,44.443769020233006,6.897398642525547,5.361111111111111,150.6671905517578,223.98939514160156,42.2029914855957
2020-10-08,25.25,91.0,Non-Landslide Grid,Non-Landslide Grid,"Grid (25.25, 91.0)",0,11.634315490722656,81.29325103759766,94.56331634521484,1069.474365234375,1950.044921875,0.4851608276367256,0.8906000000000001,280.16278076171875,898.0,198.5218505859375,4.844563823705283,27.030050112309205,4.273744423013633,0.0,38.694488525390625,96.8629150390625,30.590980529785156
2022-06-17,25.25,90.75,Meghalaya,South Garo Hills,Siju_landslide Siju Village,1,921.0602416992188,2310.901611328125,3082.142822265625,3881.03759765625,4256.47509765625,0.4504394531250532,0.8255,220.2130584716797,990.0,198.9566192626953,5.50720102468387,27.625152906350095,4.717735264599902,0.0,45.642330169677734,112.03004455566406,33.80620574951172
2022-10-20,27.5,95.0,Non-Landslide Grid,Non-Landslide Grid,"Grid (27.5, 95.0)",0,0.14132972061634064,0.14132972061634064,17.82646369934082,96.1301498413086,173.13441467285156,0.4245758056640536,0.8097000000000001,109.14749908447266,23.0,3.3267719745635986,0.14014115393837162,1.6076592164087455,0.12061702813070416,0.0,1.3319610357284546,2.5495097637176514,0.8533905148506165
2021-06-15,26.5,90.0,Non-Landslide Grid,Non-Landslide Grid,"Grid (26.5, 90.0)",0,0.5109766125679016,24.845401763916016,35.20932388305664,176.8812255859375,307.92742919921875,0.38858032226572203,0.7439,56.6533317565918,52.0,9.820548057556152,0.14294568489143822,1.6674019570925946,0.12519815859582314,0.0,1.2561147212982178,2.7838821411132812,0.8265275359153748
2025-09-07,24.25,92.0,Non-Landslide Grid,Non-Landslide Grid,"Grid (24.25, 92.0)",0,86.25965881347656,109.17333221435547,122.12203979492188,242.13632202148438,340.5188293457031,0.4001159667968696,0.8016000000000001,68.33444213867188,234.0,36.19500732421875,1.3081239000365223,10.326522372387192,1.3754621604284945,0.0,10.753236770629883,33.304649353027344,10.289295196533203
2021-05-03,25.75,90.0,Non-Landslide Grid,Non-Landslide Grid,"Grid (25.75, 90.0)",0,65.92259979248047,78.55863952636719,82.04732513427734,87.01168060302734,231.16448974609375,0.3996429443360051,0.7173,67.37972259521484,315.0,57.01261520385742,1.074160892015206,13.420996454219074,1.2903401630573892,0.0,8.647370338439941,25.551294326782227,9.001255989074707
2025-11-14,26.25,90.0,Non-Landslide Grid,Non-Landslide Grid,"Grid (26.25, 90.0)",0,0.0,0.0,0.0,24.621652603149414,25.101699829101562,0.29611206054687705,0.8529,45.26305389404297,37.0,8.158735275268555,0.34390336090684603,1.6093711256081877,0.2893858910089453,0.0,2.9364027976989746,6.661924839019775,1.9231786727905273
2021-11-28,26.0,90.25,Non-Landslide Grid,Non-Landslide Grid,"Grid (26.0, 90.25)",0,0.0,0.0,0.0,0.0,0.0,0.16684722900388171,0.6811,50.90361022949219,310.0,41.2567024230957,0.7424694772682515,13.43728086740383,1.4107051372004447,0.0,6.2733612060546875,31.28388023376465,10.727988243103027
2024-06-23,24.0,94.0,Non-Landslide Grid,Non-Landslide Grid,"Grid (24.0, 94.0)",0,0.7320337295532227,2.3744001388549805,14.505988121032715,23.057308197021484,123.47960662841797,0.43061828613308506,0.8562000000000001,1112.3905029296875,1970.0,384.6387023925781,13.368118460135134,30.430661338561226,5.088212487763951,0.027777777777777776,107.17179870605469,151.6919403076172,26.42008399963379
2024-07-22,27.0,93.5,Arunachal Pradesh,Papum Pare,Holongi Landslide BetweeenHolon gi and Itanagar,1,11.800251960754395,23.815231323242188,25.849777221679688,119.33538818359375,330.02587890625,0.422409057617204,0.8901,355.9505615234375,1665.0,296.9815979003906,5.933726472852088,32.66514584979479,6.165044312996405,0.1111111111111111,49.377342224121094,140.6566925048828,47.237037658691406
2022-01-07,26.0,92.5,Non-Landslide Grid,Non-Landslide Grid,"Grid (26.0, 92.5)",0,0.0,0.0,0.0,6.477431774139404,7.784642219543457,0.26329040527338715,0.7813,353.65972900390625,678.0,190.900390625,4.571070359635543,22.66155124479494,3.7939397398009924,0.0,37.79451370239258,90.0302734375,26.104530334472656
2025-05-30,25.75,92.0,Meghalaya,Ri Bhoi,Umbang Landslide,1,103.3324966430664,111.45738983154297,142.70361328125,261.2294921875,363.6540222167969,0.5154647827148221,0.6665,917.2408447265625,859.0,130.39633178710938,4.714470137470853,21.87834296680697,3.6313367608752385,0.0,39.3952522277832,86.12773895263672,23.6353702545166
2020-09-30,25.25,92.25,Non-Landslide Grid,Non-Landslide Grid,"Grid (25.25, 92.25)",0,0.0,6.538199424743652,76.06619262695312,150.8338165283203,339.6681823730469,0.4781570434570541,0.8792000000000001,776.0238647460938,1322.0,357.3675231933594,5.895885341126151,25.47091491614314,4.7990301285115855,0.0,47.91184997558594,115.95841217041016,34.28144836425781
2024-11-15,27.0,92.5,Non-Landslide Grid,Non-Landslide Grid,"Grid (27.0, 92.5)",0,0.0,0.0,0.0,1.205794334411621,26.702556610107422,0.30747985839861447,0.8677,741.2086181640625,3050.0,695.518798828125,9.641513969355696,38.87096797564732,8.623184388668472,1.5,77.50574493408203,186.1094207763672,64.16087341308594
2020-05-06,25.5,90.75,Non-Landslide Grid,Non-Landslide Grid,"Grid (25.5, 90.75)",0,22.63489532470703,26.90325927734375,59.92976760864258,234.830078125,443.48516845703125,0.5062637329100922,0.7548,390.7541809082031,869.0,137.77670288085938,4.502417572893615,24.515239572592176,3.4412196162224515,0.0,36.87894058227539,86.07024383544922,23.63579559326172
2024-10-18,28.75,96.0,Non-Landslide Grid,Non-Landslide Grid,"Grid (28.75, 96.0)",0,0.5828501582145691,4.150157451629639,64.66120147705078,200.4650421142578,336.7652893066406,0.41609954833985685,0.8739,2497.4091796875,3651.0,782.8612670898438,22.067963141205666,44.771191436200475,8.098994007816286,16.694444444444446,176.60426330566406,255.8905029296875,48.057762145996094
2022-05-15,25.25,92.75,Assam,Dima Hasao,harangajao_nw harangjao,1,13.491990089416504,218.3403778076172,403.6387023925781,433.88177490234375,692.2595825195312,0.47227859497074953,0.6979000000000001,1091.2467041015625,1373.0,231.5597381591797,7.584705907355589,34.43482800660637,4.5059173844757305,0.1111111111111111,60.79730224609375,117.44474792480469,29.72018051147461
2023-12-11,26.0,94.75,Non-Landslide Grid,Non-Landslide Grid,"Grid (26.0, 94.75)",0,0.0,3.9647624492645264,42.185489654541016,42.185489654541016,82.4556655883789,0.4543914794921552,0.8228000000000001,1458.9405517578125,1831.0,406.3719177246094,16.022965692592955,32.756569682632716,5.710380092151458,0.2222222222222222,125.12663269042969,175.21231079101562,29.32090950012207
2020-06-25,27.5,88.5,Sikkim,North Sikkim,North_Sikkim_cutoff_event_1,1,38.24916076660156,75.10148620605469,167.6402587890625,357.68408203125,610.2171630859375,0.42666625976562117,0.8506,2168.81982421875,3697.0,796.494384765625,23.632660743125502,49.23240538360047,7.919056484581935,20.916666666666668,188.52566528320312,282.9498291015625,52.20234680175781
2022-08-31,27.75,88.75,Sikkim,North Sikkim,"Poom_landslide Poom, Yumthang_Valley",1,37.57426834106445,71.11498260498047,94.69831848144531,182.93792724609375,442.41668701171875,0.42393493652343683,0.6904,4340.54052734375,3671.0,701.1093139648438,22.058517394334256,51.09030549442803,9.564728520521404,22.083333333333332,176.6709442138672,290.73370361328125,63.35601043701172
2025-05-30,25.75,92.0,Meghalaya,Ri Bhoi,Umiam Landslide 9,1,103.3324966430664,111.45738983154297,142.70361328125,261.2294921875,363.6540222167969,0.5154647827148221,0.6665,917.2408447265625,859.0,130.39633178710938,4.714470137470853,21.87834296680697,3.6313367608752385,0.0,39.3952522277832,86.12773895263672,23.6353702545166
2023-01-14,27.5,93.0,Non-Landslide Grid,Non-Landslide Grid,"Grid (27.5, 93.0)",0,1.0302526950836182,1.155998706817627,1.155998706817627,1.155998706817627,7.137238502502441,0.37805175781246964,0.7572,1176.511962890625,1821.0,389.470458984375,16.355365607707643,33.85954950009676,5.652813207767165,0.4166666666666667,125.92327880859375,175.48025512695312,29.11582374572754
2021-07-18,23.5,93.25,Non-Landslide Grid,Non-Landslide Grid,"Grid (23.5, 93.25)",0,11.814600944519043,22.388248443603516,81.9117202758789,122.72344207763672,203.94326782226562,0.4116287231444997,0.6880000000000001,1168.5150146484375,1179.0,224.37669372558594,11.817134948886705,32.43801863001352,5.679167882227417,0.1111111111111111,95.34366607666016,150.8507080078125,32.57124710083008
2021-05-06,29.0,94.25,Non-Landslide Grid,Non-Landslide Grid,"Grid (29.0, 94.25)",0,1.4050792455673218,4.730623722076416,32.079036712646484,112.17478942871094,436.6192626953125,0.41625213623048385,0.7142000000000001,3643.857666015625,2815.0,498.7054138183594,20.568498689017602,44.0719968704354,8.143864848690667,11.444444444444445,164.49147033691406,245.8472900390625,47.924293518066406
2022-06-09,25.5,90.0,Meghalaya,West Garo Hills,"Jebalgre_landslide Jebalgre Village, Gambegre 45 km from Tura",1,93.43229675292969,172.44287109375,452.82763671875,479.13470458984375,1436.5194091796875,0.4183959960938309,0.8221,83.89027404785156,562.0,60.985748291015625,1.6985494366384757,18.375420595071056,1.8545637645266666,0.0,14.301230430603027,37.069862365722656,12.967105865478516
2025-02-07,27.75,96.0,Non-Landslide Grid,Non-Landslide Grid,"Grid (27.75, 96.0)",0,1.8784672021865845,1.8784672021865845,2.163790702819824,7.922166347503662,8.432312965393066,0.3619613647462401,0.803,200.50083923339844,408.0,71.52455139160156,0.8900150931918519,5.634020640191341,1.058786573294691,0.0,6.807943820953369,23.394710540771484,7.5052642822265625
2022-05-14,26.5,93.75,Non-Landslide Grid,Non-Landslide Grid,"Grid (26.5, 93.75)",0,3.3942105770111084,14.950940132141113,16.322731018066406,54.877960205078125,133.67373657226562,0.5039978027344048,0.7629,198.44972229003906,871.0,170.5171356201172,2.833090595938026,23.320525903760775,4.231543302082891,0.0,23.3657283782959,95.2550048828125,31.480823516845703
2024-07-06,28.25,95.0,Arunachal Pradesh,Siang District,Babuk Landslide highway between Babuk and Kebang Village,1,27.70743751525879,139.7910919189453,442.4435119628906,679.0596923828125,827.978271484375,0.4197921752929802,0.9138,910.6333618164062,1889.0,404.7454528808594,17.056438182879226,34.66714758614648,6.508510630460296,1.5555555555555556,135.1522674560547,193.98526000976562,35.65961837768555
2023-01-28,22.75,92.75,Non-Landslide Grid,Non-Landslide Grid,"Grid (22.75, 92.75)",0,0.0,0.0,0.0,0.0,0.0,0.12821960449218892,0.8222,471.7497253417969,1379.0,257.7286682128906,9.469634715442576,26.744698660572194,5.39070092400143,0.0,78.04711151123047,139.4850311279297,33.80046844482422
2025-07-06,26.5,91.0,Non-Landslide Grid,Non-Landslide Grid,"Grid (26.5, 91.0)",0,0.0,18.975276947021484,52.740779876708984,114.23365783691406,183.2795867919922,0.390655517578127,0.6971,46.88249969482422,23.0,4.239080429077148,0.16876433319302767,1.0188617306461003,0.11663258871731852,0.0,1.5922232866287231,3.0618622303009033,0.7721940279006958
2023-11-22,28.75,94.0,Non-Landslide Grid,Non-Landslide Grid,"Grid (28.75, 94.0)",0,8.613051414489746,8.613051414489746,8.613051414489746,9.546671867370605,21.61530303955078,0.3947525024413991,0.327,3577.3251953125,2976.0,665.001953125,19.414225352620836,43.62889412441403,7.739202902579202,9.25,154.01666259765625,233.36834716796875,45.09198760986328
2025-05-20,26.25,91.75,Assam,Kamrup Metro,Maligaon's Hilltop Colony,1,28.458354949951172,39.59457015991211,86.08203125,143.37649536132812,225.479736328125,0.41569519042972647,0.7087,67.3949966430664,295.0,37.075172424316406,1.4509254283381814,16.29219827144022,2.417741974738188,0.0,12.47722339630127,53.43284225463867,18.373598098754883
2025-12-31,28.25,96.75,Non-Landslide Grid,Non-Landslide Grid,"Grid (28.25, 96.75)",0,0.0,0.471917986869812,0.471917986869812,0.471917986869812,0.471917986869812,0.3266334533690107,0.7471,3192.26220703125,3760.0,777.3504028320312,25.01511828936123,51.8135373565446,9.044560316308626,32.861111111111114,207.51364135742188,299.4259033203125,54.75053405761719
2024-04-21,22.5,92.75,Non-Landslide Grid,Non-Landslide Grid,"Grid (22.5, 92.75)",0,0.0,14.147855758666992,14.147855758666992,23.795875549316406,33.45133972167969,0.1411743164062413,0.7708,417.3094482421875,1056.0,222.3340301513672,9.051629002092756,29.277202621801816,5.429355172156811,0.0,73.64885711669922,131.6678924560547,34.930362701416016
2023-07-27,23.75,92.75,Mizoram,Aizawl,Vaivakawn Landslide Vaivakawn Zohnuai area,1,27.61211585998535,84.4745864868164,182.77474975585938,242.1696319580078,327.7275085449219,0.40805816650391413,0.8502000000000001,558.530029296875,1301.0,251.22454833984375,11.561747209331001,33.20981307339313,5.7138444190846345,0.25,94.32711791992188,152.0427703857422,34.32426834106445
2022-06-29,27.0,94.5,Non-Landslide Grid,Non-Landslide Grid,"Grid (27.0, 94.5)",0,9.840086936950684,71.25482940673828,138.87625122070312,216.82977294921875,372.7666015625,0.4989318847656095,0.6259,90.65249633789062,22.0,2.8395166397094727,0.16545223562159941,0.8522828008589193,0.11457742075278793,0.0,1.5466325283050537,3.0,0.8212949633598328
2023-12-27,28.75,95.75,Non-Landslide Grid,Non-Landslide Grid,"Grid (28.75, 95.75)",0,0.0,0.0,0.0,10.461935997009277,18.650911331176758,0.3990097045897989,0.8400000000000001,2329.892333984375,2786.0,595.1620483398438,18.067088109814307,42.4756221836399,8.234818771439365,9.388888888888888,143.6309356689453,242.38714599609375,55.86472702026367
2020-08-06,25.5,93.25,Non-Landslide Grid,Non-Landslide Grid,"Grid (25.5, 93.25)",0,0.0,3.377859592437744,7.843890190124512,79.51759338378906,140.78028869628906,0.47221374511723624,0.9089,358.20166015625,609.0,98.87348175048828,4.135225908768584,22.99099559897999,3.4155016860409595,0.0,33.49117660522461,81.11685180664062,22.557592391967773
2020-05-26,27.5,94.75,Non-Landslide Grid,Non-Landslide Grid,"Grid (27.5, 94.75)",0,48.87879180908203,107.08441925048828,155.60464477539062,227.07867431640625,293.1852111816406,0.4614028930664945,0.6287,104.59388732910156,38.0,5.581822395324707,0.1302345706068359,1.1555514767930655,0.1032864828524461,0.0,1.1642005443572998,2.423840045928955,0.6909770369529724
2024-06-14,25.75,92.0,Meghalaya,Umiam Landslide,Ri Bhoi region NH,1,10.836674690246582,53.90575408935547,73.521728515625,178.0006103515625,413.06231689453125,0.43104553222658365,0.773,917.2408447265625,859.0,130.39633178710938,4.714470137470853,21.87834296680697,3.6313367608752385,0.0,39.3952522277832,86.12773895263672,23.6353702545166
2025-09-20,27.25,92.25,Non-Landslide Grid,Non-Landslide Grid,"Grid (27.25, 92.25)",0,2.8605620861053467,25.603557586669922,71.74382019042969,101.97332000732422,137.7152862548828,0.4242820739746076,0.8566,2524.25830078125,2412.0,462.11126708984375,17.175085721954495,37.77787775844631,6.853860959481779,2.888888888888889,137.6384735107422,207.30628967285156,40.15293502807617
2020-07-18,27.25,93.5,Non-Landslide Grid,Non-Landslide Grid,"Grid (27.25, 93.5)",0,3.479233503341675,40.65150833129883,110.3908462524414,434.20733642578125,801.892333984375,0.4674072265624919,0.6381,1506.97412109375,2357.0,400.4650573730469,13.490002771301448,35.73032569319689,5.876769363504501,0.3888888888888889,106.12234497070312,172.48289489746094,35.388729095458984
2025-02-13,25.75,92.0,Non-Landslide Grid,Non-Landslide Grid,"Grid (25.75, 92.0)",0,0.0,0.0,0.0,0.0,1.3316569328308105,0.294128417968751,0.4625,917.2408447265625,859.0,130.39633178710938,4.714470137470853,21.87834296680697,3.6313367608752385,0.0,39.3952522277832,86.12773895263672,23.6353702545166
2022-08-09,25.75,90.75,Non-Landslide Grid,Non-Landslide Grid,"Grid (25.75, 90.75)",0,4.976551055908203,47.32919692993164,145.81826782226562,295.7218017578125,457.1073303222656,0.4633750915527022,0.8423,343.042236328125,612.0,114.87918090820312,4.266481429972291,18.878320236794654,3.253566480746816,0.0,35.23768997192383,73.53412628173828,21.00526237487793
2020-10-02,23.75,92.75,Mizoram,Aizawl,Vaivakawn_1,1,23.63062286376953,28.376352310180664,41.09523010253906,85.0495834350586,193.05401611328125,0.42245483398437966,0.8211,558.530029296875,1301.0,251.22454833984375,11.561747209331001,33.20981307339313,5.7138444190846345,0.25,94.32711791992188,152.0427703857422,34.32426834106445
2020-12-30,26.5,93.25,Non-Landslide Grid,Non-Landslide Grid,"Grid (26.5, 93.25)",0,0.0,0.0,0.0,0.0,0.0,0.29003906250000394,0.8583000000000001,358.2972106933594,770.0,243.78945922851562,4.421381017122808,24.279744144814494,4.451682343253157,0.0,36.2896614074707,101.02350616455078,31.975385665893555
2023-01-31,24.5,92.5,Non-Landslide Grid,Non-Landslide Grid,"Grid (24.5, 92.5)",0,0.0,0.0,0.0,0.0,0.0,0.1462402343750269,0.7764000000000001,50.25694274902344,307.0,36.682586669921875,1.0936103779500521,13.123697827867113,1.5810928079540425,0.0,8.989489555358887,33.870338439941406,11.444992065429688
2025-04-10,27.75,95.75,Non-Landslide Grid,Non-Landslide Grid,"Grid (27.75, 95.75)",0,0.0,0.7761971354484558,1.2464708089828491,9.423626899719238,99.96611022949219,0.45087814331042353,0.377,135.81472778320312,29.0,5.7640509605407715,0.18216602711762214,1.387874253946801,0.14190128771812477,0.0,1.645431399345398,3.4278273582458496,0.9563491344451904
2022-02-12,26.5,92.5,Non-Landslide Grid,Non-Landslide Grid,"Grid (26.5, 92.5)",0,3.661614179611206,4.750171661376953,15.635322570800781,36.55381393432617,53.35338592529297,0.39817810058594155,0.4456,62.19722366333008,103.0,4.550945281982422,0.18882843423828546,6.360743183467621,0.32348863849550236,0.0,1.7274324893951416,3.588175058364868,2.4443182945251465
2022-05-15,25.25,93.0,Assam,Dima Hasao,"L18 Near Kendri Vidyalaya, Halflong",1,13.70791244506836,171.51666259765625,325.0523681640625,348.9837951660156,558.1865234375,0.47109222412107926,0.7867000000000001,581.3922119140625,1271.0,220.6673126220703,7.95753565762605,30.952647139700577,4.65836575833331,0.027777777777777776,63.11333465576172,118.19319915771484,29.522968292236328
2023-07-31,27.25,93.0,Non-Landslide Grid,Non-Landslide Grid,"Grid (27.25, 93.0)",0,0.0,72.72795867919922,213.24758911132812,307.6729736328125,776.0721435546875,0.42150878906252537,0.8915000000000001,1055.2911376953125,1795.0,369.5699157714844,14.651790736714245,36.79736456471443,6.273287109789744,1.0833333333333335,117.70903015136719,182.6220245361328,37.93098068237305
2020-03-14,26.0,92.25,Non-Landslide Grid,Non-Landslide Grid,"Grid (26.0, 92.25)",0,0.0,0.0,1.2578290700912476,4.065985679626465,12.527704238891602,0.3530349731445429,0.7098,444.04998779296875,878.0,243.05821228027344,4.672791572706214,23.736006908873335,3.685238962316607,0.0,38.178592681884766,85.69979858398438,24.606050491333008
2020-04-01,28.25,97.0,Non-Landslide Grid,Non-Landslide Grid,"Grid (28.25, 97.0)",0,0.0,0.0,0.0,2.200000047683716,20.407123565673828,0.38140106201181634,0.65,2937.380615234375,3915.0,898.3536987304688,25.401639802241334,57.30023526726715,9.746530013211483,36.19444444444444,207.5095672607422,316.9516296386719,67.75711059570312
2024-05-29,25.5,92.0,Non-Landslide Grid,Non-Landslide Grid,"Grid (25.5, 92.0)",0,43.01213455200195,240.11483764648438,251.85496520996094,316.3253173828125,433.63153076171875,0.5012359619140595,0.6344000000000001,1362.2994384765625,1410.0,264.5621337890625,7.554808330244862,33.88208370808656,6.750802082738645,0.638888888888889,61.715328216552734,167.0863800048828,48.47831726074219
2022-09-09,27.5,91.75,Non-Landslide Grid,Non-Landslide Grid,"Grid (27.5, 91.75)",0,19.787490844726562,27.08039093017578,71.14469909667969,126.92556762695312,185.91879272460938,0.422431945800782,0.8824000000000001,2484.64453125,3419.0,679.2225341796875,21.62838767833097,43.71481016920231,7.461654150626737,13.361111111111112,170.77972412109375,248.0215606689453,46.129119873046875
2022-06-09,26.25,93.5,Non-Landslide Grid,Non-Landslide Grid,"Grid (26.25, 93.5)",0,10.07497787475586,10.07497787475586,11.077737808227539,51.23033905029297,150.97926330566406,0.49048614501945526,0.7685000000000001,764.4630737304688,1115.0,187.61453247070312,7.408891703312911,22.040349152055608,4.4865629752927605,0.0,59.740875244140625,111.79059600830078,28.440887451171875
2020-09-20,25.5,93.5,Non-Landslide Grid,Non-Landslide Grid,"Grid (25.5, 93.5)",0,0.0,8.905635833740234,35.20260238647461,65.17244720458984,135.9629669189453,0.48901367187502054,0.9308,611.6246948242188,1733.0,344.52703857421875,6.448069054883189,30.362898469593656,5.678965113507488,0.08333333333333334,50.81060028076172,131.47381591796875,39.818241119384766
2023-01-17,28.5,95.25,Non-Landslide Grid,Non-Landslide Grid,"Grid (28.5, 95.25)",0,1.5712836980819702,3.363616466522217,4.925111293792725,4.98219108581543,44.068084716796875,0.41666412353517857,0.8452000000000001,1671.7244873046875,3230.0,620.3593139648438,19.416689761111233,43.71046327924893,7.450770780259989,8.083333333333332,152.13458251953125,233.89942932128906,47.15129470825195
2024-06-03,26.25,91.75,Assam,Katahbari,"Landslide Masjid Road No. 1, Katahbari",1,51.32978820800781,70.03955078125,184.04302978515625,213.44761657714844,246.5642852783203,0.4925651550292892,0.8191,67.3949966430664,295.0,37.075172424316406,1.4509254283381814,16.29219827144022,2.417741974738188,0.0,12.47722339630127,53.43284225463867,18.373598098754883
2023-10-18,23.25,91.75,Non-Landslide Grid,Non-Landslide Grid,"Grid (23.25, 91.75)",0,0.0,0.0,2.4249472618103027,53.84040451049805,181.82315063476562,0.38756179809561275,0.8512000000000001,83.91638946533203,225.0,33.92729187011719,1.2443996127615193,8.236260822728928,1.1561737433334793,0.0,10.26632022857666,26.470144271850586,7.961842060089111
2024-01-13,27.0,94.75,Non-Landslide Grid,Non-Landslide Grid,"Grid (27.0, 94.75)",0,0.0,0.0,0.0,0.0,0.0954042449593544,0.2761611938476731,0.4518,97.49222564697266,242.0,8.532743453979492,0.22257384310659808,13.43503472197707,0.5166710304381316,0.0,2.0250585079193115,3.3726844787597656,3.8105945587158203
2023-01-13,24.5,93.0,Non-Landslide Grid,Non-Landslide Grid,"Grid (24.5, 93.0)",0,0.0,0.0,0.0,0.0,11.977388381958008,0.2173004150390163,0.8646,199.3169403076172,900.0,190.72097778320312,5.500342727895433,27.18743015094595,5.209598479718961,0.0,44.432010650634766,116.27139282226562,37.216575622558594
2023-07-28,28.25,94.25,Arunachal Pradesh,Upper Subansiri,Taliha Landslide Donyi Colony in Taliha town,1,29.175458908081055,58.53529357910156,87.68557739257812,109.51422119140625,235.6257781982422,0.42889022827148593,0.8722000000000001,1888.3660888671875,3573.0,785.7053833007812,19.692724875259685,42.70369433344942,6.757839891531304,5.305555555555555,155.3228302001953,222.8927459716797,38.04297637939453
2025-05-31,25.5,91.75,Meghalaya,East Khasi Hills,Laitkroh Landslide 2,1,134.42385864257812,282.88494873046875,328.74578857421875,519.0849609375,659.59765625,0.48547363281253125,0.8818,1670.7216796875,913.0,153.39508056640625,5.919859729912694,32.03817497959001,5.573524917136624,0.1388888888888889,48.907474517822266,137.64651489257812,39.82622146606445
2025-02-24,26.25,94.25,Non-Landslide Grid,Non-Landslide Grid,"Grid (26.25, 94.25)",0,3.982360363006592,12.41087532043457,20.11149787902832,21.707090377807617,22.700672149658203,0.30558776855481384,0.7319,491.7852783203125,1126.0,202.76712036132812,8.039417040978874,28.470151641754825,5.29589844356717,0.0,62.95243835449219,122.80960845947266,34.49464797973633
2020-09-07,25.75,93.75,Nagaland,Dimapur,Patkai Bridge to Kukidolong road stretch,1,3.197402000427246,3.197402000427246,32.78965759277344,51.41619110107422,211.38873291015625,0.45508956909187437,0.8525,323.7869567871094,1453.0,169.9934844970703,3.137159307419787,28.946238016299887,3.842826353315334,0.0,25.070592880249023,84.23445892333984,28.07028579711914
2022-11-29,23.25,93.25,Non-Landslide Grid,Non-Landslide Grid,"Grid (23.25, 93.25)",0,0.0,0.0,0.0,0.0,0.308822900056839,0.2714462280273312,0.8715,1046.5596923828125,1393.0,273.9651794433594,12.221360231224697,34.165413161651,5.353317707704028,0.1111111111111111,97.85552215576172,150.60208129882812,28.638294219970703
2021-04-26,27.75,93.75,Non-Landslide Grid,Non-Landslide Grid,"Grid (27.75, 93.75)",0,0.0,0.0,19.363576889038086,44.43642044067383,83.9957046508789,0.3983650207519234,0.7198,1453.1263427734375,1994.0,357.58099365234375,15.182590486794677,36.29878503196507,6.710351564314028,1.5277777777777777,120.02904510498047,194.6954803466797,42.93043518066406
2024-08-05,28.75,94.5,Non-Landslide Grid,Non-Landslide Grid,"Grid (28.75, 94.5)",0,1.9847744703292847,20.049753189086914,25.192758560180664,92.2691650390625,256.04351806640625,0.42845916748046464,0.8323,2875.245361328125,3705.0,813.9151000976562,22.60490357523754,45.50286324694302,7.307042541447593,16.13888888888889,178.1750030517578,257.02459716796875,43.789249420166016
2023-10-15,25.75,93.0,Non-Landslide Grid,Non-Landslide Grid,"Grid (25.75, 93.0)",0,0.4489605128765106,3.908115863800049,4.100658416748047,65.8189468383789,133.0546875,0.44752502441404035,0.895,152.81971740722656,298.0,59.06819152832031,1.7275602753606332,10.624935907251787,1.5943327614363987,0.0,14.700528144836426,38.704246520996094,12.037955284118652
2024-05-17,27.25,88.5,Sikkim,Pakyong DC office Landslide,Near under construction office DC,1,2.7009761333465576,9.594696998596191,39.10653305053711,64.52153778076172,93.16442108154297,0.3622207641601858,0.7487,1310.343017578125,2905.0,563.8278198242188,19.43016042352437,44.443769020233006,6.897398642525547,5.361111111111111,150.6671905517578,223.98939514160156,42.2029914855957
2022-11-03,26.25,92.0,Non-Landslide Grid,Non-Landslide Grid,"Grid (26.25, 92.0)",0,0.0,0.0,0.0,47.30814743041992,117.16766357421875,0.3961105346679679,0.8435,81.80860900878906,487.0,71.23992919921875,1.4984263825570932,19.891675655384233,2.8474638150595473,0.0,12.53154182434082,62.08441162109375,21.3975887298584
2024-10-30,26.75,91.75,Non-Landslide Grid,Non-Landslide Grid,"Grid (26.75, 91.75)",0,9.627302169799805,9.627302169799805,21.842201232910156,21.96609115600586,172.68348693847656,0.35350036621086905,0.8199000000000001,163.34722900390625,958.0,114.63761138916016,1.4725231527012836,28.998911576994054,2.624748023467814,0.0,11.794045448303223,60.72380828857422,20.014266967773438
2021-03-23,25.75,92.25,Non-Landslide Grid,Non-Landslide Grid,"Grid (25.75, 92.25)",0,0.0,0.0,0.0,7.908185005187988,18.08272933959961,0.3289299011230584,0.6174000000000001,863.1525268554688,623.0,112.7856674194336,4.351224953933891,20.40236602542277,3.2202939845624936,0.0,36.13096618652344,77.72660827636719,21.264589309692383
2025-06-02,25.5,93.0,Assam,Dima Hasao,Haflong Revenue Circle,1,12.548436164855957,104.48892974853516,143.43576049804688,224.8865966796875,330.61968994140625,0.4838409423827755,0.8643000000000001,260.9808349609375,528.0,109.60199737548828,3.776929962821571,21.606093697370188,3.0086132985999514,0.0,32.426116943359375,75.30668640136719,21.059011459350586
2021-12-01,28.25,93.25,Non-Landslide Grid,Non-Landslide Grid,"Grid (28.25, 93.25)",0,0.0,0.0,1.5036934614181519,16.652599334716797,16.652599334716797,0.39186859130854845,0.777,2945.052490234375,3942.0,891.7428588867188,21.465205685596576,50.21517958542878,7.566412678581054,13.63888888888889,167.19906616210938,251.53726196289062,47.7122917175293
2022-05-15,25.0,92.75,Assam,Cachar,lodhi_basti1 lodhi basti,1,17.392393112182617,209.87167358398438,389.2757263183594,429.9621276855469,673.3184814453125,0.47242736816394554,0.7506,274.126953125,1465.0,315.2989196777344,7.0296151565544855,32.894933863241256,6.950774825954634,0.05555555555555555,56.27210235595703,144.00457763671875,50.87444305419922
2025-01-24,27.25,97.0,Non-Landslide Grid,Non-Landslide Grid,"Grid (27.25, 97.0)",0,0.0,0.0,0.0,0.10332569479942322,8.639220237731934,0.2627029418944947,0.8513000000000001,1968.4161376953125,2898.0,674.0406494140625,17.165417753651425,45.64517225282971,8.324720797645515,6.055555555555555,135.86988830566406,222.66241455078125,56.98417663574219
2023-08-25,28.0,97.0,Non-Landslide Grid,Non-Landslide Grid,"Grid (28.0, 97.0)",0,6.042679786682129,9.103602409362793,23.632774353027344,42.273067474365234,100.2955322265625,0.4272460937500053,0.9022,2783.501220703125,3574.0,869.3119506835938,25.84699027623324,50.09329561578092,8.839593051374832,36.083333333333336,212.98886108398438,298.797607421875,53.17280960083008
2020-08-19,27.5,94.0,Non-Landslide Grid,Non-Landslide Grid,"Grid (27.5, 94.0)",0,2.2270402908325195,36.69503402709961,112.17694854736328,332.9661560058594,645.3004760742188,0.4010314941405819,0.6789000000000001,1536.2244873046875,2724.0,755.0374755859375,14.933853980813408,40.312445929729115,8.452063097443121,4.722222222222222,119.38636779785156,220.49632263183594,59.01678466796875
2023-11-26,27.25,93.5,Non-Landslide Grid,Non-Landslide Grid,"Grid (27.25, 93.5)",0,0.0,0.0,0.1829519271850586,5.1974568367004395,9.438443183898926,0.3279953002929703,0.7824,1506.97412109375,2357.0,400.4650573730469,13.490002771301448,35.73032569319689,5.876769363504501,0.3888888888888889,106.12234497070312,172.48289489746094,35.388729095458984
2025-12-03,25.5,93.25,Non-Landslide Grid,Non-Landslide Grid,"Grid (25.5, 93.25)",0,0.0,0.0,0.0,0.0,17.47026824951172,0.3372039794921873,0.8626,358.20166015625,609.0,98.87348175048828,4.135225908768584,22.99099559897999,3.4155016860409595,0.0,33.49117660522461,81.11685180664062,22.557592391967773
2021-04-04,24.25,92.75,Non-Landslide Grid,Non-Landslide Grid,"Grid (24.25, 92.75)",0,0.0,4.296328067779541,59.56241989135742,59.56241989135742,69.36299133300781,0.22009658813474345,0.6461,251.05860900878906,821.0,166.82513427734375,6.891413606248748,23.3031321838253,5.0838525551102505,0.0,55.972328186035156,116.29582214355469,32.777156829833984
2024-07-03,26.25,94.75,Nagaland,K.Wongthu Landslide,Kuthur Village,1,17.148738861083984,87.3680419921875,154.22422790527344,278.7339172363281,411.17535400390625,0.4700355529786771,0.8575,1417.0350341796875,2034.0,418.3023986816406,14.77367780465528,35.49002360140349,5.790601926520244,0.16666666666666669,115.44833374023438,163.91787719726562,29.32769775390625
2021-12-03,27.75,93.0,Non-Landslide Grid,Non-Landslide Grid,"Grid (27.75, 93.0)",0,0.0,0.0,0.0,15.137858390808105,15.137858390808105,0.3497619628905639,0.8512000000000001,1984.37255859375,3240.0,729.3819580078125,19.90465621898461,43.336736680601454,7.790866222869688,10.333333333333334,159.94017028808594,257.6097106933594,50.77695083618164
2020-05-22,28.75,94.75,Non-Landslide Grid,Non-Landslide Grid,"Grid (28.75, 94.75)",0,27.269323348999023,29.911727905273438,45.32855224609375,105.05964660644531,295.6550598144531,0.4199981689453121,0.8097000000000001,1346.776611328125,2496.0,500.8155822753906,21.126720099482604,42.692614624157635,7.449301184118711,10.222222222222223,167.07745361328125,231.20486450195312,38.11601638793945
2021-05-16,25.5,94.25,Non-Landslide Grid,Non-Landslide Grid,"Grid (25.5, 94.25)",0,0.0,4.018876552581787,20.631853103637695,65.02102661132812,69.4193115234375,0.4513092041017005,0.7809,1606.2049560546875,1633.0,336.6394348144531,13.072549325862639,31.529268531106975,5.6083756046100355,0.05555555555555555,101.690673828125,155.21470642089844,33.152103424072266
2025-05-30,28.25,93.5,Non-Landslide Grid,Non-Landslide Grid,"Grid (28.25, 93.5)",0,41.072181701660156,56.31776428222656,60.94683837890625,113.09303283691406,163.37030029296875,0.42898559570312295,0.0852,2574.24755859375,4003.0,879.6279296875,22.806868544787083,47.53085760010291,7.9523313855157625,17.694444444444443,182.40457153320312,266.17041015625,47.88905715942383
2025-05-31,27.5,93.75,Arunachal Pradesh,Lower Subansiri,"Ziro Kamle Road, NH 13",1,149.1038818359375,193.2720947265625,194.73377990722656,247.65699768066406,496.0784606933594,0.4251632690429711,0.913,1403.812255859375,1825.0,359.3349914550781,10.438109203008903,37.90955894955613,6.252872853036605,0.75,80.70602416992188,157.44125366210938,42.59994888305664
2025-12-23,28.0,96.0,Non-Landslide Grid,Non-Landslide Grid,"Grid (28.0, 96.0)",0,0.0,0.0,0.0,0.0,0.0,0.2890319824217081,0.8739,391.51806640625,1954.0,339.81634521484375,4.393053346582743,34.44358316238441,7.031902439364601,0.25,33.459617614746094,157.1775360107422,52.24351501464844
2023-04-18,25.75,90.0,Non-Landslide Grid,Non-Landslide Grid,"Grid (25.75, 90.0)",0,0.0,0.0,0.0,0.0,241.8072052001953,0.1580429077149112,0.6295000000000001,67.37972259521484,315.0,57.01261520385742,1.074160892015206,13.420996454219074,1.2903401630573892,0.0,8.647370338439941,25.551294326782227,9.001255989074707
2021-08-16,24.75,93.5,Manipur,Tamenglong,5 km away from Awang Khul Village,1,0.0,0.804688572883606,7.306881904602051,116.51069641113281,255.10313415527344,0.4262542724609524,0.9137,656.288330078125,1534.0,273.30828857421875,13.92695372753795,35.9465555765086,6.308069798004876,0.7777777777777778,110.30641174316406,178.22549438476562,37.871456146240234
2023-08-04,27.75,96.25,Non-Landslide Grid,Non-Landslide Grid,"Grid (27.75, 96.25)",0,3.0395143032073975,55.23278045654297,89.13338470458984,117.13247680664062,237.19818115234375,0.4894561767577881,0.8177000000000001,378.3680419921875,1771.0,262.791259765625,3.628177258111446,34.886002428398726,6.243721849866636,0.3055555555555556,26.976634979248047,144.90283203125,45.608177185058594
2021-07-01,25.0,94.0,Non-Landslide Grid,Non-Landslide Grid,"Grid (25.0, 94.0)",0,1.650221586227417,6.014961242675781,10.767769813537598,78.60881042480469,104.08330535888672,0.48043823242178446,0.8410000000000001,1008.9378051757812,1548.0,236.13145446777344,8.418254996846219,29.95096914355927,5.888112068764791,0.0,66.83557891845703,132.4910888671875,39.91765594482422
2024-04-28,28.5,94.5,Non-Landslide Grid,Non-Landslide Grid,"Grid (28.5, 94.5)",0,15.623790740966797,21.714941024780273,91.81744384765625,107.24851989746094,240.50247192382812,0.41746520996092323,0.8072,1978.379150390625,3601.0,703.2435913085938,21.6545655778802,47.30829583288325,7.47810168845436,12.88888888888889,170.44126892089844,247.89407348632812,43.76173400878906
2024-05-27,27.25,93.75,Non-Landslide Grid,Non-Landslide Grid,"Grid (27.25, 93.75)",0,84.01177978515625,84.15909576416016,84.6204833984375,121.61148071289062,181.533935546875,0.461109161376859,0.7272000000000001,814.7469482421875,2218.0,532.883056640625,12.053527878270337,33.23254959940221,7.3377975403262505,0.6944444444444444,96.2323226928711,171.03543090820312,49.406044006347656
2023-05-08,28.75,94.25,Non-Landslide Grid,Non-Landslide Grid,"Grid (28.75, 94.25)",0,24.495807647705078,65.79899597167969,244.2978973388672,345.5763854980469,442.09796142578125,0.4260978698730409,0.8137000000000001,2709.75341796875,3071.0,593.8355102539062,20.5100551214562,43.60840065719184,6.86612326779109,7.305555555555555,161.16683959960938,226.91700744628906,38.465023040771484
2023-07-07,25.25,94.0,Non-Landslide Grid,Non-Landslide Grid,"Grid (25.25, 94.0)",0,9.90867805480957,42.743675231933594,67.42007446289062,108.36048889160156,281.6725158691406,0.41578674316424596,0.7978000000000001,1435.4375,1921.0,378.2546081542969,12.086842826308223,43.383133090803064,5.811415353223593,0.6944444444444444,94.75314331054688,156.38818359375,36.18202209472656
2020-07-12,26.0,91.75,Assam,Kamrup metro,Jorabat Landslide,1,49.73322296142578,112.85679626464844,148.4285430908203,208.56375122070312,375.4560241699219,0.43814086914060113,0.8617,323.899169921875,766.0,135.91363525390625,4.957392974049627,20.61693827486847,3.3378267914883613,0.0,42.12355041503906,83.86418151855469,22.39252471923828
2021-10-09,24.0,94.0,Manipur,Chandel,Khulmulen-Sajik Road,1,0.0,0.0,0.0,2.09995174407959,76.19978332519531,0.42239379882838063,0.9059,1112.3905029296875,1970.0,384.6387023925781,13.368118460135134,30.430661338561226,5.088212487763951,0.027777777777777776,107.17179870605469,151.6919403076172,26.42008399963379
2023-03-27,29.0,95.0,Non-Landslide Grid,Non-Landslide Grid,"Grid (29.0, 95.0)",0,20.726350784301758,21.325969696044922,77.34461975097656,115.64741516113281,139.54086303710938,0.42601013183594133,0.8371000000000001,1590.050537109375,2735.0,588.6205444335938,19.140469185211224,45.018074712876675,7.64267866918072,8.055555555555555,150.3131561279297,230.77151489257812,46.59003829956055
2023-06-22,25.5,90.25,Meghalaya,West Garo Hills,PA Sangma Stadium Landslide PA Sangma Stadium,1,188.2747344970703,226.6737823486328,518.9501342773438,861.3726196289062,994.828125,0.5005493164062332,0.8237,456.1675109863281,1310.0,324.3319091796875,5.398804127806837,29.770511719549223,5.068353584541543,0.0,43.320011138916016,116.16681671142578,35.4824333190918
2023-10-03,26.75,95.0,Non-Landslide Grid,Non-Landslide Grid,"Grid (26.75, 95.0)",0,23.292810440063477,41.06980895996094,41.06980895996094,185.15037536621094,274.1380615234375,0.4852142333984876,0.8742000000000001,543.7974853515625,1130.0,251.58050537109375,9.127152051734038,26.91429558500754,5.211083181012855,0.0,71.07180786132812,124.88502502441406,33.10852813720703
2022-02-12,27.25,92.25,Non-Landslide Grid,Non-Landslide Grid,"Grid (27.25, 92.25)",0,7.7868547439575195,9.402994155883789,17.068668365478516,33.76860427856445,42.076141357421875,0.4142990112304805,0.5644,2524.25830078125,2412.0,462.11126708984375,17.175085721954495,37.77787775844631,6.853860959481779,2.888888888888889,137.6384735107422,207.30628967285156,40.15293502807617
2021-09-06,28.25,95.25,Non-Landslide Grid,Non-Landslide Grid,"Grid (28.25, 95.25)",0,0.33062729239463806,5.453553676605225,28.081966400146484,418.06427001953125,1074.6561279296875,0.4112930297852172,0.9129,1166.863037109375,2884.0,591.3910522460938,18.461342525873718,39.600421735234114,7.487837493051796,5.472222222222222,147.8409423828125,221.23622131347656,46.0212287902832
2024-07-02,25.75,92.0,Meghalaya,Umiam Point Landslide,"View GS Road, Ri Bhoi NH",1,48.23434066772461,137.20294189453125,168.66439819335938,256.0296325683594,478.53851318359375,0.4680862426757494,0.7058,917.2408447265625,859.0,130.39633178710938,4.714470137470853,21.87834296680697,3.6313367608752385,0.0,39.3952522277832,86.12773895263672,23.6353702545166
2024-06-29,27.25,93.0,Non-Landslide Grid,Non-Landslide Grid,"Grid (27.25, 93.0)",0,19.898488998413086,62.349517822265625,100.34504699707031,305.38427734375,410.82342529296875,0.4286041259765598,0.7894,1055.2911376953125,1795.0,369.5699157714844,14.651790736714245,36.79736456471443,6.273287109789744,1.0833333333333335,117.70903015136719,182.6220245361328,37.93098068237305
2023-06-05,27.75,94.75,Non-Landslide Grid,Non-Landslide Grid,"Grid (27.75, 94.75)",0,0.0,1.1893410682678223,17.27902603149414,63.6129264831543,181.3292694091797,0.3193359375000471,0.8577,500.0322265625,1511.0,326.0230407714844,8.518411246684085,33.117979039440804,6.495407946808469,0.05555555555555555,69.726318359375,148.8292694091797,46.75351333618164
2022-12-23,27.25,92.5,Non-Landslide Grid,Non-Landslide Grid,"Grid (27.25, 92.5)",0,0.0,0.0,0.0,0.0,0.0,0.32695007324211967,0.6887,1794.7828369140625,2906.0,505.7755126953125,17.855747137024938,38.0996504030799,6.6024004892937915,2.666666666666667,142.90359497070312,204.2445526123047,35.54497146606445
2025-05-20,24.75,92.5,Assam,Sribhumi,Nilambazar RC,1,0.14534957706928253,25.53143882751465,65.44969940185547,145.8704071044922,258.49798583984375,0.4768447875976664,0.7317,27.9325008392334,114.0,13.478446006774902,0.5745536247366787,7.060201323014502,0.7546805728025614,0.0,4.88978910446167,15.001809120178223,5.414361953735352
2022-11-09,26.0,92.75,Non-Landslide Grid,Non-Landslide Grid,"Grid (26.0, 92.75)",0,0.0,0.0,0.0,10.550289154052734,103.71810913085938,0.36013793945319195,0.6506000000000001,92.85527801513672,437.0,67.35139465332031,0.672817939872994,8.807904322409069,1.2468140743328904,0.0,5.64442253112793,28.586381912231445,9.361499786376953
2023-05-05,28.75,94.75,Arunachal Pradesh,Upper Siang,Mossing Landslide Yingkiong_Tuting_Road,1,24.544387817382812,69.16702270507812,127.03054809570312,172.22781372070312,201.48593139648438,0.4293823242187498,0.7934,1346.776611328125,2496.0,500.8155822753906,21.126720099482604,42.692614624157635,7.449301184118711,10.222222222222223,167.07745361328125,231.20486450195312,38.11601638793945
2024-06-29,28.0,96.25,Arunachal Pradesh,Lohit,Demwe Landslide Demwe- Brahmakund Tri Junction to Parashuram Kund-Wakro Road,1,91.8724365234375,106.6500244140625,111.35604095458984,137.22454833984375,180.9229278564453,0.4421920776367555,0.9308,1010.63916015625,3248.0,717.9768676757812,14.608358823290267,50.58299895207718,11.25750624294583,9.5,115.78157806396484,248.3529510498047,84.56777954101562
2024-06-15,24.0,91.75,Tripura,Mungiakami Landslide,Mile 35 in Mungiakami region 23.878866,1,10.630135536193848,43.9619255065918,143.35403442382812,277.7869873046875,547.320556640625,0.4175186157226517,0.8123,97.42472076416016,381.0,54.14148712158203,1.479486148698273,14.643667531994335,1.9171856520033936,0.0,12.111098289489746,46.464691162109375,13.882058143615723
2023-03-05,24.0,92.5,Non-Landslide Grid,Non-Landslide Grid,"Grid (24.0, 92.5)",0,0.0,0.0,0.0,0.0,0.0,0.15139770507809208,0.7181000000000001,278.63360595703125,864.0,195.9539794921875,7.443317121808474,26.943935612493448,5.500279187235453,0.0,58.76435852050781,123.90907287597656,36.05270004272461
2022-02-21,25.75,91.5,Non-Landslide Grid,Non-Landslide Grid,"Grid (25.75, 91.5)",0,1.240275263786316,1.240275263786316,1.240275263786316,1.5136723518371582,29.928646087646484,0.45829772949218267,0.6618,779.7244262695312,1638.0,415.8423767089844,7.1503030250726765,28.164772992194298,5.2331850390914925,0.0,58.803531646728516,130.19166564941406,34.42717742919922
2021-09-14,27.75,96.25,Non-Landslide Grid,Non-Landslide Grid,"Grid (27.75, 96.25)",0,0.0,0.0,10.766630172729492,34.330322265625,176.4030303955078,0.4209976196289166,0.812,378.3680419921875,1771.0,262.791259765625,3.628177258111446,34.886002428398726,6.243721849866636,0.3055555555555556,26.976634979248047,144.90283203125,45.608177185058594
2023-04-08,27.25,88.5,Sikkim,East Sikkim,"32 No. Landslide National Highway NH-10, connecting",1,0.0,21.379117965698242,80.75164794921875,149.76744079589844,273.3468322753906,0.40417480468750494,0.6886,1310.343017578125,2905.0,563.8278198242188,19.43016042352437,44.443769020233006,6.897398642525547,5.361111111111111,150.6671905517578,223.98939514160156,42.2029914855957
2023-02-24,28.25,95.75,Arunachal Pradesh,Lower Dibang Valley,Roing Anini Roing Anini Road,1,11.22461223602295,69.23757934570312,72.60358428955078,95.82440948486328,127.10810852050781,0.4843254089355338,0.7605000000000001,807.4439086914062,2630.0,650.5936279296875,12.186972084827884,43.34744990114847,11.453413973361945,8.722222222222223,96.88633728027344,238.21914672851562,86.88335418701172
2022-04-03,28.0,93.0,Non-Landslide Grid,Non-Landslide Grid,"Grid (28.0, 93.0)",0,26.193178176879883,79.96415710449219,131.17759704589844,219.89151000976562,221.42626953125,0.4288635253906262,0.8201,3162.72998046875,4088.0,893.5396728515625,19.99907276832525,47.08631367181521,8.671537903877596,13.444444444444445,159.58934020996094,260.4654235839844,60.073890686035156
2022-06-26,28.75,95.25,Non-Landslide Grid,Non-Landslide Grid,"Grid (28.75, 95.25)",0,5.5876922607421875,35.67591094970703,51.078208923339844,195.8932647705078,332.12896728515625,0.42824935913086304,0.941,2736.5224609375,3024.0,680.1970825195312,21.292541129227764,46.450576090691925,7.699032234102267,12.694444444444445,169.8072052001953,251.97125244140625,46.55298614501953
2025-05-30,26.25,91.75,Assam,Kamrup Metro,"Bonda Landslide, outskirts of Guwahati",1,46.6163215637207,68.50579071044922,82.14204406738281,138.6289520263672,246.29090881347656,0.4809417724608681,0.7087,67.3949966430664,295.0,37.075172424316406,1.4509254283381814,16.29219827144022,2.417741974738188,0.0,12.47722339630127,53.43284225463867,18.373598098754883
2021-08-25,25.0,93.0,Non-Landslide Grid,Non-Landslide Grid,"Grid (25.0, 93.0)",0,3.0302908420562744,15.991944313049316,53.53649139404297,183.63470458984375,326.2915954589844,0.4278259277343876,0.9073,384.5722351074219,1608.0,385.2471923828125,8.070900757120183,30.662939686285355,7.316109477494315,0.027777777777777776,64.66639709472656,154.00979614257812,53.41328811645508
2025-02-17,26.0,91.25,Non-Landslide Grid,Non-Landslide Grid,"Grid (26.0, 91.25)",0,0.0,0.0,0.0,0.0,0.0,0.26340484619142746,0.3534,82.09278106689453,442.0,69.08829498291016,2.00048753778281,20.82804439509215,3.2811977086259057,0.0,17.104074478149414,69.61766052246094,24.65224266052246
2025-12-01,25.75,92.0,Non-Landslide Grid,Non-Landslide Grid,"Grid (25.75, 92.0)",0,0.0,0.0,0.0,0.14796188473701477,13.302305221557617,0.36897277832032943,0.6274000000000001,917.2408447265625,859.0,130.39633178710938,4.714470137470853,21.87834296680697,3.6313367608752385,0.0,39.3952522277832,86.12773895263672,23.6353702545166
2023-12-28,28.5,94.5,Non-Landslide Grid,Non-Landslide Grid,"Grid (28.5, 94.5)",0,0.0,0.0,0.0,5.636649131774902,11.377904891967773,0.3291931152343914,0.8621000000000001,1978.379150390625,3601.0,703.2435913085938,21.6545655778802,47.30829583288325,7.47810168845436,12.88888888888889,170.44126892089844,247.89407348632812,43.76173400878906
2021-05-06,26.25,91.75,Non-Landslide Grid,Non-Landslide Grid,"Grid (26.25, 91.75)",0,10.36436939239502,14.623525619506836,20.50893783569336,34.15789794921875,63.01774597167969,0.42204284667971714,0.7778,67.3949966430664,295.0,37.075172424316406,1.4509254283381814,16.29219827144022,2.417741974738188,0.0,12.47722339630127,53.43284225463867,18.373598098754883
2025-05-25,28.0,96.75,Non-Landslide Grid,Non-Landslide Grid,"Grid (28.0, 96.75)",0,0.0,8.211764335632324,8.379898071289062,13.415631294250488,82.1329345703125,0.40626525878903297,0.795,2343.101318359375,3668.0,819.2395629882812,24.44451092859459,44.491718187459,7.8590097378516806,25.75,195.9915313720703,268.7579345703125,45.308929443359375
2020-06-26,24.25,94.25,Non-Landslide Grid,Non-Landslide Grid,"Grid (24.25, 94.25)",0,0.0,2.7030558586120605,51.50377655029297,85.21106719970703,204.5966339111328,0.4112586975098632,0.5901000000000001,480.40582275390625,1260.0,290.3222961425781,6.270173512438982,22.01110060871449,4.972308546349556,0.0,50.020259857177734,104.46087646484375,34.80989456176758
2021-07-03,23.5,92.75,Non-Landslide Grid,Non-Landslide Grid,"Grid (23.5, 92.75)",0,0.7672841548919678,21.479957580566406,31.70177459716797,73.8421630859375,263.9889831542969,0.4217605590820317,0.8195,685.7172241210938,1302.0,248.54957580566406,11.267666801025864,31.39810393250354,5.372568735051805,0.08333333333333334,92.36515808105469,149.06800842285156,30.36924171447754
2023-02-07,25.75,95.0,Non-Landslide Grid,Non-Landslide Grid,"Grid (25.75, 95.0)",0,0.0,0.0,0.0,0.0,0.0,0.19372558593767666,0.8162,2020.5455322265625,3087.0,537.7276000976562,18.753234031214408,39.29192585682716,6.476647085143816,3.75,146.69252014160156,212.79164123535156,37.31854248046875
2024-05-05,24.75,92.5,Non-Landslide Grid,Non-Landslide Grid,"Grid (24.75, 92.5)",0,14.73792839050293,30.392276763916016,231.6519012451172,391.0709228515625,501.6958312988281,0.4491348266601224,0.6769000000000001,27.9325008392334,114.0,13.478446006774902,0.5745536247366787,7.060201323014502,0.7546805728025614,0.0,4.88978910446167,15.001809120178223,5.414361953735352
2020-08-18,25.25,91.25,Non-Landslide Grid,Non-Landslide Grid,"Grid (25.25, 91.25)",0,117.56793212890625,358.314208984375,571.6776733398438,860.9855346679688,2043.427490234375,0.4841079711914003,0.8125,454.3727722167969,1538.0,425.57232666015625,6.985947347214785,32.59208001058595,6.859219201396241,0.2222222222222222,56.320255279541016,155.3539581298828,51.49196243286133
2020-07-30,25.75,93.25,Non-Landslide Grid,Non-Landslide Grid,"Grid (25.75, 93.25)",0,0.33589455485343933,29.56761360168457,49.71045684814453,86.46426391601562,163.98988342285156,0.4487419128417629,0.7435,240.9116668701172,374.0,73.08515930175781,2.4310288845095096,11.502144607010557,1.999552036504579,0.0,20.06298828125,48.11341094970703,14.144377708435059
2023-04-24,25.25,92.5,Non-Landslide Grid,Non-Landslide Grid,"Grid (25.25, 92.5)",0,10.300158500671387,16.552444458007812,21.931032180786133,21.931032180786133,68.09523010253906,0.35459899902351133,0.7601,819.6777954101562,1530.0,334.9479675292969,8.272812286185768,39.33030515212594,6.5070393989689945,1.0555555555555556,65.47273254394531,169.72897338867188,46.98260498046875
2020-06-26,26.25,91.75,Assam,Kamrup metro,SDMA/AS/2020/Kahilipara Slide,1,23.522783279418945,57.049217224121094,74.32940673828125,169.21067810058594,247.5874481201172,0.4868087768554453,0.7918000000000001,67.3949966430664,295.0,37.075172424316406,1.4509254283381814,16.29219827144022,2.417741974738188,0.0,12.47722339630127,53.43284225463867,18.373598098754883
2023-09-15,25.5,93.5,Non-Landslide Grid,Non-Landslide Grid,"Grid (25.5, 93.5)",0,3.001626968383789,12.155688285827637,21.55140495300293,30.97450065612793,126.04468536376953,0.44639587402351255,0.902,611.6246948242188,1733.0,344.52703857421875,6.448069054883189,30.362898469593656,5.678965113507488,0.08333333333333334,50.81060028076172,131.47381591796875,39.818241119384766
2022-09-06,27.5,88.25,Non-Landslide Grid,Non-Landslide Grid,"Grid (27.5, 88.25)",0,37.37959671020508,62.33683776855469,184.06085205078125,243.89369201660156,392.1817932128906,0.4274520874023393,0.1999,3683.10888671875,5499.0,1083.44580078125,24.01288268171491,52.81197458307307,8.90401633532975,24.11111111111111,192.6732635498047,312.0833435058594,62.59223556518555
2024-07-07,26.0,94.5,Nagaland,Alahuto Landslide,Alahuto of Zunheboto Town Colony,1,8.65671157836914,38.95156478881836,138.7560272216797,271.71038818359375,383.08270263671875,0.4819183349609475,0.8421000000000001,1244.903564453125,1890.0,397.21783447265625,13.931444881552304,31.178667353635422,5.726795467043445,0.05555555555555555,109.29522705078125,155.17295837402344,28.6873722076416
2024-05-28,25.25,91.5,Meghalaya,Weilong Landslide,East Khasi Hills,1,448.9197082519531,563.7182006835938,569.8150024414062,646.3408203125,953.1535034179688,0.4626846313476593,0.7605000000000001,653.3880615234375,1748.0,565.5803833007812,9.294597714521347,34.68336982930679,8.295642727190083,0.6666666666666667,75.68921661376953,180.33497619628906,60.4273567199707
2023-01-10,28.75,94.0,Non-Landslide Grid,Non-Landslide Grid,"Grid (28.75, 94.0)",0,0.0,0.0,0.0,19.2379207611084,42.0422477722168,0.3356475830079343,-0.0145,3577.3251953125,2976.0,665.001953125,19.414225352620836,43.62889412441403,7.739202902579202,9.25,154.01666259765625,233.36834716796875,45.09198760986328
2023-08-08,22.5,93.0,Mizoram,Lawngtlai,Lawngtlai Landslide Near Lawngtlai town,1,67.8880386352539,192.15390014648438,243.97982788085938,301.29608154296875,458.9720764160156,0.42999267578124645,0.4712,878.2855834960938,1778.0,377.2521057128906,14.638061184349539,36.38334612643967,5.925709104680568,0.4444444444444444,117.57864379882812,173.31338500976562,32.15381622314453
2022-10-28,27.75,88.5,Non-Landslide Grid,Non-Landslide Grid,"Grid (27.75, 88.5)",0,1.6280299425125122,4.605937957763672,4.605937957763672,10.082937240600586,373.59063720703125,0.43021392822265475,0.6349,4100.16064453125,3807.0,734.4197387695312,22.412003436090288,53.38754478648244,8.808319435315765,20.61111111111111,181.06277465820312,281.6011657714844,58.148677825927734
2024-03-24,25.75,90.75,Non-Landslide Grid,Non-Landslide Grid,"Grid (25.75, 90.75)",0,19.117761611938477,23.245975494384766,53.57817840576172,53.57817840576172,53.723289489746094,0.4884796142578026,0.639,343.042236328125,612.0,114.87918090820312,4.266481429972291,18.878320236794654,3.253566480746816,0.0,35.23768997192383,73.53412628173828,21.00526237487793
2024-05-10,28.25,95.5,Non-Landslide Grid,Non-Landslide Grid,"Grid (28.25, 95.5)",0,1.9184678792953491,18.271116256713867,26.680017471313477,151.43038940429688,293.1321105957031,0.44823455810547314,0.8353,892.1255493164062,2771.0,592.14453125,13.33587761862261,42.291176610644136,10.68142455888192,7.194444444444445,107.26727294921875,232.85174560546875,80.64944458007812
2022-06-10,25.5,92.75,Non-Landslide Grid,Non-Landslide Grid,"Grid (25.5, 92.75)",0,2.076728582382202,6.791586875915527,26.675987243652344,51.09955596923828,282.0661926269531,0.4534301757813285,0.807,586.2133178710938,856.0,209.28675842285156,4.4531155842589465,21.4801619072271,3.528074163719557,0.0,35.90679168701172,87.60953521728516,24.07171630859375
2024-07-17,28.0,93.5,Non-Landslide Grid,Non-Landslide Grid,"Grid (28.0, 93.5)",0,1.1270126104354858,11.571151733398438,19.3149356842041,83.6467056274414,326.4573669433594,0.4231567382812475,0.87,1484.33642578125,2599.0,493.2527160644531,19.551023521149574,43.518193096968105,7.1927422143998125,7.638888888888889,155.8037567138672,234.24903869628906,41.94073486328125
2024-07-12,26.25,91.75,Assam,Bonda,"Landslide Guwahati’s Bonda locality, Amgaon",1,5.718145370483398,23.52189826965332,61.79429626464844,159.40155029296875,307.8961181640625,0.49143218994139437,0.8898,67.3949966430664,295.0,37.075172424316406,1.4509254283381814,16.29219827144022,2.417741974738188,0.0,12.47722339630127,53.43284225463867,18.373598098754883
2021-05-29,27.5,88.75,Non-Landslide Grid,Non-Landslide Grid,"Grid (27.5, 88.75)",0,31.38079071044922,121.03136444091797,128.66812133789062,230.324951171875,404.8472595214844,0.4215240478515614,0.155,3655.463623046875,3785.0,916.703857421875,20.971574388527277,46.42993270893594,8.447305502800985,15.611111111111112,171.92767333984375,259.5278625488281,51.53205490112305
2024-11-21,26.25,91.25,Non-Landslide Grid,Non-Landslide Grid,"Grid (26.25, 91.25)",0,0.0,0.0,0.0,0.18830765783786774,27.322599411010742,0.20702362060552487,0.4124,43.34416580200195,16.0,2.651759386062622,0.16081507652210617,0.6634656327679558,0.11576489876118994,0.0,1.5457813739776611,3.020761489868164,0.7950392961502075
2025-07-23,28.25,96.75,Non-Landslide Grid,Non-Landslide Grid,"Grid (28.25, 96.75)",0,2.671532392501831,2.671532392501831,7.366487503051758,36.461036682128906,123.67170715332031,0.41094970703125433,0.4095,3192.26220703125,3760.0,777.3504028320312,25.01511828936123,51.8135373565446,9.044560316308626,32.861111111111114,207.51364135742188,299.4259033203125,54.75053405761719
2021-05-14,26.25,91.5,Non-Landslide Grid,Non-Landslide Grid,"Grid (26.25, 91.5)",0,6.256112098693848,15.400017738342285,23.362686157226562,57.09272766113281,113.00119018554688,0.45330810546879957,0.7065,49.0,112.0,6.012625694274902,0.25657268346405543,6.737422493902714,0.5506100171753268,0.0,2.3954670429229736,5.88430118560791,4.540053844451904
2024-06-19,23.25,92.5,Non-Landslide Grid,Non-Landslide Grid,"Grid (23.25, 92.5)",0,20.974590301513672,22.885047912597656,68.54621887207031,92.87574768066406,285.74615478515625,0.4264755249023418,0.8226,415.3550109863281,1211.0,250.8226318359375,8.165654514477371,29.74318079250643,5.423421745520645,0.0,65.99642944335938,124.5242691040039,36.29525375366211
2020-07-03,26.5,90.25,Non-Landslide Grid,Non-Landslide Grid,"Grid (26.5, 90.25)",0,29.916807174682617,142.3589324951172,459.12237548828125,900.2999877929688,1171.6083984375,0.47707366943360585,0.6963,59.386112213134766,279.0,14.850844383239746,0.25189229626896753,18.396578822541294,0.9049348328452662,0.0,2.1553163528442383,3.1034224033355713,6.661799430847168
2022-04-13,25.25,92.25,Meghalaya,Jaintia Hills,"Umlaper_tea_stall_1 near Raju Tea Stall, near Umlaper",1,19.09215545654297,41.782676696777344,46.52138900756836,183.806640625,304.211181640625,0.5047531127929578,0.7334,776.0238647460938,1322.0,357.3675231933594,5.895885341126151,25.47091491614314,4.7990301285115855,0.0,47.91184997558594,115.95841217041016,34.28144836425781
2020-05-13,23.5,91.75,Non-Landslide Grid,Non-Landslide Grid,"Grid (23.5, 91.75)",0,5.973930835723877,6.188224792480469,24.10847282409668,70.95631408691406,195.90725708007812,0.31235504150397553,0.7627,97.3919448852539,319.0,43.598297119140625,1.3999958346849113,14.119482577744533,1.6445455420576163,0.0,11.92961597442627,40.302757263183594,12.326164245605469
2022-03-18,24.75,94.25,Non-Landslide Grid,Non-Landslide Grid,"Grid (24.75, 94.25)",0,0.0,0.0,0.0,0.0,10.417613983154297,0.18389511108374187,0.6568,1074.4000244140625,1538.0,283.6929016113281,13.63312290726426,27.502933685967555,5.48280181319473,0.0,109.33614349365234,154.9348602294922,28.626388549804688
2023-12-14,27.5,94.25,Non-Landslide Grid,Non-Landslide Grid,"Grid (27.5, 94.25)",0,9.279942512512207,9.279942512512207,35.77887725830078,35.77887725830078,73.8388442993164,0.2607040405273006,0.4339,303.2066650390625,2091.0,285.65545654296875,6.221316673598025,42.203397172712286,7.66932678313445,0.5833333333333334,50.407501220703125,155.6992950439453,58.014652252197266
2024-05-28,25.5,91.5,Meghalaya,West 13 KM Hills Landslide,MR Road,1,268.5126647949219,300.1665344238281,323.2703857421875,447.49951171875,560.449462890625,0.4935302734375061,0.6384000000000001,1595.5714111328125,666.0,96.28884887695312,3.7327363226589427,16.87545099500921,2.7080440699585675,0.0,31.887956619262695,68.39764404296875,18.14517593383789
2022-05-15,25.25,93.0,Assam,Dima Hasao,"L10 Near Kendri Vidyalaya, Halflong",1,13.70791244506836,171.51666259765625,325.0523681640625,348.9837951660156,558.1865234375,0.47109222412107926,0.7867000000000001,581.3922119140625,1271.0,220.6673126220703,7.95753565762605,30.952647139700577,4.65836575833331,0.027777777777777776,63.11333465576172,118.19319915771484,29.522968292236328
2024-07-01,27.0,93.5,Arunachal Pradesh,Papum Pare,Baat Landslide Itanagar-Baat Road,1,61.336944580078125,92.26487731933594,103.98579406738281,244.01385498046875,403.2713317871094,0.4364776611328069,0.8901,355.9505615234375,1665.0,296.9815979003906,5.933726472852088,32.66514584979479,6.165044312996405,0.1111111111111111,49.377342224121094,140.6566925048828,47.237037658691406
2020-06-06,25.75,94.5,Non-Landslide Grid,Non-Landslide Grid,"Grid (25.75, 94.5)",0,7.438322067260742,8.271878242492676,15.928982734680176,41.66474151611328,66.91870880126953,0.46226501464844993,0.8904000000000001,1396.2308349609375,2013.0,408.9830322265625,16.617851510009896,35.81275418340396,6.12449676554779,0.4166666666666667,128.43576049804688,179.00991821289062,30.28059196472168
2022-08-04,24.0,92.0,Non-Landslide Grid,Non-Landslide Grid,"Grid (24.0, 92.0)",0,41.40740203857422,92.33689880371094,133.74655151367188,229.26007080078125,399.9718017578125,0.39900207519530906,0.7692,116.92916870117188,392.0,58.878543853759766,2.1896424107044976,16.669920976886594,2.393290891627602,0.0,18.279224395751953,58.623252868652344,17.288740158081055
2020-06-02,25.0,93.0,Assam,Cachar,SDMA/AS/2020/Kanakpur Slide,1,78.11678314208984,122.57121276855469,223.76962280273438,317.3669128417969,378.80828857421875,0.4138641357421922,0.8746,384.5722351074219,1608.0,385.2471923828125,8.070900757120183,30.662939686285355,7.316109477494315,0.027777777777777776,64.66639709472656,154.00979614257812,53.41328811645508
2023-12-29,27.5,96.75,Non-Landslide Grid,Non-Landslide Grid,"Grid (27.5, 96.75)",0,0.0,0.0,0.0,0.0,36.81813430786133,0.4089889526368749,0.7934,1938.3419189453125,3588.0,732.3218383789062,18.574454041287918,42.28004281447862,7.4467143033884495,6.583333333333333,146.9677734375,225.32040405273438,47.92154312133789
2023-01-26,23.5,93.25,Mizoram,Champhai,Hermon Veng Near Khawzawl,1,0.0,0.0,0.0,0.0,4.1263933181762695,0.1530227661132647,0.8057000000000001,1168.5150146484375,1179.0,224.37669372558594,11.817134948886705,32.43801863001352,5.679167882227417,0.1111111111111111,95.34366607666016,150.8507080078125,32.57124710083008
2023-10-07,26.25,91.75,Assam,Kamrup Metro,"Lechubagan Landslide Hengrabari Area, Guwahati",1,46.64097595214844,101.22119140625,167.4195556640625,189.8900909423828,273.5537109375,0.47465133666992354,0.8729,67.3949966430664,295.0,37.075172424316406,1.4509254283381814,16.29219827144022,2.417741974738188,0.0,12.47722339630127,53.43284225463867,18.373598098754883
2024-06-17,25.25,92.25,Meghalaya,Karkhana Landslide,Karkhana Village,1,37.631004333496094,89.09548950195312,143.1887664794922,230.12496948242188,665.2051391601562,0.47737121582037045,0.8005,776.0238647460938,1322.0,357.3675231933594,5.895885341126151,25.47091491614314,4.7990301285115855,0.0,47.91184997558594,115.95841217041016,34.28144836425781
2020-05-24,27.25,88.25,Sikkim,West Sikkim,Lingchom Landslide,1,26.747718811035156,43.849517822265625,66.13383483886719,153.16818237304688,205.8831787109375,0.4269142150878925,0.7896000000000001,1501.7489013671875,2997.0,562.7520751953125,20.1096381425214,40.56662648067611,7.081886297460569,6.555555555555556,159.76638793945312,230.42623901367188,40.55621337890625
2021-09-03,28.0,94.5,Non-Landslide Grid,Non-Landslide Grid,"Grid (28.0, 94.5)",0,3.3637328147888184,13.376821517944336,40.89521026611328,206.3445587158203,422.0780029296875,0.42100524902344183,0.893,911.5819702148438,1760.0,309.78753662109375,13.328593092786441,33.05167063851376,5.77641490364223,0.25,106.9828872680664,164.1502685546875,33.62059020996094
2020-06-25,27.5,88.5,Sikkim,North Sikkim,North_Sikkim_cutoff_event_2,1,38.24916076660156,75.10148620605469,167.6402587890625,357.68408203125,610.2171630859375,0.42666625976562117,0.8506,2168.81982421875,3697.0,796.494384765625,23.632660743125502,49.23240538360047,7.919056484581935,20.916666666666668,188.52566528320312,282.9498291015625,52.20234680175781
2020-04-14,24.0,94.0,Non-Landslide Grid,Non-Landslide Grid,"Grid (24.0, 94.0)",0,0.0,0.0,1.6000598669052124,4.200101375579834,19.399751663208008,0.15708923339889588,0.6928000000000001,1112.3905029296875,1970.0,384.6387023925781,13.368118460135134,30.430661338561226,5.088212487763951,0.027777777777777776,107.17179870605469,151.6919403076172,26.42008399963379
2024-08-04,28.5,94.5,Non-Landslide Grid,Non-Landslide Grid,"Grid (28.5, 94.5)",0,3.140517234802246,16.954261779785156,45.95830535888672,70.01121520996094,186.6457977294922,0.42501831054686595,0.8855000000000001,1978.379150390625,3601.0,703.2435913085938,21.6545655778802,47.30829583288325,7.47810168845436,12.88888888888889,170.44126892089844,247.89407348632812,43.76173400878906
2025-02-15,26.75,91.5,Non-Landslide Grid,Non-Landslide Grid,"Grid (26.75, 91.5)",0,1.8048529624938965,2.9041271209716797,11.92839241027832,11.92839241027832,23.6225528717041,0.11399078369157514,0.4582,210.33778381347656,1310.0,207.87440490722656,3.043138950212208,33.61424590157977,5.138474649153563,0.1111111111111111,24.42031478881836,110.85054016113281,39.45051956176758
2024-07-16,26.5,92.0,Non-Landslide Grid,Non-Landslide Grid,"Grid (26.5, 92.0)",0,6.166453838348389,20.763813018798828,40.31367874145508,126.08522033691406,388.10400390625,0.4776153564453312,0.6742,64.29166412353516,31.0,6.50392484664917,0.1507893828492463,0.648211383490199,0.09358823710904016,0.0,1.4568734169006348,2.598076105117798,0.6090912818908691
2024-08-05,27.5,91.75,Non-Landslide Grid,Non-Landslide Grid,"Grid (27.5, 91.75)",0,6.271697044372559,21.666152954101562,49.37272644042969,88.50777435302734,140.51144409179688,0.4273300170898481,0.8319000000000001,2484.64453125,3419.0,679.2225341796875,21.62838767833097,43.71481016920231,7.461654150626737,13.361111111111112,170.77972412109375,248.0215606689453,46.129119873046875
2020-03-10,25.0,94.0,Non-Landslide Grid,Non-Landslide Grid,"Grid (25.0, 94.0)",0,0.0,0.35413846373558044,5.174435615539551,13.546196937561035,15.619089126586914,0.3215637207031097,0.5629000000000001,1008.9378051757812,1548.0,236.13145446777344,8.418254996846219,29.95096914355927,5.888112068764791,0.0,66.83557891845703,132.4910888671875,39.91765594482422
2020-06-27,27.5,88.5,Sikkim,North Sikkim,Uphill Panang Landslide,1,61.33052444458008,169.75730895996094,247.52757263183594,468.8948059082031,740.1098022460938,0.4292449951171872,0.8506,2168.81982421875,3697.0,796.494384765625,23.632660743125502,49.23240538360047,7.919056484581935,20.916666666666668,188.52566528320312,282.9498291015625,52.20234680175781
2024-02-02,22.0,93.0,Non-Landslide Grid,Non-Landslide Grid,"Grid (22.0, 93.0)",0,0.0,0.0,0.0,7.476406097412109,7.476406097412109,0.20027160644537775,0.7921,572.5257568359375,1567.0,321.3743896484375,12.176271376170295,30.392085710422396,6.128209234688854,0.07575757575757576,97.53862762451172,157.82260131835938,37.147457122802734
2020-03-29,27.75,96.0,Non-Landslide Grid,Non-Landslide Grid,"Grid (27.75, 96.0)",0,1.1353200674057007,1.1353200674057007,1.1353200674057007,9.452402114868164,39.87021255493164,0.40567016601580996,0.7765000000000001,200.50083923339844,408.0,71.52455139160156,0.8900150931918519,5.634020640191341,1.058786573294691,0.0,6.807943820953369,23.394710540771484,7.5052642822265625
2023-05-13,26.5,94.5,Non-Landslide Grid,Non-Landslide Grid,"Grid (26.5, 94.5)",0,0.0,0.0,0.1956915259361267,20.113130569458008,66.11180877685547,0.37628173828128475,0.7747,507.0960998535156,1256.0,251.46871948242188,9.002657162179931,29.62424268038666,5.509161266718924,0.0,70.13532257080078,134.08241271972656,35.227352142333984
2023-08-24,26.25,91.5,Non-Landslide Grid,Non-Landslide Grid,"Grid (26.25, 91.5)",0,2.134237289428711,8.331611633300781,39.695587158203125,95.12374877929688,181.28012084960938,0.4825286865234087,0.7381000000000001,49.0,112.0,6.012625694274902,0.25657268346405543,6.737422493902714,0.5506100171753268,0.0,2.3954670429229736,5.88430118560791,4.540053844451904
2021-06-11,27.5,93.0,Non-Landslide Grid,Non-Landslide Grid,"Grid (27.5, 93.0)",0,0.3446972370147705,36.5193977355957,185.94862365722656,380.0106506347656,634.4061279296875,0.4260559082031273,0.8261000000000001,1176.511962890625,1821.0,389.470458984375,16.355365607707643,33.85954950009676,5.652813207767165,0.4166666666666667,125.92327880859375,175.48025512695312,29.11582374572754
2023-11-03,25.5,94.0,Non-Landslide Grid,Non-Landslide Grid,"Grid (25.5, 94.0)",0,0.0,0.0,0.0,13.658319473266602,42.31938934326172,0.32350158691431574,0.8739,1779.1180419921875,2283.0,519.9027099609375,15.449684050655147,43.88097592543788,7.42973910462332,3.361111111111111,122.66064453125,211.4700469970703,49.36199188232422
2021-02-10,27.25,93.25,Non-Landslide Grid,Non-Landslide Grid,"Grid (27.25, 93.25)",0,0.0,0.0,0.0,0.542676568031311,22.392597198486328,0.3159065246582653,0.8338,1699.124755859375,2124.0,379.8884582519531,12.975082879107026,33.22601564727641,5.46034466835552,0.1388888888888889,103.07848358154297,157.81167602539062,32.20867156982422
2020-07-21,24.5,93.75,Non-Landslide Grid,Non-Landslide Grid,"Grid (24.5, 93.75)",0,2.7143797874450684,6.7422685623168945,25.272912979125977,82.2322006225586,143.85797119140625,0.434768676757643,0.7121000000000001,917.9044189453125,1554.0,256.2775573730469,5.662249960180044,30.93689661621472,7.021565474401968,0.027777777777777776,43.58971405029297,141.0993194580078,50.9337158203125
2024-09-18,24.0,93.25,Non-Landslide Grid,Non-Landslide Grid,"Grid (24.0, 93.25)",0,0.0,1.1581424474716187,19.321929931640625,21.086719512939453,95.50636291503906,0.4180755615234374,0.881,905.4602661132812,1648.0,312.1431579589844,14.391767358776677,39.84091543188265,6.405996319269908,0.9444444444444444,114.75102233886719,183.78115844726562,38.22748565673828
2025-12-13,24.25,93.5,Non-Landslide Grid,Non-Landslide Grid,"Grid (24.25, 93.5)",0,0.0,0.0,0.0,0.0,0.0,0.20685577392592225,0.8797,969.3502807617188,1563.0,260.0469055175781,10.94183110203401,41.25704250195322,6.225412892415463,0.6111111111111112,87.54002380371094,164.14285278320312,40.41925048828125
2025-09-05,26.75,94.25,Non-Landslide Grid,Non-Landslide Grid,"Grid (26.75, 94.25)",0,9.296433448791504,11.002090454101562,14.859329223632812,22.569412231445312,127.36117553710938,0.4459877014160197,0.7477,97.47916412353516,58.0,10.624689102172852,0.17975465983875877,1.1893239571718413,0.1345856899134309,0.0,1.674749493598938,3.181980609893799,0.9176729917526245
2023-06-17,25.5,91.5,Meghalaya,East Khasi Hills,Laitlarem Landslide Laitlarem Village area,1,34.07175827026367,171.1419219970703,322.158935546875,425.6266174316406,533.9917602539062,0.5200042724608742,0.7235,1595.5714111328125,666.0,96.28884887695312,3.7327363226589427,16.87545099500921,2.7080440699585675,0.0,31.887956619262695,68.39764404296875,18.14517593383789
2025-05-31,25.5,91.75,Meghalaya,East Khasi Hills,Mylliem Landslide 11,1,134.42385864257812,282.88494873046875,328.74578857421875,519.0849609375,659.59765625,0.48547363281253125,0.8818,1670.7216796875,913.0,153.39508056640625,5.919859729912694,32.03817497959001,5.573524917136624,0.1388888888888889,48.907474517822266,137.64651489257812,39.82622146606445
2024-06-15,25.5,90.25,Meghalaya,Garo Matchurigre Landslide,Tura 1 Road Williamnagar SH,1,97.52465057373047,188.85842895507812,222.22067260742188,494.72052001953125,1062.780517578125,0.45518493652347247,0.9006000000000001,456.1675109863281,1310.0,324.3319091796875,5.398804127806837,29.770511719549223,5.068353584541543,0.0,43.320011138916016,116.16681671142578,35.4824333190918
2021-01-31,28.75,94.25,Non-Landslide Grid,Non-Landslide Grid,"Grid (28.75, 94.25)",0,5.327795028686523,6.85165548324585,11.060644149780273,39.38518524169922,44.66307830810547,0.3949966430663865,0.7876000000000001,2709.75341796875,3071.0,593.8355102539062,20.5100551214562,43.60840065719184,6.86612326779109,7.305555555555555,161.16683959960938,226.91700744628906,38.465023040771484
2020-07-11,25.5,91.75,Meghalaya,East Khasi Hills,Laitlyngkot-Pomlum,1,175.06356811523438,369.8716735839844,421.1446533203125,834.97705078125,1238.3216552734375,0.4567565917968682,0.8605,1670.7216796875,913.0,153.39508056640625,5.919859729912694,32.03817497959001,5.573524917136624,0.1388888888888889,48.907474517822266,137.64651489257812,39.82622146606445
2020-04-15,24.25,92.0,Non-Landslide Grid,Non-Landslide Grid,"Grid (24.25, 92.0)",0,0.0,0.0,0.1403176188468933,6.4426398277282715,6.4426398277282715,0.17034912109375133,0.5767,68.33444213867188,234.0,36.19500732421875,1.3081239000365223,10.326522372387192,1.3754621604284945,0.0,10.753236770629883,33.304649353027344,10.289295196533203
2021-07-20,25.5,90.5,Non-Landslide Grid,Non-Landslide Grid,"Grid (25.5, 90.5)",0,10.503083229064941,23.56512451171875,128.73989868164062,231.66676330566406,1236.708251953125,0.48384094238284836,0.7879,543.5358276367188,1175.0,224.3740997314453,5.480898761902344,28.045471172004955,4.568385134784606,0.0,43.9293327331543,112.02342224121094,32.36680221557617
2024-08-22,23.25,91.5,Tripura,Gardang Landslide,Gardang Panchayat near Shanti bazar 23.312969,1,133.7190704345703,432.43072509765625,546.1906127929688,684.4995727539062,999.1077270507812,0.4837188720702936,0.6880000000000001,38.200279235839844,115.0,20.5236759185791,0.6370969238191169,3.304631628350103,0.5353421781181678,0.0,5.406652450561523,13.076696395874023,3.765470266342163
2020-06-10,24.0,92.5,Mizoram,Mamit,Mamit1,1,16.59669303894043,20.109102249145508,53.00304412841797,211.8182830810547,277.39361572265625,0.42126464843749145,0.8869,278.63360595703125,864.0,195.9539794921875,7.443317121808474,26.943935612493448,5.500279187235453,0.0,58.76435852050781,123.90907287597656,36.05270004272461
2021-05-14,27.75,95.25,Non-Landslide Grid,Non-Landslide Grid,"Grid (27.75, 95.25)",0,20.89578628540039,21.213443756103516,21.535667419433594,41.2545280456543,60.566497802734375,0.47836303710943084,0.3642,125.48472595214844,291.0,27.575366973876953,0.34078742448928545,10.445190427141654,0.9687570359525315,0.0,2.876985788345337,6.0,7.575013637542725
2020-10-16,22.5,92.75,Non-Landslide Grid,Non-Landslide Grid,"Grid (22.5, 92.75)",0,0.0,3.0041799545288086,15.090519905090332,98.0798110961914,206.7189483642578,0.3630065917968967,0.9008,417.3094482421875,1056.0,222.3340301513672,9.051629002092756,29.277202621801816,5.429355172156811,0.0,73.64885711669922,131.6678924560547,34.930362701416016
2021-12-20,28.0,96.5,Non-Landslide Grid,Non-Landslide Grid,"Grid (28.0, 96.5)",0,0.0,0.0,0.0,4.851964950561523,15.82060718536377,0.29603576660155007,0.8179000000000001,1515.6094970703125,2871.0,651.4829711914062,22.8996228764844,55.03617911554651,8.322263526866594,19.944444444444446,186.27854919433594,270.32135009765625,50.12175750732422
2022-06-16,27.25,93.0,Non-Landslide Grid,Non-Landslide Grid,"Grid (27.25, 93.0)",0,57.154605865478516,122.24473571777344,186.1085205078125,349.82177734375,467.3150329589844,0.4295272827148388,0.8361000000000001,1055.2911376953125,1795.0,369.5699157714844,14.651790736714245,36.79736456471443,6.273287109789744,1.0833333333333335,117.70903015136719,182.6220245361328,37.93098068237305
2020-05-22,26.5,93.0,Non-Landslide Grid,Non-Landslide Grid,"Grid (26.5, 93.0)",0,41.94834518432617,59.463863372802734,99.1199951171875,134.66336059570312,200.15982055664062,0.492736816406252,0.6906,168.4308319091797,661.0,166.31455993652344,2.8684557130330925,24.76766018774044,4.400372428445073,0.0,23.470603942871094,100.2459487915039,32.69191360473633
2025-06-18,28.5,93.5,Non-Landslide Grid,Non-Landslide Grid,"Grid (28.5, 93.5)",0,9.932655334472656,17.407230377197266,25.772785186767578,46.55485534667969,317.419677734375,0.42732238769531355,0.7677,3411.674560546875,3765.0,826.7841796875,20.60021656963089,52.52021406191496,8.94526016023897,14.416666666666666,156.19125366210938,259.6390686035156,63.15973663330078
2021-05-11,27.75,93.25,Non-Landslide Grid,Non-Landslide Grid,"Grid (27.75, 93.25)",0,3.0561907291412354,19.52239418029785,46.75250244140625,65.65259552001953,122.85266876220703,0.42487335205078247,0.8493,2134.03564453125,2684.0,518.6760864257812,17.304813459602983,45.93594349450423,6.953065955001086,4.388888888888888,136.74777221679688,223.04844665527344,44.572750091552734
2020-03-09,25.75,94.5,Non-Landslide Grid,Non-Landslide Grid,"Grid (25.75, 94.5)",0,0.8129656910896301,5.497665882110596,6.214470386505127,13.78162670135498,24.42839813232422,0.4621963500975908,0.7894,1396.2308349609375,2013.0,408.9830322265625,16.617851510009896,35.81275418340396,6.12449676554779,0.4166666666666667,128.43576049804688,179.00991821289062,30.28059196472168
2023-09-07,26.25,95.0,Nagaland,Noklak,"Ehoukeh King Ehoukeh King, Choklangan",1,0.03423837572336197,0.7333950400352478,4.50324821472168,96.82681274414062,320.91302490234375,0.40541076660177966,0.881,1651.8433837890625,2099.0,427.3861389160156,16.836851288160602,35.73543845149518,5.834910603546995,0.6666666666666667,130.60438537597656,183.2027130126953,30.21045684814453
2020-08-10,24.0,92.0,Non-Landslide Grid,Non-Landslide Grid,"Grid (24.0, 92.0)",0,6.746140480041504,16.293176651000977,58.581787109375,177.13169860839844,322.5279541015625,0.3761291503906126,0.8151,116.92916870117188,392.0,58.878543853759766,2.1896424107044976,16.669920976886594,2.393290891627602,0.0,18.279224395751953,58.623252868652344,17.288740158081055
2024-08-20,27.25,88.5,Sikkim,Balutar Landslide,"NHPC's Teesta Stage in Balutar, 510 MW 5 dam Sikkim",1,5.8555684089660645,26.99584197998047,69.3537826538086,223.2882537841797,556.1149291992188,0.4291229248046845,0.8616,1310.343017578125,2905.0,563.8278198242188,19.43016042352437,44.443769020233006,6.897398642525547,5.361111111111111,150.6671905517578,223.98939514160156,42.2029914855957
2025-06-05,27.75,94.5,Non-Landslide Grid,Non-Landslide Grid,"Grid (27.75, 94.5)",0,5.678040981292725,57.11376190185547,316.8707275390625,333.65582275390625,511.3228454589844,0.40957641601561884,0.8082,707.9741821289062,1668.0,336.4001159667969,11.959542917427125,32.18182728701391,6.231628084732036,0.19444444444444445,97.14503479003906,168.00035095214844,41.072731018066406
2022-02-25,22.75,93.0,Non-Landslide Grid,Non-Landslide Grid,"Grid (22.75, 93.0)",0,0.0,0.0,0.289991170167923,0.289991170167923,41.350929260253906,0.16526031494143228,0.734,789.2650146484375,1898.0,341.1698913574219,14.561089002221255,36.86079860562968,6.300029884029621,1.027777777777778,116.944091796875,181.39210510253906,35.221229553222656
2024-05-28,23.5,92.75,Mizoram,Aizawl Falkawn Landslide,Falkawn Village,1,75.6821517944336,124.16787719726562,149.87127685546875,158.71707153320312,266.5117492675781,0.42999267578125,0.789,685.7172241210938,1302.0,248.54957580566406,11.267666801025864,31.39810393250354,5.372568735051805,0.08333333333333334,92.36515808105469,149.06800842285156,30.36924171447754
2024-07-14,27.25,92.75,Arunachal Pradesh,West Kameng,Palizi Landslide Between Rupa and Seppa,1,11.334847450256348,56.725669860839844,164.83055114746094,387.9780578613281,536.87890625,0.4228401184082055,0.7771,1064.0302734375,2489.0,430.59619140625,16.90999999597306,36.56335488201379,6.799202817058838,2.5833333333333335,136.30735778808594,208.24038696289062,40.6927490234375
2023-10-25,27.5,93.0,Non-Landslide Grid,Non-Landslide Grid,"Grid (27.5, 93.0)",0,0.0,0.0,3.3466362953186035,13.620415687561035,165.2393035888672,0.3537292480468834,0.8516,1176.511962890625,1821.0,389.470458984375,16.355365607707643,33.85954950009676,5.652813207767165,0.4166666666666667,125.92327880859375,175.48025512695312,29.11582374572754
2023-06-27,24.75,93.25,Non-Landslide Grid,Non-Landslide Grid,"Grid (24.75, 93.25)",0,25.291738510131836,42.894752502441406,65.22663879394531,196.72039794921875,242.12908935546875,0.42131805419921675,0.7192000000000001,391.63970947265625,1431.0,303.173828125,9.487265584750292,34.49709226203304,6.790725772983349,0.3611111111111111,75.60086822509766,152.48123168945312,46.09552001953125
2022-04-13,25.0,92.5,Meghalaya,Jaintia Hills,Donsakul_1 near donsakul,1,4.538765907287598,24.118656158447266,29.584789276123047,67.30561065673828,218.27015686035156,0.4836120605468127,0.6105,204.9633331298828,1224.0,275.96075439453125,5.487831143215172,34.94692623136583,7.116754878189429,0.4166666666666667,44.536964416503906,142.9350128173828,54.15533447265625
2020-11-27,24.5,93.0,Non-Landslide Grid,Non-Landslide Grid,"Grid (24.5, 93.0)",0,0.0,0.0,0.0,0.0,49.56246566772461,0.29461669921873673,0.895,199.3169403076172,900.0,190.72097778320312,5.500342727895433,27.18743015094595,5.209598479718961,0.0,44.432010650634766,116.27139282226562,37.216575622558594
2020-06-15,23.75,92.75,Mizoram,Aizawl,Ramhlun_1,1,7.857822895050049,22.09695816040039,82.69371032714844,122.2768325805664,276.8878173828125,0.40430831909180603,0.8256,558.530029296875,1301.0,251.22454833984375,11.561747209331001,33.20981307339313,5.7138444190846345,0.25,94.32711791992188,152.0427703857422,34.32426834106445
2020-10-03,27.75,94.0,Non-Landslide Grid,Non-Landslide Grid,"Grid (27.75, 94.0)",0,7.717708587646484,15.217316627502441,66.10209655761719,228.93460083007812,570.5311279296875,0.4217605590820294,0.7461,1244.3663330078125,2129.0,494.1430969238281,16.013889717688308,36.17063874593479,5.910114147919774,0.9444444444444444,127.07389068603516,186.63514709472656,33.358192443847656
2023-10-02,27.5,96.5,Non-Landslide Grid,Non-Landslide Grid,"Grid (27.5, 96.5)",0,0.0,0.0,0.14841718971729279,36.7415657043457,61.494041442871094,0.47227478027349906,0.7273000000000001,1077.08056640625,2976.0,465.3326721191406,12.640977201658412,38.92595716757484,7.13953799670703,2.3333333333333335,98.56029510498047,199.70248413085938,50.579246520996094
2020-09-27,23.75,92.75,Mizoram,Aizawl,Maubawk_2,1,4.182171821594238,8.19980239868164,51.017921447753906,78.68465423583984,189.77146911621094,0.4105834960937483,0.8761,558.530029296875,1301.0,251.22454833984375,11.561747209331001,33.20981307339313,5.7138444190846345,0.25,94.32711791992188,152.0427703857422,34.32426834106445
2024-08-01,24.5,93.75,Manipur,Thanga Landslide,Part I Thanga Panchayat Part I Gram,1,20.01174545288086,43.438419342041016,52.1451301574707,75.17282104492188,171.00685119628906,0.439193725585838,0.8904000000000001,917.9044189453125,1554.0,256.2775573730469,5.662249960180044,30.93689661621472,7.021565474401968,0.027777777777777776,43.58971405029297,141.0993194580078,50.9337158203125
2022-01-11,27.5,96.0,Non-Landslide Grid,Non-Landslide Grid,"Grid (27.5, 96.0)",0,0.0,0.0,0.0,4.151142597198486,5.10223388671875,0.2871246337891085,0.6123000000000001,201.21360778808594,532.0,78.42937469482422,1.1679882519971398,15.455060228625408,2.348388527453235,0.0,9.16063117980957,51.294803619384766,17.13377571105957
2024-06-18,27.0,93.75,Arunachal Pradesh,Papum Pare,Karsingsa Landslide Between Nirjuli and Banderdewa,1,19.251564025878906,47.67650604248047,112.90425109863281,147.31954956054688,388.0081787109375,0.421440124511705,0.6284000000000001,141.790283203125,561.0,89.47208404541016,1.5707203689471758,18.980671243667295,2.58089755269254,0.0,12.962088584899902,56.661376953125,19.76386070251465
2020-10-31,25.25,94.25,Non-Landslide Grid,Non-Landslide Grid,"Grid (25.25, 94.25)",0,0.9728647470474243,0.9728647470474243,8.563342094421387,143.2509765625,220.55081176757812,0.46866989135746445,0.8162,1430.0185546875,1384.0,287.5816345214844,11.674566235110182,28.340971183162768,5.219642748494721,0.0,90.2953109741211,142.03536987304688,29.378387451171875
2024-01-05,28.25,93.5,Non-Landslide Grid,Non-Landslide Grid,"Grid (28.25, 93.5)",0,0.298915833234787,0.9714764356613159,0.9714764356613159,0.9714764356613159,5.849728584289551,0.2927932739257995,0.6559,2574.24755859375,4003.0,879.6279296875,22.806868544787083,47.53085760010291,7.9523313855157625,17.694444444444443,182.40457153320312,266.17041015625,47.88905715942383
2024-07-02,23.75,92.75,Mizoram,Aizawl Zemabawk Landslide,Aizawl's locality Zemabawk,1,68.70724487304688,111.08206176757812,141.04322814941406,288.2622375488281,409.1598205566406,0.4286308288574242,0.8360000000000001,558.530029296875,1301.0,251.22454833984375,11.561747209331001,33.20981307339313,5.7138444190846345,0.25,94.32711791992188,152.0427703857422,34.32426834106445
2025-09-09,25.5,92.0,Non-Landslide Grid,Non-Landslide Grid,"Grid (25.5, 92.0)",0,6.619536399841309,40.081634521484375,42.714393615722656,98.0963134765625,169.36659240722656,0.5003204345703024,0.8442000000000001,1362.2994384765625,1410.0,264.5621337890625,7.554808330244862,33.88208370808656,6.750802082738645,0.638888888888889,61.715328216552734,167.0863800048828,48.47831726074219
2021-08-13,26.5,90.75,Non-Landslide Grid,Non-Landslide Grid,"Grid (26.5, 90.75)",0,8.626214981079102,36.230743408203125,52.157249450683594,82.00483703613281,293.4375305175781,0.4415740966796445,0.7754000000000001,54.024444580078125,234.0,14.469660758972168,0.37174232379941785,14.821543779722273,1.1144722758464185,0.0,3.3137152194976807,3.9536359310150146,8.71249008178711
2023-03-12,28.5,93.75,Non-Landslide Grid,Non-Landslide Grid,"Grid (28.5, 93.75)",0,0.16562268137931824,2.723879814147949,18.92300796508789,21.76544952392578,101.00821685791016,0.4211349487304602,0.1035,2668.67138671875,3899.0,945.4757080078125,24.27127304371123,52.68328789407103,8.571868274575294,26.666666666666668,194.73861694335938,282.025146484375,52.457374572753906
2022-08-04,23.25,91.5,Non-Landslide Grid,Non-Landslide Grid,"Grid (23.25, 91.5)",0,3.3207499980926514,17.646482467651367,23.44261360168457,120.11358642578125,170.71156311035156,0.46455383300782455,0.7559,38.200279235839844,115.0,20.5236759185791,0.6370969238191169,3.304631628350103,0.5353421781181678,0.0,5.406652450561523,13.076696395874023,3.765470266342163
2023-05-25,25.0,94.0,Non-Landslide Grid,Non-Landslide Grid,"Grid (25.0, 94.0)",0,11.699557304382324,11.699557304382324,14.221946716308594,58.19806671142578,61.71269226074219,0.3691558837890422,0.5795,1008.9378051757812,1548.0,236.13145446777344,8.418254996846219,29.95096914355927,5.888112068764791,0.0,66.83557891845703,132.4910888671875,39.91765594482422
2025-08-27,23.5,92.75,Non-Landslide Grid,Non-Landslide Grid,"Grid (23.5, 92.75)",0,39.04571533203125,80.11966705322266,90.51351165771484,184.29354858398438,330.76898193359375,0.4098587036133202,0.8782000000000001,685.7172241210938,1302.0,248.54957580566406,11.267666801025864,31.39810393250354,5.372568735051805,0.08333333333333334,92.36515808105469,149.06800842285156,30.36924171447754
2025-11-07,24.0,91.5,Non-Landslide Grid,Non-Landslide Grid,"Grid (24.0, 91.5)",0,0.0,21.771604537963867,23.86277198791504,52.32025146484375,70.80262756347656,0.32986450195311295,0.8637,63.2599983215332,147.0,32.07771301269531,0.6782875420462081,3.9239910742673763,0.5583940986716778,0.0,5.560225486755371,13.839029312133789,3.877204179763794
2025-05-26,23.25,92.75,Non-Landslide Grid,Non-Landslide Grid,"Grid (23.25, 92.75)",0,45.50141525268555,63.86189651489258,135.3115692138672,205.92584228515625,241.05703735351562,0.40628814697265225,0.7594000000000001,639.630859375,1260.0,200.76295471191406,9.799972649391158,29.03776753010941,5.627017276240316,0.0,80.92599487304688,137.27716064453125,33.788272857666016
2022-04-13,25.25,92.5,Meghalaya,Jaintia Hills,Before_Sonapur2 before sonapur,1,4.2119927406311035,15.343467712402344,20.91499900817871,66.46891784667969,231.5885467529297,0.4930801391601514,0.7032,819.6777954101562,1530.0,334.9479675292969,8.272812286185768,39.33030515212594,6.5070393989689945,1.0555555555555556,65.47273254394531,169.72897338867188,46.98260498046875
2024-06-30,28.0,94.5,Non-Landslide Grid,Non-Landslide Grid,"Grid (28.0, 94.5)",0,84.36181640625,196.570068359375,390.85614013671875,443.41876220703125,589.4443359375,0.42883300781250444,0.8033,911.5819702148438,1760.0,309.78753662109375,13.328593092786441,33.05167063851376,5.77641490364223,0.25,106.9828872680664,164.1502685546875,33.62059020996094
2022-05-15,25.25,93.0,Assam,Dima Hasao,hill_haflong1 hill_halflong,1,13.70791244506836,171.51666259765625,325.0523681640625,348.9837951660156,558.1865234375,0.47109222412107926,0.7867000000000001,581.3922119140625,1271.0,220.6673126220703,7.95753565762605,30.952647139700577,4.65836575833331,0.027777777777777776,63.11333465576172,118.19319915771484,29.522968292236328
2021-01-12,28.5,95.0,Non-Landslide Grid,Non-Landslide Grid,"Grid (28.5, 95.0)",0,1.6711221933364868,1.6711221933364868,1.6711221933364868,1.6711221933364868,21.85225486755371,0.29273986816434666,0.8673000000000001,1234.52197265625,2357.0,553.1590576171875,18.97321622403712,39.05771946505936,7.2058900485037585,5.611111111111111,149.1695556640625,215.672607421875,41.325218200683594
2021-06-24,25.25,93.75,Manipur,Tamenglong,Tamei Village,1,4.80769681930542,24.31928825378418,68.01183319091797,81.9027099609375,108.30506134033203,0.4026947021484396,0.7547,1232.69970703125,2240.0,469.18341064453125,14.479139277717076,44.38378731007046,7.1232052951327365,2.4166666666666665,113.90241241455078,199.898193359375,46.743064880371094
2024-06-21,27.5,95.75,Non-Landslide Grid,Non-Landslide Grid,"Grid (27.5, 95.75)",0,26.114013671875,53.35730743408203,91.71578216552734,127.38522338867188,345.32342529296875,0.45455169677730345,0.7643000000000001,151.99278259277344,66.0,10.139687538146973,0.31555418138542196,2.175448807631715,0.2892683228217101,0.0,2.699601173400879,7.017834186553955,2.002333879470825
2025-05-30,25.75,92.0,Meghalaya,Ri Bhoi,Sumer Landslide 1,1,103.3324966430664,111.45738983154297,142.70361328125,261.2294921875,363.6540222167969,0.5154647827148221,0.6665,917.2408447265625,859.0,130.39633178710938,4.714470137470853,21.87834296680697,3.6313367608752385,0.0,39.3952522277832,86.12773895263672,23.6353702545166
2024-04-02,24.75,93.5,Non-Landslide Grid,Non-Landslide Grid,"Grid (24.75, 93.5)",0,2.7957162857055664,13.795716285705566,14.295716285705566,53.99571228027344,53.99571228027344,0.31107330322274973,0.8338,656.288330078125,1534.0,273.30828857421875,13.92695372753795,35.9465555765086,6.308069798004876,0.7777777777777778,110.30641174316406,178.22549438476562,37.871456146240234
2024-05-30,25.25,93.0,Assam,Lungkhok,"Landslide Road side, Lungkhok",1,78.4551773071289,200.38491821289062,204.71914672851562,222.25344848632812,370.7305603027344,0.48333740234370137,0.6970000000000001,581.3922119140625,1271.0,220.6673126220703,7.95753565762605,30.952647139700577,4.65836575833331,0.027777777777777776,63.11333465576172,118.19319915771484,29.522968292236328
2022-07-04,26.25,95.0,Non-Landslide Grid,Non-Landslide Grid,"Grid (26.25, 95.0)",0,17.3256893157959,33.111793518066406,73.0480728149414,163.15240478515625,281.39251708984375,0.4231338500976631,0.8219000000000001,1651.8433837890625,2099.0,427.3861389160156,16.836851288160602,35.73543845149518,5.834910603546995,0.6666666666666667,130.60438537597656,183.2027130126953,30.21045684814453
2024-06-11,27.25,88.5,Sikkim,Pani House Landslide,Pani House Gangtok area in,1,50.487693786621094,99.1546630859375,197.48931884765625,358.17889404296875,496.4427185058594,0.42335510253906616,0.8236,1310.343017578125,2905.0,563.8278198242188,19.43016042352437,44.443769020233006,6.897398642525547,5.361111111111111,150.6671905517578,223.98939514160156,42.2029914855957
2021-09-19,28.25,95.5,Non-Landslide Grid,Non-Landslide Grid,"Grid (28.25, 95.5)",0,11.53857135772705,40.475162506103516,40.644866943359375,51.47061538696289,565.2438354492188,0.4363937377930796,0.9028,892.1255493164062,2771.0,592.14453125,13.33587761862261,42.291176610644136,10.68142455888192,7.194444444444445,107.26727294921875,232.85174560546875,80.64944458007812
2025-05-02,28.75,94.0,Non-Landslide Grid,Non-Landslide Grid,"Grid (28.75, 94.0)",0,4.080520153045654,20.997777938842773,54.88603210449219,193.18101501464844,313.81390380859375,0.42350006103515037,0.4853,3577.3251953125,2976.0,665.001953125,19.414225352620836,43.62889412441403,7.739202902579202,9.25,154.01666259765625,233.36834716796875,45.09198760986328
2020-05-05,26.25,92.25,Non-Landslide Grid,Non-Landslide Grid,"Grid (26.25, 92.25)",0,0.0,2.1175901889801025,3.537647247314453,23.898422241210938,60.12874984741211,0.39929580688470256,0.6173000000000001,59.86111068725586,207.0,13.151198387145996,0.35479978572270676,11.394239433231547,0.9882699964642461,0.0,3.147531747817993,12.287154197692871,7.643882751464844
2022-05-15,25.0,92.75,Assam,Dima Hasao,nachangjol_3 nachangjol,1,17.392393112182617,209.87167358398438,389.2757263183594,429.9621276855469,673.3184814453125,0.47242736816394554,0.7506,274.126953125,1465.0,315.2989196777344,7.0296151565544855,32.894933863241256,6.950774825954634,0.05555555555555555,56.27210235595703,144.00457763671875,50.87444305419922
2025-05-30,26.0,92.0,Meghalaya,Ri Bhoi,Umling Landslide,1,47.65731430053711,60.695011138916016,72.08164978027344,109.74012756347656,204.9593048095703,0.5075073242187793,0.7511,425.2469482421875,849.0,238.75572204589844,4.634511980265262,21.85694252416076,3.5256456496705213,0.0,39.874755859375,84.67662811279297,24.005374908447266
2024-03-18,27.25,94.75,Non-Landslide Grid,Non-Landslide Grid,"Grid (27.25, 94.75)",0,0.0,0.0,10.168578147888184,14.154932975769043,36.46287536621094,0.28695297241209256,0.5609000000000001,98.56222534179688,20.0,3.0542349815368652,0.1346666252805236,0.7194751504933604,0.08796323190569202,0.0,1.2764827013015747,2.345207929611206,0.5854437351226807
2020-05-05,28.0,93.75,Non-Landslide Grid,Non-Landslide Grid,"Grid (28.0, 93.75)",0,9.770840644836426,9.99058723449707,28.659278869628906,73.96571350097656,133.0263214111328,0.401000976562504,0.7822,1455.862548828125,2434.0,492.0262756347656,20.263911744532226,40.810849556333466,7.4306715903592595,9.86111111111111,164.10630798339844,239.4039764404297,42.79767990112305
2025-05-30,25.5,91.75,Meghalaya,East Khasi Hills,Mylliem Landslide 10,1,140.50730895996094,148.46109008789062,196.48526000976562,387.7179260253906,528.7616577148438,0.5165710449218512,0.8818,1670.7216796875,913.0,153.39508056640625,5.919859729912694,32.03817497959001,5.573524917136624,0.1388888888888889,48.907474517822266,137.64651489257812,39.82622146606445
2024-08-04,25.75,94.25,Nagaland,Dzüü Landslide,Just Dzüü before bridge,1,8.431854248046875,42.50855255126953,74.48005676269531,121.64906311035156,271.5361328125,0.4347457885742082,0.8648,1149.9219970703125,1853.0,357.2713623046875,11.654470318827258,27.181987901759243,5.14388994564552,0.0,92.4559326171875,138.56854248046875,26.550003051757812
2023-06-17,26.0,91.75,Assam,Kamrup Metro,Dhirenpara Landslide Katahbari Main Road area,1,21.98884391784668,64.69256591796875,188.49700927734375,259.45684814453125,320.19342041015625,0.49606323242187444,0.8615,323.899169921875,766.0,135.91363525390625,4.957392974049627,20.61693827486847,3.3378267914883613,0.0,42.12355041503906,83.86418151855469,22.39252471923828
2025-05-30,27.0,93.75,Arunachal Pradesh,Papum Pare,Near Gyan Mission Orphan School,1,46.14706039428711,76.72772216796875,103.79119873046875,209.83038330078125,413.4284362792969,0.43758392333988205,0.6084,141.790283203125,561.0,89.47208404541016,1.5707203689471758,18.980671243667295,2.58089755269254,0.0,12.962088584899902,56.661376953125,19.76386070251465
2021-06-05,26.75,90.25,Non-Landslide Grid,Non-Landslide Grid,"Grid (26.75, 90.25)",0,28.438026428222656,77.37959289550781,141.19761657714844,175.07742309570312,260.85479736328125,0.3852920532227604,0.8265,226.75027465820312,1423.0,188.4671173095703,2.261686693135128,33.41106145295647,4.220345125131856,0.1388888888888889,17.947385787963867,96.15144348144531,32.53406524658203
2025-01-21,27.75,96.5,Non-Landslide Grid,Non-Landslide Grid,"Grid (27.75, 96.5)",0,0.0,0.0,0.0,7.6508002281188965,8.426530838012695,0.359306335449256,0.785,1912.2774658203125,3015.0,640.3836669921875,21.45163246151097,40.459199193143306,7.178409802011485,10.75,171.69166564941406,237.52938842773438,40.915340423583984
2020-10-06,23.75,92.75,Mizoram,Aizawl,Zembawk_1,1,34.61561584472656,96.16620635986328,139.00875854492188,195.68199157714844,289.3341064453125,0.41821670532227806,0.8211,558.530029296875,1301.0,251.22454833984375,11.561747209331001,33.20981307339313,5.7138444190846345,0.25,94.32711791992188,152.0427703857422,34.32426834106445
2025-05-30,25.5,91.75,Meghalaya,East Khasi Hills,Mylliem Landslide 3,1,140.50730895996094,148.46109008789062,196.48526000976562,387.7179260253906,528.7616577148438,0.5165710449218512,0.8818,1670.7216796875,913.0,153.39508056640625,5.919859729912694,32.03817497959001,5.573524917136624,0.1388888888888889,48.907474517822266,137.64651489257812,39.82622146606445
2025-07-11,27.5,96.25,Non-Landslide Grid,Non-Landslide Grid,"Grid (27.5, 96.25)",0,0.5867390036582947,32.76776885986328,65.34540557861328,106.65130615234375,225.10736083984375,0.4374542236328398,0.631,563.5714111328125,1454.0,310.52874755859375,6.484125333415808,29.253558278714898,5.356834360093512,0.0,49.801979064941406,120.16905212402344,37.198604583740234
2022-05-15,25.25,93.0,Assam,Dima Hasao,L1 Near Halflong Railway Station,1,13.70791244506836,171.51666259765625,325.0523681640625,348.9837951660156,558.1865234375,0.47109222412107926,0.7867000000000001,581.3922119140625,1271.0,220.6673126220703,7.95753565762605,30.952647139700577,4.65836575833331,0.027777777777777776,63.11333465576172,118.19319915771484,29.522968292236328
2024-05-28,23.75,92.75,Mizoram,Aizawl Hlimen Landslide,"Situated Meltham in Aizawl between and Hlimen the southern part of city, Mizoram",1,111.03622436523438,171.81805419921875,189.34593200683594,200.90985107421875,317.3617858886719,0.42999267578125,0.7366,558.530029296875,1301.0,251.22454833984375,11.561747209331001,33.20981307339313,5.7138444190846345,0.25,94.32711791992188,152.0427703857422,34.32426834106445
2020-02-25,22.25,92.75,Non-Landslide Grid,Non-Landslide Grid,"Grid (22.25, 92.75)",0,0.0,0.0,0.0,0.0,0.7030225992202759,0.1273765563964861,0.8096,268.3175048828125,711.0,127.03475189208984,6.392025864742884,21.465236016838873,4.5493130622143605,0.0,55.32823181152344,107.2934341430664,30.79429817199707
2024-10-30,27.0,93.5,Non-Landslide Grid,Non-Landslide Grid,"Grid (27.0, 93.5)",0,35.3836669921875,35.3836669921875,39.825035095214844,39.97615432739258,198.48818969726562,0.34689331054691863,0.8427,355.9505615234375,1665.0,296.9815979003906,5.933726472852088,32.66514584979479,6.165044312996405,0.1111111111111111,49.377342224121094,140.6566925048828,47.237037658691406
2023-07-10,28.0,88.5,Non-Landslide Grid,Non-Landslide Grid,"Grid (28.0, 88.5)",0,20.225255966186523,34.05304718017578,91.82731628417969,251.42787170410156,608.4083251953125,0.4217987060546899,0.2806,5095.7900390625,4396.0,387.92755126953125,13.349086794565135,73.70894448368757,8.435456979019474,3.944444444444444,106.86685943603516,213.61180114746094,80.8809585571289
2023-10-29,25.25,90.5,Non-Landslide Grid,Non-Landslide Grid,"Grid (25.25, 90.5)",0,4.616979598999023,4.616979598999023,19.039438247680664,19.077104568481445,336.4552917480469,0.28146362304701905,0.8029000000000001,110.20999908447266,470.0,81.19135284423828,3.1080991690904507,17.643092472165375,2.508927115792947,0.0,26.54151725769043,56.400413513183594,17.79831886291504
2021-04-24,29.0,94.5,Non-Landslide Grid,Non-Landslide Grid,"Grid (29.0, 94.5)",0,0.450970858335495,79.21305847167969,149.51583862304688,404.0915832519531,594.4191284179688,0.4273529052734191,0.7511,3005.808837890625,3730.0,810.688720703125,23.84019762663832,48.639709440021086,7.924152675156946,21.63888888888889,187.22267150878906,267.10906982421875,46.24726867675781
2025-06-12,26.75,94.5,Non-Landslide Grid,Non-Landslide Grid,"Grid (26.75, 94.5)",0,0.0,10.925461769104004,11.467350959777832,94.6885986328125,204.37667846679688,0.41143798828124084,0.728,152.64083862304688,816.0,111.94622802734375,1.8494915913344705,25.33835269579095,3.853828538313039,0.0,14.316750526428223,88.5917739868164,27.788942337036133
2021-08-26,22.25,92.75,Mizoram,Lawngtlai,Zochachhuah,1,16.8812255859375,85.78994750976562,111.22314453125,222.46791076660156,432.2039794921875,0.4169082641601634,0.9235,268.3175048828125,711.0,127.03475189208984,6.392025864742884,21.465236016838873,4.5493130622143605,0.0,55.32823181152344,107.2934341430664,30.79429817199707
2021-01-30,26.0,92.0,Non-Landslide Grid,Non-Landslide Grid,"Grid (26.0, 92.0)",0,0.0,0.0,0.0,0.5705119371414185,0.5705119371414185,0.3131103515624844,0.6985,425.2469482421875,849.0,238.75572204589844,4.634511980265262,21.85694252416076,3.5256456496705213,0.0,39.874755859375,84.67662811279297,24.005374908447266
2024-09-03,25.75,94.0,Nagaland,Pherima Landslide,Between Pherima Paglapahar NH 29 and,1,3.8065683841705322,6.124726295471191,27.04713249206543,98.97545623779297,277.2474060058594,0.4767303466795896,0.8883000000000001,1057.0296630859375,2478.0,501.8348388671875,12.132001583102527,38.017046564435354,6.381968560798878,0.9722222222222222,94.8803939819336,172.8865203857422,42.01777267456055
2020-03-03,27.75,92.0,Non-Landslide Grid,Non-Landslide Grid,"Grid (27.75, 92.0)",0,0.2930380702018738,0.2930380702018738,11.576339721679688,11.960891723632812,13.356730461120605,0.3663024902343241,0.062,4297.740234375,3118.0,569.5491333007812,17.14904053708627,53.35791702363412,8.924339215195232,8.583333333333334,138.8452911376953,248.68756103515625,63.69837188720703
2021-11-20,28.25,95.75,Non-Landslide Grid,Non-Landslide Grid,"Grid (28.25, 95.75)",0,0.0,0.0,0.2697342336177826,0.3776279091835022,49.026832580566406,0.3253555297851457,0.8654000000000001,807.4439086914062,2630.0,650.5936279296875,12.186972084827884,43.34744990114847,11.453413973361945,8.722222222222223,96.88633728027344,238.21914672851562,86.88335418701172
2025-10-29,25.0,92.5,Non-Landslide Grid,Non-Landslide Grid,"Grid (25.0, 92.5)",0,0.0,0.0,0.0,0.0,248.88031005859375,0.3391571044921664,0.8071,204.9633331298828,1224.0,275.96075439453125,5.487831143215172,34.94692623136583,7.116754878189429,0.4166666666666667,44.536964416503906,142.9350128173828,54.15533447265625
2022-04-13,25.25,92.5,Meghalaya,Jaintia Hills,Byndihati-Umtyra_6 Between Byndihati and Umtyra,1,4.2119927406311035,15.343467712402344,20.91499900817871,66.46891784667969,231.5885467529297,0.4930801391601514,0.7032,819.6777954101562,1530.0,334.9479675292969,8.272812286185768,39.33030515212594,6.5070393989689945,1.0555555555555556,65.47273254394531,169.72897338867188,46.98260498046875
2024-06-28,26.25,94.5,Nagaland,Tongdentsuyo ng Landslide,Tongdentsuyon g ward butcher NH 2 near shop,1,22.123065948486328,57.36531066894531,130.95045471191406,234.7049102783203,328.80224609375,0.47982788085932654,0.8666,989.822509765625,1674.0,315.20281982421875,10.74273685959458,30.503507972756235,4.9305374882720026,0.027777777777777776,83.37834930419922,135.6664276123047,28.81993293762207
2024-05-28,25.25,94.0,Manipur,Senapati Landslide,Senapati Road Thonglang,1,79.30216217041016,142.3590087890625,148.01339721679688,158.26931762695312,245.4033203125,0.44027709960956096,0.6693,1435.4375,1921.0,378.2546081542969,12.086842826308223,43.383133090803064,5.811415353223593,0.6944444444444444,94.75314331054688,156.38818359375,36.18202209472656
2023-11-29,27.5,93.5,Non-Landslide Grid,Non-Landslide Grid,"Grid (27.5, 93.5)",0,0.0,0.0,2.52409029006958,8.772588729858398,12.955072402954102,0.32662963867186884,0.8941,1917.9405517578125,2523.0,500.17767333984375,14.147153603782364,31.41134724949093,5.455348304784422,0.2222222222222222,110.25569152832031,166.48976135253906,32.25537872314453
2024-10-20,27.25,92.75,Non-Landslide Grid,Non-Landslide Grid,"Grid (27.25, 92.75)",0,0.0,7.6897053718566895,37.2679328918457,197.55935668945312,359.780029296875,0.40726470947265014,0.915,1064.0302734375,2489.0,430.59619140625,16.90999999597306,36.56335488201379,6.799202817058838,2.5833333333333335,136.30735778808594,208.24038696289062,40.6927490234375
2020-04-19,27.75,96.5,Non-Landslide Grid,Non-Landslide Grid,"Grid (27.75, 96.5)",0,8.600000381469727,9.300000190734863,9.300000190734863,23.200000762939453,45.58622741699219,0.45189666748034985,0.7955,1912.2774658203125,3015.0,640.3836669921875,21.45163246151097,40.459199193143306,7.178409802011485,10.75,171.69166564941406,237.52938842773438,40.915340423583984
2020-04-23,26.0,92.0,Non-Landslide Grid,Non-Landslide Grid,"Grid (26.0, 92.0)",0,7.4321608543396,16.603578567504883,70.19161987304688,78.03137969970703,78.03137969970703,0.4212646484374897,0.6136,425.2469482421875,849.0,238.75572204589844,4.634511980265262,21.85694252416076,3.5256456496705213,0.0,39.874755859375,84.67662811279297,24.005374908447266
2020-09-17,28.75,96.5,Non-Landslide Grid,Non-Landslide Grid,"Grid (28.75, 96.5)",0,0.0,0.0,0.0,0.0,0.0,0.4257125854492196,0.8284,4022.5810546875,2639.0,468.3454895019531,23.773225686123318,50.071104792786485,9.196028748530004,27.97222222222222,197.5394287109375,286.3636169433594,50.75253677368164
2025-08-31,27.5,93.25,Non-Landslide Grid,Non-Landslide Grid,"Grid (27.5, 93.25)",0,8.174711227416992,68.82424926757812,94.82905578613281,127.14825439453125,348.1033935546875,0.4235763549804673,0.8188000000000001,2373.901611328125,2802.0,603.5896606445312,15.755754633535505,34.93131460056094,6.817503951978566,1.4166666666666665,124.83736419677734,198.52069091796875,43.855751037597656
2020-06-27,26.25,91.75,Assam,Kamrup Rural,SDMA/AS/2020/North Guwahati2,1,10.024869918823242,66.87303924560547,77.00627899169922,152.9613494873047,257.6123046875,0.4588508605957524,0.7918000000000001,67.3949966430664,295.0,37.075172424316406,1.4509254283381814,16.29219827144022,2.417741974738188,0.0,12.47722339630127,53.43284225463867,18.373598098754883
2023-05-11,25.25,91.75,Non-Landslide Grid,Non-Landslide Grid,"Grid (25.25, 91.75)",0,1.5413135290145874,1.5413135290145874,12.926691055297852,60.243934631347656,137.65354919433594,0.3754005432129338,0.7208,684.6930541992188,1771.0,526.1378173828125,11.198190983867946,34.69450691676559,8.788339983989749,1.1666666666666667,90.1303482055664,189.36473083496094,63.86445617675781
2024-07-02,25.5,91.5,Meghalaya,Khasi Pariong Landslide,Lawbyrtun- Rngikseh under Mawthadraishan Block road,1,71.62977600097656,348.0802001953125,417.88427734375,612.7254638671875,953.3696899414062,0.4610595703125733,0.7542,1595.5714111328125,666.0,96.28884887695312,3.7327363226589427,16.87545099500921,2.7080440699585675,0.0,31.887956619262695,68.39764404296875,18.14517593383789
2023-03-30,27.0,93.0,Non-Landslide Grid,Non-Landslide Grid,"Grid (27.0, 93.0)",0,0.6708289980888367,6.43682861328125,39.88990783691406,106.87590789794922,107.3216323852539,0.41651916503908987,0.7863,468.3388977050781,1635.0,355.15875244140625,7.352648615656198,33.22468867105141,6.523761778166748,0.05555555555555555,58.91574478149414,146.1652069091797,48.73173904418945
2024-07-04,26.0,91.75,Assam,8th Mile,"Landslide 8th Mile Area, Jorabat",1,14.480941772460938,44.266204833984375,124.46697235107422,249.2591552734375,423.92401123046875,0.44918060302741686,0.5931000000000001,323.899169921875,766.0,135.91363525390625,4.957392974049627,20.61693827486847,3.3378267914883613,0.0,42.12355041503906,83.86418151855469,22.39252471923828
2021-06-08,27.75,92.25,Non-Landslide Grid,Non-Landslide Grid,"Grid (27.75, 92.25)",0,30.55983543395996,53.12892150878906,124.67265319824219,245.87811279296875,370.3468933105469,0.4228744506835883,0.4876,4753.14111328125,3193.0,500.3550720214844,16.699716847559724,40.642120257495016,8.164041230138745,6.888888888888889,135.24229431152344,225.8867645263672,52.33216857910156
2025-12-16,26.0,94.0,Non-Landslide Grid,Non-Landslide Grid,"Grid (26.0, 94.0)",0,0.0,0.0,0.0,0.0,0.3883119821548462,0.29232788085940997,0.8446,363.6197204589844,1218.0,237.57420349121094,6.430369423365052,27.277622540637047,6.292268277714375,0.0,50.72469711303711,123.57196044921875,44.698631286621094
2024-06-13,27.5,88.5,Sikkim,Sangkalang Landslide,Near Sangkalang Bridge,1,60.79869842529297,171.9498291015625,246.72531127929688,445.1075744628906,553.9413452148438,0.4267883300781245,0.8892,2168.81982421875,3697.0,796.494384765625,23.632660743125502,49.23240538360047,7.919056484581935,20.916666666666668,188.52566528320312,282.9498291015625,52.20234680175781
2021-01-27,25.0,93.0,Non-Landslide Grid,Non-Landslide Grid,"Grid (25.0, 93.0)",0,0.0,0.0,7.996086597442627,7.996086597442627,7.996086597442627,0.17736816406253722,0.8384,384.5722351074219,1608.0,385.2471923828125,8.070900757120183,30.662939686285355,7.316109477494315,0.027777777777777776,64.66639709472656,154.00979614257812,53.41328811645508
2023-07-15,25.25,92.5,Non-Landslide Grid,Non-Landslide Grid,"Grid (25.25, 92.5)",0,2.85379695892334,13.624040603637695,21.099395751953125,61.49174499511719,245.67245483398438,0.4966583251952949,0.8427,819.6777954101562,1530.0,334.9479675292969,8.272812286185768,39.33030515212594,6.5070393989689945,1.0555555555555556,65.47273254394531,169.72897338867188,46.98260498046875
2020-08-17,23.75,93.0,Mizoram,Aizawl,Phullen2,1,1.9992262125015259,17.400840759277344,55.58146286010742,88.23204040527344,222.26556396484375,0.4101715087890557,0.8435,846.58056640625,1551.0,295.62164306640625,12.443905721054815,41.06645447367599,5.871977630744481,0.8333333333333334,100.92674255371094,161.78762817382812,35.075111389160156
2021-02-03,25.25,92.0,Non-Landslide Grid,Non-Landslide Grid,"Grid (25.25, 92.0)",0,0.0,0.0,0.0,5.321078777313232,5.321078777313232,0.28124237060547047,0.6813,590.8108520507812,1570.0,435.5477600097656,8.655130744459786,36.39337693572617,8.119865728794037,0.5833333333333334,68.98914337158203,174.39125061035156,59.300682067871094
2021-01-20,25.75,91.25,Non-Landslide Grid,Non-Landslide Grid,"Grid (25.75, 91.25)",0,0.0,0.0,0.0,0.0,0.0,0.3199806213379148,0.7697,792.6266479492188,1677.0,434.1313781738281,6.670281381604456,25.678172357585424,4.56527595296834,0.0,53.652339935302734,111.09485626220703,29.337688446044922
2025-04-08,27.0,95.0,Non-Landslide Grid,Non-Landslide Grid,"Grid (27.0, 95.0)",0,0.0,4.900010585784912,23.42067527770996,26.96224594116211,219.62179565429688,0.32833862304674066,0.6785,125.8324966430664,406.0,45.368919372558594,1.146625009343904,20.283662862547203,2.4844667045483537,0.0,9.403852462768555,50.658660888671875,18.543424606323242
2025-05-18,28.5,95.5,Non-Landslide Grid,Non-Landslide Grid,"Grid (28.5, 95.5)",0,7.841774940490723,56.04679870605469,131.3225555419922,153.05751037597656,372.04583740234375,0.42973327636718117,0.8973000000000001,2188.5263671875,3279.0,639.93310546875,21.3150950294866,44.5208106771956,7.267110190399066,10.75,171.0926055908203,238.39173889160156,38.476749420166016
2020-06-27,23.75,92.75,Non-Landslide Grid,Non-Landslide Grid,"Grid (23.75, 92.75)",0,4.438562870025635,4.547982692718506,10.257940292358398,56.65965270996094,179.5675506591797,0.4008522033691517,0.8256,558.530029296875,1301.0,251.22454833984375,11.561747209331001,33.20981307339313,5.7138444190846345,0.25,94.32711791992188,152.0427703857422,34.32426834106445
2024-07-08,24.75,94.25,Non-Landslide Grid,Non-Landslide Grid,"Grid (24.75, 94.25)",0,6.454963684082031,38.18092346191406,138.49542236328125,260.0624084472656,289.6593933105469,0.43286895751948196,0.1932,1074.4000244140625,1538.0,283.6929016113281,13.63312290726426,27.502933685967555,5.48280181319473,0.0,109.33614349365234,154.9348602294922,28.626388549804688
2024-05-19,24.0,92.5,Non-Landslide Grid,Non-Landslide Grid,"Grid (24.0, 92.5)",0,6.400625228881836,6.594954967498779,12.627531051635742,122.04325866699219,253.52479553222656,0.2868347167968566,0.7763,278.63360595703125,864.0,195.9539794921875,7.443317121808474,26.943935612493448,5.500279187235453,0.0,58.76435852050781,123.90907287597656,36.05270004272461
2020-05-25,27.5,93.0,Non-Landslide Grid,Non-Landslide Grid,"Grid (27.5, 93.0)",0,24.581974029541016,72.62274169921875,133.68911743164062,191.2834930419922,251.70339965820312,0.4256591796875092,0.7545000000000001,1176.511962890625,1821.0,389.470458984375,16.355365607707643,33.85954950009676,5.652813207767165,0.4166666666666667,125.92327880859375,175.48025512695312,29.11582374572754
2022-04-13,25.25,92.5,Meghalaya,Jaintia Hills,HP_petrol_pump_tongseng_3 behind HP Petrol Pump Tongseng,1,4.2119927406311035,15.343467712402344,20.91499900817871,66.46891784667969,231.5885467529297,0.4930801391601514,0.7032,819.6777954101562,1530.0,334.9479675292969,8.272812286185768,39.33030515212594,6.5070393989689945,1.0555555555555556,65.47273254394531,169.72897338867188,46.98260498046875
2025-12-18,26.25,92.5,Non-Landslide Grid,Non-Landslide Grid,"Grid (26.25, 92.5)",0,0.0,0.0,0.0,0.0,6.945555686950684,0.27481842041014753,0.5985,65.36972045898438,331.0,22.758935928344727,0.4303652097640429,16.343959120901065,1.33421926213119,0.0,3.6231930255889893,12.49572467803955,9.70650863647461
2020-09-09,27.0,92.25,Non-Landslide Grid,Non-Landslide Grid,"Grid (27.0, 92.25)",0,1.80995512008667,25.910367965698242,101.85372161865234,378.94012451171875,797.540771484375,0.460899353027152,0.911,1233.8455810546875,2768.0,810.8165893554688,12.77755647404526,38.20715044651788,8.378771528762524,2.2222222222222223,102.58639526367188,202.26300048828125,60.985599517822266
2024-10-07,25.75,94.5,Non-Landslide Grid,Non-Landslide Grid,"Grid (25.75, 94.5)",0,3.029005527496338,39.82224655151367,73.01457977294922,115.19737243652344,213.17027282714844,0.49097442626951665,0.899,1396.2308349609375,2013.0,408.9830322265625,16.617851510009896,35.81275418340396,6.12449676554779,0.4166666666666667,128.43576049804688,179.00991821289062,30.28059196472168
2023-07-27,26.0,95.0,Non-Landslide Grid,Non-Landslide Grid,"Grid (26.0, 95.0)",0,3.2109885215759277,44.31678771972656,113.28474426269531,262.8637390136719,465.3399658203125,0.42585754394552744,0.8206,1610.9891357421875,2688.0,589.7425537109375,16.027499746653127,40.90710192479149,5.811093611007914,1.2222222222222223,125.35421752929688,178.60330200195312,32.72863006591797
2021-11-29,28.5,94.25,Non-Landslide Grid,Non-Landslide Grid,"Grid (28.5, 94.25)",0,0.0,0.0,5.890589714050293,7.9979634284973145,16.060819625854492,0.3341827392577948,0.8039000000000001,2700.009765625,2854.0,589.1089477539062,19.1652531345547,45.85836536600699,7.829222579117078,8.333333333333332,149.95729064941406,244.7657470703125,52.62324523925781
2023-09-10,24.25,93.5,Non-Landslide Grid,Non-Landslide Grid,"Grid (24.25, 93.5)",0,0.0,7.195078372955322,12.640445709228516,31.812976837158203,71.2854232788086,0.38686370849624224,0.9069,969.3502807617188,1563.0,260.0469055175781,10.94183110203401,41.25704250195322,6.225412892415463,0.6111111111111112,87.54002380371094,164.14285278320312,40.41925048828125
2021-12-29,26.75,94.0,Non-Landslide Grid,Non-Landslide Grid,"Grid (26.75, 94.0)",0,0.0,0.0,0.17606043815612793,0.17606043815612793,0.7977994084358215,0.28406524658203414,0.5713,84.86194610595703,29.0,5.00822639465332,0.17903397817091066,1.3870702743437402,0.1286096935612845,0.0,1.6630210876464844,3.1632628440856934,0.8715327382087708
2020-11-19,27.5,92.0,Non-Landslide Grid,Non-Landslide Grid,"Grid (27.5, 92.0)",0,0.36491379141807556,3.6070923805236816,3.6070923805236816,3.6070923805236816,38.4217414855957,0.3091278076171897,0.7946000000000001,3475.0341796875,3058.0,652.0191040039062,18.466368893188104,37.90957696530571,7.294949739263102,4.75,145.92019653320312,217.28733825683594,43.05392074584961
2024-06-30,25.75,92.0,Meghalaya,Umiam Landslide,2 Near Station Umiam Fire NH,1,10.941681861877441,25.977739334106445,62.263816833496094,192.79583740234375,377.4544677734375,0.44876098632812506,0.773,917.2408447265625,859.0,130.39633178710938,4.714470137470853,21.87834296680697,3.6313367608752385,0.0,39.3952522277832,86.12773895263672,23.6353702545166
2020-08-24,27.0,95.0,Non-Landslide Grid,Non-Landslide Grid,"Grid (27.0, 95.0)",0,0.0,42.6226806640625,94.48712158203125,184.9610595703125,307.3022155761719,0.43969726562531714,0.8143,125.8324966430664,406.0,45.368919372558594,1.146625009343904,20.283662862547203,2.4844667045483537,0.0,9.403852462768555,50.658660888671875,18.543424606323242
2023-11-15,27.25,93.75,Non-Landslide Grid,Non-Landslide Grid,"Grid (27.25, 93.75)",0,0.0,0.0,0.0,3.9698081016540527,3.9698081016540527,0.2851638793943473,0.8763000000000001,814.7469482421875,2218.0,532.883056640625,12.053527878270337,33.23254959940221,7.3377975403262505,0.6944444444444444,96.2323226928711,171.03543090820312,49.406044006347656
2021-01-07,26.75,94.0,Non-Landslide Grid,Non-Landslide Grid,"Grid (26.75, 94.0)",0,0.0,0.0,0.0,0.0,0.0,0.2694549560546806,0.4724,84.86194610595703,29.0,5.00822639465332,0.17903397817091066,1.3870702743437402,0.1286096935612845,0.0,1.6630210876464844,3.1632628440856934,0.8715327382087708
2020-02-11,29.25,96.0,Non-Landslide Grid,Non-Landslide Grid,"Grid (29.25, 96.0)",0,0.0,2.7733242511749268,8.81520938873291,18.29050636291504,46.5961799621582,0.34008026123042984,-0.008,3878.079833984375,3163.0,629.399658203125,22.63858601854045,55.29292804553204,10.433435911884475,24.666666666666668,186.75059509277344,314.1125183105469,69.53962707519531
2024-06-15,25.5,90.5,Meghalaya,Simsang Landslide,Tura 1 Road Williamnagar SH,1,76.74958801269531,132.9657745361328,170.02198791503906,357.93109130859375,811.3975830078125,0.4961395263671592,0.8628,543.5358276367188,1175.0,224.3740997314453,5.480898761902344,28.045471172004955,4.568385134784606,0.0,43.9293327331543,112.02342224121094,32.36680221557617
2025-09-03,26.0,92.75,Non-Landslide Grid,Non-Landslide Grid,"Grid (26.0, 92.75)",0,1.9170794486999512,2.171565055847168,15.377485275268555,68.55769348144531,138.20733642578125,0.4053115844727053,0.8721,92.85527801513672,437.0,67.35139465332031,0.672817939872994,8.807904322409069,1.2468140743328904,0.0,5.64442253112793,28.586381912231445,9.361499786376953
2023-05-22,24.75,92.5,Non-Landslide Grid,Non-Landslide Grid,"Grid (24.75, 92.5)",0,10.941038131713867,76.37767028808594,127.0824203491211,146.2935333251953,180.64564514160156,0.43122100830075066,0.6834,27.9325008392334,114.0,13.478446006774902,0.5745536247366787,7.060201323014502,0.7546805728025614,0.0,4.88978910446167,15.001809120178223,5.414361953735352
2020-08-20,22.5,93.0,Mizoram,Lawngtlai,Electric_veng4,1,1.933269739151001,15.659516334533691,67.15985107421875,163.3583984375,397.1400451660156,0.42185974121093833,0.8691000000000001,878.2855834960938,1778.0,377.2521057128906,14.638061184349539,36.38334612643967,5.925709104680568,0.4444444444444444,117.57864379882812,173.31338500976562,32.15381622314453
2020-03-07,25.75,92.75,Non-Landslide Grid,Non-Landslide Grid,"Grid (25.75, 92.75)",0,9.281152725219727,9.281152725219727,12.290157318115234,14.54603385925293,14.54603385925293,0.49645996093748346,0.7159,300.461669921875,705.0,183.7952117919922,3.048803559917997,16.157152691267846,2.574562197381793,0.0,25.4659423828125,62.73475646972656,19.108924865722656
2025-04-04,25.75,93.0,Non-Landslide Grid,Non-Landslide Grid,"Grid (25.75, 93.0)",0,0.0,0.0,0.0,3.6742050647735596,8.466900825500488,0.2690811157226348,0.6477,152.81971740722656,298.0,59.06819152832031,1.7275602753606332,10.624935907251787,1.5943327614363987,0.0,14.700528144836426,38.704246520996094,12.037955284118652
2020-08-28,24.75,93.75,Manipur,Senapati,Kotlen,1,0.40789392590522766,7.373021125793457,14.667932510375977,66.72368621826172,181.3262481689453,0.43722915649418054,0.7382000000000001,961.0741577148438,1622.0,285.96246337890625,8.732390351927053,32.08217257943746,7.811996970500874,0.08333333333333334,67.09193420410156,153.63829040527344,56.0186767578125
2020-09-25,28.25,94.75,Non-Landslide Grid,Non-Landslide Grid,"Grid (28.25, 94.75)",0,9.265134811401367,37.560340881347656,109.0146484375,237.4093475341797,327.07000732421875,0.4286880493164013,0.9197,647.8941650390625,1663.0,296.2420349121094,12.508446253063779,34.27611545688921,6.168791044175102,0.16666666666666669,98.84225463867188,160.32997131347656,37.14143753051758
2023-06-09,28.75,96.25,Non-Landslide Grid,Non-Landslide Grid,"Grid (28.75, 96.25)",0,0.0,0.0,0.0,5.671696186065674,47.18548583984375,0.3551635742188741,0.925,3210.4736328125,3306.0,719.7034912109375,23.99762422595875,49.53772416743089,8.530394338579427,26.13888888888889,197.56056213378906,283.3199768066406,50.37244415283203
2020-07-07,26.5,93.75,Non-Landslide Grid,Non-Landslide Grid,"Grid (26.5, 93.75)",0,1.926169514656067,26.377620697021484,56.06714630126953,101.10917663574219,275.1015930175781,0.49712371826169044,0.7312000000000001,198.44972229003906,871.0,170.5171356201172,2.833090595938026,23.320525903760775,4.231543302082891,0.0,23.3657283782959,95.2550048828125,31.480823516845703
2024-03-18,23.0,92.75,Non-Landslide Grid,Non-Landslide Grid,"Grid (23.0, 92.75)",0,0.0,0.0,0.0,0.0,2.31555438041687,0.12336730957031444,0.7787000000000001,600.8905639648438,1063.0,211.06544494628906,10.224830946019251,26.863271860186263,4.794858292963323,0.0,84.38616943359375,129.06028747558594,26.374740600585938
2024-06-19,24.75,92.5,Assam,Bendargool,Landslide Between Gainachora- Bendargool village,1,26.34395408630371,110.38556671142578,255.7939453125,340.6952209472656,785.786865234375,0.4746170043944718,0.7075,27.9325008392334,114.0,13.478446006774902,0.5745536247366787,7.060201323014502,0.7546805728025614,0.0,4.88978910446167,15.001809120178223,5.414361953735352
2025-07-05,28.25,96.0,Non-Landslide Grid,Non-Landslide Grid,"Grid (28.25, 96.0)",0,3.2601053714752197,14.805741310119629,16.82820701599121,93.5651626586914,143.73826599121094,0.4245986938476686,0.7306,1834.901611328125,2968.0,629.9488525390625,23.029740760843826,51.333360929647945,8.221990629388905,20.27777777777778,186.06430053710938,277.5385437011719,52.63551712036133
2022-05-15,25.25,93.0,Assam,Dima Hasao,"L14 Near Kendri Vidyalaya, Halflong",1,13.70791244506836,171.51666259765625,325.0523681640625,348.9837951660156,558.1865234375,0.47109222412107926,0.7867000000000001,581.3922119140625,1271.0,220.6673126220703,7.95753565762605,30.952647139700577,4.65836575833331,0.027777777777777776,63.11333465576172,118.19319915771484,29.522968292236328
2021-04-27,25.25,92.25,Non-Landslide Grid,Non-Landslide Grid,"Grid (25.25, 92.25)",0,0.0,0.0,2.999711275100708,54.80002212524414,188.06947326660156,0.345672607421828,0.7272000000000001,776.0238647460938,1322.0,357.3675231933594,5.895885341126151,25.47091491614314,4.7990301285115855,0.0,47.91184997558594,115.95841217041016,34.28144836425781
2021-05-06,28.75,96.5,Non-Landslide Grid,Non-Landslide Grid,"Grid (28.75, 96.5)",0,0.0,0.0,0.0,0.0,0.0,0.4259490966796622,0.5733,4022.5810546875,2639.0,468.3454895019531,23.773225686123318,50.071104792786485,9.196028748530004,27.97222222222222,197.5394287109375,286.3636169433594,50.75253677368164
2023-10-09,24.5,93.25,Non-Landslide Grid,Non-Landslide Grid,"Grid (24.5, 93.25)",0,0.0,2.0458457469940186,21.13340187072754,38.10106658935547,110.43773651123047,0.40558624267577625,0.897,358.87945556640625,1108.0,179.823974609375,8.805336483867881,31.15678605754892,5.150216097817887,0.05555555555555555,72.0702133178711,128.0958709716797,32.14580535888672
2022-07-03,26.0,90.75,Non-Landslide Grid,Non-Landslide Grid,"Grid (26.0, 90.75)",0,0.0,11.528182983398438,76.39038848876953,201.01844787597656,1029.20751953125,0.469291687011713,0.7988000000000001,76.9030532836914,437.0,66.00070190429688,1.5020054263511413,22.685480757896922,2.8754688123011016,0.0,12.693781852722168,63.36019515991211,21.62221908569336
2021-06-08,28.0,97.25,Non-Landslide Grid,Non-Landslide Grid,"Grid (28.0, 97.25)",0,5.19999885559082,24.800010681152344,34.00001525878906,43.600013732910156,356.39996337890625,0.4249420166015734,0.0275,4023.047607421875,2686.0,461.84613037109375,20.34153891437583,51.195782848450456,8.652962843079873,14.472222222222223,166.00582885742188,249.61373901367188,50.428245544433594
2020-02-05,24.75,92.75,Non-Landslide Grid,Non-Landslide Grid,"Grid (24.75, 92.75)",0,0.0,0.0,2.7897040843963623,2.7897040843963623,3.2517740726470947,0.24737167358398748,0.3974,28.799165725708008,83.0,10.98561954498291,0.49229396524952734,4.339614597493083,0.5527330881797449,0.0,4.288497447967529,12.693502426147461,4.094924449920654
2024-06-03,26.0,90.75,Non-Landslide Grid,Non-Landslide Grid,"Grid (26.0, 90.75)",0,26.958864212036133,51.60043716430664,204.8712615966797,245.51736450195312,340.6475524902344,0.45166778564460247,0.7106,76.9030532836914,437.0,66.00070190429688,1.5020054263511413,22.685480757896922,2.8754688123011016,0.0,12.693781852722168,63.36019515991211,21.62221908569336
2023-08-27,27.25,92.5,Arunachal Pradesh,West Kameng,Rupa Landslide Shergaon - Rupa Road,1,28.48649787902832,82.53031921386719,179.1578369140625,259.3864440917969,500.57037353515625,0.4705352783202949,0.7888000000000001,1794.7828369140625,2906.0,505.7755126953125,17.855747137024938,38.0996504030799,6.6024004892937915,2.666666666666667,142.90359497070312,204.2445526123047,35.54497146606445
2022-05-15,25.25,93.0,Assam,Dima Hasao,DF2 Near Halflong Railway Station,1,13.70791244506836,171.51666259765625,325.0523681640625,348.9837951660156,558.1865234375,0.47109222412107926,0.7867000000000001,581.3922119140625,1271.0,220.6673126220703,7.95753565762605,30.952647139700577,4.65836575833331,0.027777777777777776,63.11333465576172,118.19319915771484,29.522968292236328
2023-05-27,27.0,94.75,Non-Landslide Grid,Non-Landslide Grid,"Grid (27.0, 94.75)",0,2.8976407051086426,32.71006393432617,81.1800765991211,169.50955200195312,217.911865234375,0.41835784912108087,0.6435000000000001,97.49222564697266,242.0,8.532743453979492,0.22257384310659808,13.43503472197707,0.5166710304381316,0.0,2.0250585079193115,3.3726844787597656,3.8105945587158203
2020-02-20,24.75,93.75,Non-Landslide Grid,Non-Landslide Grid,"Grid (24.75, 93.75)",0,0.0,0.0,0.0,3.3438801765441895,11.949843406677246,0.23028945922850586,0.6622,961.0741577148438,1622.0,285.96246337890625,8.732390351927053,32.08217257943746,7.811996970500874,0.08333333333333334,67.09193420410156,153.63829040527344,56.0186767578125
2022-09-18,26.25,91.5,Non-Landslide Grid,Non-Landslide Grid,"Grid (26.25, 91.5)",0,0.0,20.08652114868164,157.67739868164062,241.6298828125,360.0528869628906,0.4956436157226462,0.7128,49.0,112.0,6.012625694274902,0.25657268346405543,6.737422493902714,0.5506100171753268,0.0,2.3954670429229736,5.88430118560791,4.540053844451904
2024-03-21,23.75,92.0,Non-Landslide Grid,Non-Landslide Grid,"Grid (23.75, 92.0)",0,1.06094491481781,1.6828477382659912,1.6828477382659912,1.6828477382659912,47.08015823364258,0.21826171874999264,0.7408,170.00083923339844,357.0,57.49930191040039,2.5374253798396653,17.30229144499008,2.18833912838166,0.0,21.320125579833984,51.54880905151367,15.2173433303833
2022-03-12,25.25,93.25,Non-Landslide Grid,Non-Landslide Grid,"Grid (25.25, 93.25)",0,0.0,0.0,0.0,6.723602771759033,15.159940719604492,0.29928588867186123,0.6684,785.26806640625,1527.0,353.894287109375,10.280514172000354,35.57332360132202,6.220787235002333,0.1111111111111111,81.5216064453125,148.7100830078125,41.36553955078125
2023-06-30,23.75,91.25,Non-Landslide Grid,Non-Landslide Grid,"Grid (23.75, 91.25)",0,14.195980072021484,37.62937927246094,63.37115478515625,205.30348205566406,308.1340637207031,0.44054031372070673,0.5516,23.766387939453125,59.0,13.46341323852539,0.4302527577187911,1.8056700515620043,0.29529171826594747,0.0,3.6828250885009766,7.228847980499268,1.9596259593963623
2021-05-30,28.25,95.25,Non-Landslide Grid,Non-Landslide Grid,"Grid (28.25, 95.25)",0,1.1171501874923706,3.176875114440918,8.927492141723633,221.308837890625,301.2146911621094,0.41784286499024703,0.907,1166.863037109375,2884.0,591.3910522460938,18.461342525873718,39.600421735234114,7.487837493051796,5.472222222222222,147.8409423828125,221.23622131347656,46.0212287902832
2022-06-18,26.0,94.0,Non-Landslide Grid,Non-Landslide Grid,"Grid (26.0, 94.0)",0,3.10396146774292,36.3150634765625,59.85433578491211,101.35210418701172,155.24957275390625,0.5027160644531281,0.8638,363.6197204589844,1218.0,237.57420349121094,6.430369423365052,27.277622540637047,6.292268277714375,0.0,50.72469711303711,123.57196044921875,44.698631286621094
2024-05-15,26.5,94.0,Non-Landslide Grid,Non-Landslide Grid,"Grid (26.5, 94.0)",0,0.0,0.0,1.3918964862823486,19.682024002075195,284.7050476074219,0.38475036621094666,0.6376000000000001,99.54611206054688,41.0,6.083729267120361,0.206291623045438,1.4451307569681917,0.16176084901716478,0.0,1.8473849296569824,3.8078866004943848,1.0516762733459473
2024-09-11,26.0,90.0,Non-Landslide Grid,Non-Landslide Grid,"Grid (26.0, 90.0)",0,0.0,0.0,48.181636810302734,98.96205139160156,151.45802307128906,0.3523559570313423,0.6229,28.898611068725586,63.0,3.724393844604492,0.16355472571313043,4.5485220386263,0.26157735444069063,0.0,1.4790419340133667,3.221024751663208,1.801880955696106
2022-05-15,25.0,92.75,Assam,Dima Hasao,bungkhang_sw2 bungkhang,1,17.392393112182617,209.87167358398438,389.2757263183594,429.9621276855469,673.3184814453125,0.47242736816394554,0.7506,274.126953125,1465.0,315.2989196777344,7.0296151565544855,32.894933863241256,6.950774825954634,0.05555555555555555,56.27210235595703,144.00457763671875,50.87444305419922
2022-03-30,26.25,94.75,Non-Landslide Grid,Non-Landslide Grid,"Grid (26.25, 94.75)",0,0.0,2.0363786220550537,10.501773834228516,12.105659484863281,13.524480819702148,0.4414367675781038,0.7881,1417.0350341796875,2034.0,418.3023986816406,14.77367780465528,35.49002360140349,5.790601926520244,0.16666666666666669,115.44833374023438,163.91787719726562,29.32769775390625
2023-11-04,26.75,94.75,Non-Landslide Grid,Non-Landslide Grid,"Grid (26.75, 94.75)",0,0.0,0.0,0.0,5.463950157165527,107.9029769897461,0.39356231689449006,0.7391000000000001,300.79888916015625,1311.0,238.7985076904297,6.248032468997579,27.469179200102825,6.258762224316587,0.0,48.02571105957031,125.76162719726562,44.185550689697266
2022-10-30,25.0,93.5,Non-Landslide Grid,Non-Landslide Grid,"Grid (25.0, 93.5)",0,0.0,0.0,55.252037048339844,55.956764221191406,101.4104995727539,0.35359191894530606,0.8796,752.8841552734375,1640.0,374.96832275390625,13.41413890352393,40.09010912252311,6.554713269349096,1.7777777777777777,104.00732421875,182.24261474609375,41.744476318359375
2024-06-15,25.25,90.25,Meghalaya,Garo Santogre Landslide,Paikan 1 Road Tura Dalu NH,1,89.07714080810547,179.7403564453125,212.24151611328125,460.58087158203125,986.9158325195312,0.42585754394533126,0.7372000000000001,73.40249633789062,225.0,46.14529037475586,1.6844911888991303,8.95405354971055,1.6341408856870685,0.0,14.641450881958008,38.95814895629883,12.443431854248047
2022-08-29,28.0,93.5,Non-Landslide Grid,Non-Landslide Grid,"Grid (28.0, 93.5)",0,16.26059341430664,64.991455078125,80.65306091308594,120.55851745605469,213.55166625976562,0.425735473632812,0.862,1484.33642578125,2599.0,493.2527160644531,19.551023521149574,43.518193096968105,7.1927422143998125,7.638888888888889,155.8037567138672,234.24903869628906,41.94073486328125
2020-06-16,25.25,92.25,Meghalaya,East Jaintia Hills,Lumshnong_landslide near lumshnong,1,24.252151489257812,54.66315460205078,83.21833801269531,403.007568359375,699.9652709960938,0.4738960266114177,0.7694000000000001,776.0238647460938,1322.0,357.3675231933594,5.895885341126151,25.47091491614314,4.7990301285115855,0.0,47.91184997558594,115.95841217041016,34.28144836425781
2025-08-11,27.0,94.75,Non-Landslide Grid,Non-Landslide Grid,"Grid (27.0, 94.75)",0,5.690866947174072,12.713717460632324,119.4071273803711,208.5227508544922,300.6249084472656,0.4671630859373342,0.7106,97.49222564697266,242.0,8.532743453979492,0.22257384310659808,13.43503472197707,0.5166710304381316,0.0,2.0250585079193115,3.3726844787597656,3.8105945587158203
2020-10-27,28.0,96.5,Non-Landslide Grid,Non-Landslide Grid,"Grid (28.0, 96.5)",0,0.0,38.28590774536133,78.86273193359375,88.53702545166016,124.0927734375,0.39126586914060096,0.9116,1515.6094970703125,2871.0,651.4829711914062,22.8996228764844,55.03617911554651,8.322263526866594,19.944444444444446,186.27854919433594,270.32135009765625,50.12175750732422
2024-09-27,23.75,92.5,Non-Landslide Grid,Non-Landslide Grid,"Grid (23.75, 92.5)",0,11.14724349975586,100.94427490234375,106.76492309570312,113.15762329101562,317.20697021484375,0.4124908447265695,0.9111,477.3505554199219,1328.0,247.27923583984375,10.225213365085207,34.318110270825265,5.874038883679884,0.19444444444444445,81.82584381103516,143.7501983642578,37.42457580566406
2025-05-30,26.0,92.0,Meghalaya,Ri Bhoi,Jorabat Landslide,1,47.65731430053711,60.695011138916016,72.08164978027344,109.74012756347656,204.9593048095703,0.5075073242187793,0.7511,425.2469482421875,849.0,238.75572204589844,4.634511980265262,21.85694252416076,3.5256456496705213,0.0,39.874755859375,84.67662811279297,24.005374908447266
2020-08-02,28.75,95.5,Non-Landslide Grid,Non-Landslide Grid,"Grid (28.75, 95.5)",0,0.0,9.227035522460938,50.29662322998047,312.138427734375,586.2261352539062,0.40927886962890037,0.8395,2814.7041015625,2566.0,517.5949096679688,17.756420548127217,41.784986840461634,7.09236317665413,4.194444444444445,139.83053588867188,213.91949462890625,43.74800491333008
2025-05-30,25.5,91.75,Meghalaya,East Khasi Hills,Mylliem Landslide 5,1,140.50730895996094,148.46109008789062,196.48526000976562,387.7179260253906,528.7616577148438,0.5165710449218512,0.8818,1670.7216796875,913.0,153.39508056640625,5.919859729912694,32.03817497959001,5.573524917136624,0.1388888888888889,48.907474517822266,137.64651489257812,39.82622146606445
2022-04-26,29.0,95.0,Non-Landslide Grid,Non-Landslide Grid,"Grid (29.0, 95.0)",0,19.7977294921875,99.11894989013672,115.70700073242188,280.28656005859375,623.8331909179688,0.422912597656244,0.7919,1590.050537109375,2735.0,588.6205444335938,19.140469185211224,45.018074712876675,7.64267866918072,8.055555555555555,150.3131561279297,230.77151489257812,46.59003829956055
2024-01-03,27.75,94.75,Non-Landslide Grid,Non-Landslide Grid,"Grid (27.75, 94.75)",0,0.0,0.0,0.0,0.0,15.830446243286133,0.21767425537116697,0.8474,500.0322265625,1511.0,326.0230407714844,8.518411246684085,33.117979039440804,6.495407946808469,0.05555555555555555,69.726318359375,148.8292694091797,46.75351333618164
2020-04-07,28.75,96.0,Non-Landslide Grid,Non-Landslide Grid,"Grid (28.75, 96.0)",0,0.0,3.9997973442077637,24.276851654052734,34.99296951293945,43.8607063293457,0.41933441162111046,0.476,2497.4091796875,3651.0,782.8612670898438,22.067963141205666,44.771191436200475,8.098994007816286,16.694444444444446,176.60426330566406,255.8905029296875,48.057762145996094
2020-09-12,28.25,95.5,Non-Landslide Grid,Non-Landslide Grid,"Grid (28.25, 95.5)",0,10.80805778503418,23.316749572753906,71.37701416015625,210.80335998535156,399.0547790527344,0.4564437866212103,0.7295,892.1255493164062,2771.0,592.14453125,13.33587761862261,42.291176610644136,10.68142455888192,7.194444444444445,107.26727294921875,232.85174560546875,80.64944458007812
2022-10-03,24.5,93.75,Non-Landslide Grid,Non-Landslide Grid,"Grid (24.5, 93.75)",0,13.799072265625,15.3994140625,16.627334594726562,54.68107223510742,119.46403503417969,0.4262847900389609,0.5994,917.9044189453125,1554.0,256.2775573730469,5.662249960180044,30.93689661621472,7.021565474401968,0.027777777777777776,43.58971405029297,141.0993194580078,50.9337158203125
2022-10-17,26.25,91.5,Non-Landslide Grid,Non-Landslide Grid,"Grid (26.25, 91.5)",0,0.0,0.0,104.0379638671875,155.9998321533203,208.4185333251953,0.4374999999999768,0.7221000000000001,49.0,112.0,6.012625694274902,0.25657268346405543,6.737422493902714,0.5506100171753268,0.0,2.3954670429229736,5.88430118560791,4.540053844451904
2024-07-13,25.75,90.25,Meghalaya,Garo Dadenggre Landslide,"Dadenggre subdivision, Tura",1,0.6550936698913574,94.95478820800781,134.11001586914062,463.74566650390625,1262.5390625,0.46384811401364395,0.8219000000000001,268.25360107421875,694.0,145.89248657226562,2.6266826104787047,13.143420707951513,2.0358751126267824,0.0,21.159591674804688,51.440372467041016,13.796658515930176
2020-06-29,28.0,97.25,Non-Landslide Grid,Non-Landslide Grid,"Grid (28.0, 97.25)",0,0.0,63.399986267089844,148.1999969482422,195.80003356933594,372.800048828125,0.4213867187500193,0.0161,4023.047607421875,2686.0,461.84613037109375,20.34153891437583,51.195782848450456,8.652962843079873,14.472222222222223,166.00582885742188,249.61373901367188,50.428245544433594
2024-03-01,24.0,92.25,Non-Landslide Grid,Non-Landslide Grid,"Grid (24.0, 92.25)",0,0.0,0.0,20.611997604370117,59.73085021972656,59.90460205078125,0.2921218872069992,0.7232000000000001,179.16360473632812,730.0,141.9304656982422,4.1304345365304584,21.81166598581612,4.911130345915189,0.0,32.45446014404297,108.56443786621094,33.974525451660156
2021-05-22,25.25,94.25,Non-Landslide Grid,Non-Landslide Grid,"Grid (25.25, 94.25)",0,2.974405527114868,7.885929107666016,8.794917106628418,36.91306686401367,73.09766387939453,0.45349884033208143,0.7198,1430.0185546875,1384.0,287.5816345214844,11.674566235110182,28.340971183162768,5.219642748494721,0.0,90.2953109741211,142.03536987304688,29.378387451171875
2020-08-11,23.75,92.0,Non-Landslide Grid,Non-Landslide Grid,"Grid (23.75, 92.0)",0,6.431848526000977,17.630245208740234,35.69171905517578,144.60816955566406,225.3622283935547,0.40078735351560335,0.8416,170.00083923339844,357.0,57.49930191040039,2.5374253798396653,17.30229144499008,2.18833912838166,0.0,21.320125579833984,51.54880905151367,15.2173433303833
2023-09-11,23.25,93.0,Mizoram,Serchhip,Keitum Landslide Keitum Village,1,0.798811137676239,17.164039611816406,25.843671798706055,117.533203125,290.170654296875,0.42999267578125,0.8927,859.9835815429688,1165.0,239.15235900878906,12.048439866175153,31.73787841922022,5.3319287892461125,0.1111111111111111,97.79130554199219,147.54791259765625,29.074769973754883
2025-05-30,25.5,91.75,Meghalaya,East Khasi Hills,Mylliem Landslide 8,1,140.50730895996094,148.46109008789062,196.48526000976562,387.7179260253906,528.7616577148438,0.5165710449218512,0.8818,1670.7216796875,913.0,153.39508056640625,5.919859729912694,32.03817497959001,5.573524917136624,0.1388888888888889,48.907474517822266,137.64651489257812,39.82622146606445
2021-06-30,23.75,92.5,Non-Landslide Grid,Non-Landslide Grid,"Grid (23.75, 92.5)",0,2.7729861736297607,6.059917449951172,12.500442504882812,47.3504524230957,199.84019470214844,0.408966064453107,0.7772,477.3505554199219,1328.0,247.27923583984375,10.225213365085207,34.318110270825265,5.874038883679884,0.19444444444444445,81.82584381103516,143.7501983642578,37.42457580566406
2021-12-28,26.75,94.75,Non-Landslide Grid,Non-Landslide Grid,"Grid (26.75, 94.75)",0,0.0,1.6521621942520142,4.690329074859619,4.690329074859619,16.179773330688477,0.31447982788082146,0.8015,300.79888916015625,1311.0,238.7985076904297,6.248032468997579,27.469179200102825,6.258762224316587,0.0,48.02571105957031,125.76162719726562,44.185550689697266
2022-10-19,24.75,93.0,Non-Landslide Grid,Non-Landslide Grid,"Grid (24.75, 93.0)",0,0.0,0.9141679406166077,18.917875289916992,48.433815002441406,143.0219268798828,0.3960876464843217,0.5571,62.61916732788086,690.0,84.31732177734375,1.6367193980536439,30.097787496872282,3.1067266734390007,0.05555555555555555,13.475712776184082,55.42180252075195,22.83565330505371
2020-09-26,27.0,92.25,Non-Landslide Grid,Non-Landslide Grid,"Grid (27.0, 92.25)",0,17.308311462402344,185.16131591796875,232.90817260742188,523.5213012695312,887.644775390625,0.45276641845690646,0.911,1233.8455810546875,2768.0,810.8165893554688,12.77755647404526,38.20715044651788,8.378771528762524,2.2222222222222223,102.58639526367188,202.26300048828125,60.985599517822266
2024-06-15,25.25,91.25,Meghalaya,West Ranikor Hills Landslide,Ranikor Block,1,592.4822998046875,897.18505859375,987.0552978515625,1414.066162109375,3002.30908203125,0.4934349060058276,0.7955,454.3727722167969,1538.0,425.57232666015625,6.985947347214785,32.59208001058595,6.859219201396241,0.2222222222222222,56.320255279541016,155.3539581298828,51.49196243286133
2024-06-11,27.25,88.5,Sikkim,Shantinagar Landslide,Shantinagar Singtam Area in NH 10,1,50.487693786621094,99.1546630859375,197.48931884765625,358.17889404296875,496.4427185058594,0.42335510253906616,0.8236,1310.343017578125,2905.0,563.8278198242188,19.43016042352437,44.443769020233006,6.897398642525547,5.361111111111111,150.6671905517578,223.98939514160156,42.2029914855957
2022-03-24,26.5,92.0,Non-Landslide Grid,Non-Landslide Grid,"Grid (26.5, 92.0)",0,0.0,0.0,0.0,0.0,5.775160789489746,0.26445007324217,0.3689,64.29166412353516,31.0,6.50392484664917,0.1507893828492463,0.648211383490199,0.09358823710904016,0.0,1.4568734169006348,2.598076105117798,0.6090912818908691
2020-08-09,25.75,93.5,Non-Landslide Grid,Non-Landslide Grid,"Grid (25.75, 93.5)",0,0.4191509783267975,7.426496505737305,10.34898567199707,45.20335006713867,117.72158813476562,0.47711181640621114,0.9104,227.40277099609375,203.0,31.68953514099121,1.0207360884141397,5.919642534555406,0.6974274536843569,0.0,8.528032302856445,17.773048400878906,4.812337875366211
2022-07-28,28.25,96.25,Non-Landslide Grid,Non-Landslide Grid,"Grid (28.25, 96.25)",0,0.6556767225265503,19.054956436157227,43.86643981933594,122.38465118408203,296.6954650878906,0.4266357421874959,0.7807000000000001,2700.932861328125,3465.0,729.9940185546875,23.57243030144863,51.886077120855624,8.016388485014025,21.666666666666668,190.74913024902344,271.5876770019531,47.71710205078125
2024-06-17,25.5,94.25,Non-Landslide Grid,Non-Landslide Grid,"Grid (25.5, 94.25)",0,1.3444101810455322,7.651878356933594,44.724124908447266,71.2889633178711,286.7935791015625,0.48043823242178785,0.8158000000000001,1606.2049560546875,1633.0,336.6394348144531,13.072549325862639,31.529268531106975,5.6083756046100355,0.05555555555555555,101.690673828125,155.21470642089844,33.152103424072266
2023-01-29,25.75,94.5,Non-Landslide Grid,Non-Landslide Grid,"Grid (25.75, 94.5)",0,0.0,0.0,0.0,0.0,0.0,0.36637878417955566,0.8464,1396.2308349609375,2013.0,408.9830322265625,16.617851510009896,35.81275418340396,6.12449676554779,0.4166666666666667,128.43576049804688,179.00991821289062,30.28059196472168
2023-05-31,26.75,91.75,Non-Landslide Grid,Non-Landslide Grid,"Grid (26.75, 91.75)",0,0.4878212511539459,0.9710932970046997,4.068146228790283,18.5517520904541,55.099185943603516,0.34140396118157207,0.7391000000000001,163.34722900390625,958.0,114.63761138916016,1.4725231527012836,28.998911576994054,2.624748023467814,0.0,11.794045448303223,60.72380828857422,20.014266967773438
2020-11-01,27.75,94.0,Non-Landslide Grid,Non-Landslide Grid,"Grid (27.75, 94.0)",0,0.0,0.0,0.0,52.34215545654297,128.6048583984375,0.38993072509762366,0.7536,1244.3663330078125,2129.0,494.1430969238281,16.013889717688308,36.17063874593479,5.910114147919774,0.9444444444444444,127.07389068603516,186.63514709472656,33.358192443847656
2020-12-03,25.0,94.25,Non-Landslide Grid,Non-Landslide Grid,"Grid (25.0, 94.25)",0,0.0,0.0,0.0,0.39287444949150085,4.3318681716918945,0.2666397094724906,0.811,1233.2835693359375,1244.0,265.4721984863281,10.62303176740798,27.88183800191073,4.826559786669395,0.0,82.0025634765625,128.76394653320312,27.49030303955078
2023-10-02,26.5,92.5,Non-Landslide Grid,Non-Landslide Grid,"Grid (26.5, 92.5)",0,0.8165457844734192,20.18939971923828,21.921463012695312,78.9182357788086,88.07368469238281,0.455261230468718,0.606,62.19722366333008,103.0,4.550945281982422,0.18882843423828546,6.360743183467621,0.32348863849550236,0.0,1.7274324893951416,3.588175058364868,2.4443182945251465
2025-05-30,25.75,92.0,Meghalaya,Ri Bhoi,Umbang Landslide 2,1,103.3324966430664,111.45738983154297,142.70361328125,261.2294921875,363.6540222167969,0.5154647827148221,0.6665,917.2408447265625,859.0,130.39633178710938,4.714470137470853,21.87834296680697,3.6313367608752385,0.0,39.3952522277832,86.12773895263672,23.6353702545166
2025-05-08,25.75,94.5,Non-Landslide Grid,Non-Landslide Grid,"Grid (25.75, 94.5)",0,28.499088287353516,42.67598342895508,59.266422271728516,78.65754699707031,150.80882263183594,0.49134826660147246,0.7922,1396.2308349609375,2013.0,408.9830322265625,16.617851510009896,35.81275418340396,6.12449676554779,0.4166666666666667,128.43576049804688,179.00991821289062,30.28059196472168
2024-10-04,28.25,96.25,Non-Landslide Grid,Non-Landslide Grid,"Grid (28.25, 96.25)",0,40.58673095703125,44.9595947265625,53.56696319580078,67.293701171875,86.9969253540039,0.42924499511718783,0.6271,2700.932861328125,3465.0,729.9940185546875,23.57243030144863,51.886077120855624,8.016388485014025,21.666666666666668,190.74913024902344,271.5876770019531,47.71710205078125
2025-03-17,26.5,91.0,Non-Landslide Grid,Non-Landslide Grid,"Grid (26.5, 91.0)",0,0.0,0.266812801361084,23.853538513183594,23.853538513183594,26.194000244140625,0.2538757324218887,0.5709000000000001,46.88249969482422,23.0,4.239080429077148,0.16876433319302767,1.0188617306461003,0.11663258871731852,0.0,1.5922232866287231,3.0618622303009033,0.7721940279006958
2025-05-30,26.0,92.0,Meghalaya,Ri Bhoi,Ampher Landslide,1,47.65731430053711,60.695011138916016,72.08164978027344,109.74012756347656,204.9593048095703,0.5075073242187793,0.7511,425.2469482421875,849.0,238.75572204589844,4.634511980265262,21.85694252416076,3.5256456496705213,0.0,39.874755859375,84.67662811279297,24.005374908447266
2024-06-29,28.0,96.5,Arunachal Pradesh,Anjaw,Hayuliang Landslide RamMandir- Tidding-Khupa- Hayuliang- Hawai Road,1,82.27686309814453,87.890380859375,91.27259826660156,92.43850708007812,107.8722915649414,0.42979431152343783,0.5516,1515.6094970703125,2871.0,651.4829711914062,22.8996228764844,55.03617911554651,8.322263526866594,19.944444444444446,186.27854919433594,270.32135009765625,50.12175750732422
2020-05-29,24.0,92.5,Mizoram,Mamit,Mamit5,1,15.07034683227539,119.45158386230469,137.38690185546875,169.3803253173828,208.8625030517578,0.4288024902343416,0.7547,278.63360595703125,864.0,195.9539794921875,7.443317121808474,26.943935612493448,5.500279187235453,0.0,58.76435852050781,123.90907287597656,36.05270004272461
2025-06-05,27.75,92.75,Non-Landslide Grid,Non-Landslide Grid,"Grid (27.75, 92.75)",0,9.514534950256348,27.497268676757812,222.0263214111328,263.6468200683594,420.9516906738281,0.42643737792969205,0.1156,2777.78857421875,4468.0,873.0940551757812,20.95534962571717,46.83326311687205,7.829214708175818,11.777777777777777,166.9709930419922,250.79298400878906,48.583499908447266
2023-04-01,26.25,89.75,Non-Landslide Grid,Non-Landslide Grid,"Grid (26.25, 89.75)",0,7.520108222961426,7.520108222961426,12.681351661682129,87.99951171875,108.27500915527344,0.3687019348144531,0.6321,35.02750015258789,27.0,3.171674966812134,0.12091396660067759,1.3983699101035267,0.0958937748490908,0.0,1.1745604276657104,2.1794495582580566,0.6618771553039551
2023-09-19,26.0,94.0,Non-Landslide Grid,Non-Landslide Grid,"Grid (26.0, 94.0)",0,60.22232437133789,61.38296890258789,79.75613403320312,118.23025512695312,182.745849609375,0.47837829589849795,0.9096,363.6197204589844,1218.0,237.57420349121094,6.430369423365052,27.277622540637047,6.292268277714375,0.0,50.72469711303711,123.57196044921875,44.698631286621094
2025-03-24,28.0,94.0,Non-Landslide Grid,Non-Landslide Grid,"Grid (28.0, 94.0)",0,0.0,0.16872677206993103,0.5596933960914612,16.422677993774414,26.243045806884766,0.39952087402343345,0.7016,1514.4849853515625,2504.0,506.3511962890625,18.232457640141085,41.1153354340168,6.7911660542412475,4.888888888888889,145.129150390625,220.32748413085938,40.34345245361328
2022-10-25,29.25,95.75,Non-Landslide Grid,Non-Landslide Grid,"Grid (29.25, 95.75)",0,44.363006591796875,44.363006591796875,44.71621322631836,319.50592041015625,513.5264892578125,0.4285812377929671,0.0278,3818.18603515625,3133.0,493.99505615234375,21.87629737571281,49.592894125231986,8.9288268498068,18.22222222222222,178.73785400390625,267.9336242675781,49.90768814086914
2025-01-13,27.25,95.25,Non-Landslide Grid,Non-Landslide Grid,"Grid (27.25, 95.25)",0,0.0,0.0,31.011146545410156,31.011146545410156,31.011146545410156,0.3628158569336306,0.5397000000000001,118.54083251953125,211.0,9.696734428405762,0.22504747920484852,11.413607213835506,0.6574771540889619,0.0,2.055091381072998,2.915475845336914,4.99699592590332
2024-06-29,28.25,95.0,Arunachal Pradesh,Siang District,Tarak Landslide Pasighat- Pangin-Aalo road,1,106.5445785522461,169.73269653320312,236.1522216796875,338.19000244140625,478.5198669433594,0.4278182983398495,0.7805000000000001,910.6333618164062,1889.0,404.7454528808594,17.056438182879226,34.66714758614648,6.508510630460296,1.5555555555555556,135.1522674560547,193.98526000976562,35.65961837768555
2021-11-17,25.0,93.25,Non-Landslide Grid,Non-Landslide Grid,"Grid (25.0, 93.25)",0,0.0,0.0,0.12581904232501984,0.12581904232501984,61.90473556518555,0.2224349975587178,0.8546,388.9544372558594,1577.0,313.54296875,8.403385222002298,40.00247247916611,6.875988133093646,0.5833333333333334,66.5434341430664,151.4106903076172,48.10566329956055
2020-06-29,26.75,92.25,Non-Landslide Grid,Non-Landslide Grid,"Grid (26.75, 92.25)",0,5.419091701507568,45.6145133972168,140.848388671875,217.55259704589844,353.51519775390625,0.46998596191394515,0.6649,106.225830078125,116.0,23.41066551208496,0.26833882773203166,1.274270065331461,0.19523142135754473,0.0,2.162479877471924,4.925062656402588,1.253121256828308
2025-03-02,28.25,94.5,Non-Landslide Grid,Non-Landslide Grid,"Grid (28.25, 94.5)",0,2.6236770153045654,2.7344841957092285,28.345890045166016,38.87016296386719,86.51821899414062,0.4157562255859653,0.8027000000000001,1686.3961181640625,3514.0,743.6204223632812,17.929890212742986,36.91777834329499,6.461823604418964,2.888888888888889,140.04136657714844,205.31048583984375,37.11265182495117
2023-11-19,27.25,93.5,Non-Landslide Grid,Non-Landslide Grid,"Grid (27.25, 93.5)",0,0.0,5.014504909515381,5.014504909515381,9.059471130371094,9.255491256713867,0.3529357910156179,0.7824,1506.97412109375,2357.0,400.4650573730469,13.490002771301448,35.73032569319689,5.876769363504501,0.3888888888888889,106.12234497070312,172.48289489746094,35.388729095458984
2023-08-13,27.0,95.75,Non-Landslide Grid,Non-Landslide Grid,"Grid (27.0, 95.75)",0,21.949663162231445,46.98194885253906,105.4473648071289,179.09249877929688,339.375732421875,0.44545745849607477,0.9401,1342.9383544921875,1991.0,453.0468444824219,16.10166883275908,33.87289449042497,6.195499275413429,0.5277777777777778,125.71900939941406,176.2679901123047,32.73480987548828
2020-06-23,23.25,92.5,Non-Landslide Grid,Non-Landslide Grid,"Grid (23.25, 92.5)",0,0.46028152108192444,0.7297084927558899,27.058807373046875,88.82829284667969,193.87355041503906,0.4084014892578223,0.8206,415.3550109863281,1211.0,250.8226318359375,8.165654514477371,29.74318079250643,5.423421745520645,0.0,65.99642944335938,124.5242691040039,36.29525375366211
2022-12-21,26.5,94.75,Non-Landslide Grid,Non-Landslide Grid,"Grid (26.5, 94.75)",0,0.0,0.0,0.0,0.0,0.0,0.30468749999999367,0.8427,771.0374755859375,1800.0,311.8998718261719,12.702619608544536,34.88692521948087,5.7230700002846,0.1388888888888889,98.65028381347656,152.1187286376953,33.28971862792969
2025-01-06,23.25,92.75,Non-Landslide Grid,Non-Landslide Grid,"Grid (23.25, 92.75)",0,0.0,0.0,0.0,0.0,0.15467487275600433,0.17751693725590184,0.8217,639.630859375,1260.0,200.76295471191406,9.799972649391158,29.03776753010941,5.627017276240316,0.0,80.92599487304688,137.27716064453125,33.788272857666016
2024-10-05,25.25,90.5,Meghalaya,Garo Attesia Landslide,"AttesiaSonmong, Gasuapara Region",1,92.00173950195312,235.2143096923828,293.851318359375,485.8905029296875,539.6014404296875,0.4546051025391593,0.8488,110.20999908447266,470.0,81.19135284423828,3.1080991690904507,17.643092472165375,2.508927115792947,0.0,26.54151725769043,56.400413513183594,17.79831886291504
2020-10-19,26.75,92.5,Non-Landslide Grid,Non-Landslide Grid,"Grid (26.75, 92.5)",0,1.1524266004562378,1.1524266004562378,1.1524266004562378,88.20887756347656,306.17901611328125,0.2902526855468955,0.7715000000000001,92.52972412109375,114.0,19.98409652709961,0.22010429488924538,1.8522543974366188,0.1490519561558735,0.0,1.828725814819336,3.7416574954986572,0.9988700151443481
2023-01-19,23.75,91.75,Non-Landslide Grid,Non-Landslide Grid,"Grid (23.75, 91.75)",0,0.0,0.0,0.0,0.0,8.65652847290039,0.17862319946295846,0.7353000000000001,123.81305694580078,262.0,43.23754119873047,1.5564138210253045,12.083930312074296,1.4237959496706716,0.0,13.421937942504883,38.834102630615234,10.836121559143066
2020-05-26,25.5,92.25,Meghalaya,Jaintia Hills,Iawmusiang Landslide - I,1,18.67279624938965,66.86375427246094,99.851318359375,112.08378601074219,156.1591033935547,0.4872512817381497,0.6744,1260.42578125,597.0,102.87409210205078,2.808655381871295,17.212804623042103,2.215269176666288,0.0,23.935148239135742,55.71966552734375,15.806341171264648
2024-06-10,25.0,92.5,Non-Landslide Grid,Non-Landslide Grid,"Grid (25.0, 92.5)",0,8.132664680480957,41.18930435180664,89.76107025146484,523.691162109375,542.8335571289062,0.4874114990234353,0.7729,204.9633331298828,1224.0,275.96075439453125,5.487831143215172,34.94692623136583,7.116754878189429,0.4166666666666667,44.536964416503906,142.9350128173828,54.15533447265625
2024-04-14,23.25,91.75,Non-Landslide Grid,Non-Landslide Grid,"Grid (23.25, 91.75)",0,0.0,0.0,1.965269684791565,11.991584777832031,67.18533325195312,0.26763916015604083,0.7085,83.91638946533203,225.0,33.92729187011719,1.2443996127615193,8.236260822728928,1.1561737433334793,0.0,10.26632022857666,26.470144271850586,7.961842060089111
2021-08-29,27.75,92.5,Non-Landslide Grid,Non-Landslide Grid,"Grid (27.75, 92.5)",0,29.747161865234375,104.40220642089844,152.0322265625,360.9394836425781,616.674072265625,0.42769622802734525,0.0468,4377.3154296875,5194.0,1113.9825439453125,21.100657327369863,63.4159229865863,10.862379104843441,19.666666666666664,173.0258026123047,327.3728942871094,88.62701416015625
2020-05-26,25.5,92.25,Meghalaya,Jaintia Hills,Riatsiatsim Landslide,1,18.67279624938965,66.86375427246094,99.851318359375,112.08378601074219,156.1591033935547,0.4872512817381497,0.6744,1260.42578125,597.0,102.87409210205078,2.808655381871295,17.212804623042103,2.215269176666288,0.0,23.935148239135742,55.71966552734375,15.806341171264648
2024-03-19,27.0,93.0,Non-Landslide Grid,Non-Landslide Grid,"Grid (27.0, 93.0)",0,0.0,0.17765477299690247,7.598196029663086,14.39808177947998,24.200899124145508,0.25369262695317035,0.7007,468.3388977050781,1635.0,355.15875244140625,7.352648615656198,33.22468867105141,6.523761778166748,0.05555555555555555,58.91574478149414,146.1652069091797,48.73173904418945
2022-06-19,27.0,93.75,Arunachal Pradesh,Papum Pare,"Modirijo_landslide Shiv Mandir area, Modirijo Village between Itanagar and Naharlagun",1,31.783903121948242,84.7377700805664,215.82211303710938,331.9593200683594,452.6255187988281,0.44856262207042136,0.6799000000000001,141.790283203125,561.0,89.47208404541016,1.5707203689471758,18.980671243667295,2.58089755269254,0.0,12.962088584899902,56.661376953125,19.76386070251465
2025-06-18,28.0,92.75,Non-Landslide Grid,Non-Landslide Grid,"Grid (28.0, 92.75)",0,5.6988701820373535,11.509302139282227,15.150894165039062,35.73621368408203,298.8612976074219,0.41889953613279407,-0.0336,4814.02685546875,3975.0,845.1657104492188,21.301964424701307,48.84623300066791,8.704132388893726,17.11111111111111,170.64649963378906,271.9714660644531,58.69367599487305
2020-03-10,26.0,94.0,Non-Landslide Grid,Non-Landslide Grid,"Grid (26.0, 94.0)",0,0.0,1.472214698791504,5.553749084472656,14.330063819885254,17.440786361694336,0.34635925292976416,0.8015,363.6197204589844,1218.0,237.57420349121094,6.430369423365052,27.277622540637047,6.292268277714375,0.0,50.72469711303711,123.57196044921875,44.698631286621094
2020-07-10,25.75,90.0,Non-Landslide Grid,Non-Landslide Grid,"Grid (25.75, 90.0)",0,107.39524841308594,174.32981872558594,211.14065551757812,761.2901000976562,1192.0528564453125,0.4142074584961136,0.4476,67.37972259521484,315.0,57.01261520385742,1.074160892015206,13.420996454219074,1.2903401630573892,0.0,8.647370338439941,25.551294326782227,9.001255989074707
2025-06-02,25.0,93.0,Assam,Cachar,"Doloicherra GP, Lakhipur",1,48.75518035888672,182.66461181640625,253.85299682617188,343.81500244140625,516.9390258789062,0.42056274414066613,0.8688,384.5722351074219,1608.0,385.2471923828125,8.070900757120183,30.662939686285355,7.316109477494315,0.027777777777777776,64.66639709472656,154.00979614257812,53.41328811645508
2022-03-05,25.0,93.25,Non-Landslide Grid,Non-Landslide Grid,"Grid (25.0, 93.25)",0,0.0,0.0,5.7869486808776855,9.159063339233398,30.350675582885742,0.1904144287110387,0.7051000000000001,388.9544372558594,1577.0,313.54296875,8.403385222002298,40.00247247916611,6.875988133093646,0.5833333333333334,66.5434341430664,151.4106903076172,48.10566329956055
2025-05-30,25.75,92.0,Meghalaya,East Khasi Hills,ISBT Bypass Landslide 1,1,103.3324966430664,111.45738983154297,142.70361328125,261.2294921875,363.6540222167969,0.5154647827148221,0.6665,917.2408447265625,859.0,130.39633178710938,4.714470137470853,21.87834296680697,3.6313367608752385,0.0,39.3952522277832,86.12773895263672,23.6353702545166
2023-10-13,25.75,91.0,Non-Landslide Grid,Non-Landslide Grid,"Grid (25.75, 91.0)",0,0.0,0.0,28.50270652770996,216.62948608398438,410.80511474609375,0.4715499877929684,0.8585,612.0349731445312,1050.0,238.98846435546875,5.518916070345803,23.40411643741614,4.103124402802134,0.0,45.028480529785156,96.34597778320312,25.762800216674805
2025-06-01,25.5,93.75,Non-Landslide Grid,Non-Landslide Grid,"Grid (25.5, 93.75)",0,28.477388381958008,136.76670837402344,186.243408203125,222.0882568359375,271.7571105957031,0.4792709350584003,0.9085,1053.5872802734375,2037.0,386.0133056640625,14.16904624860355,41.285730438317074,7.158854539432471,1.6111111111111112,110.56718444824219,187.04185485839844,46.31894302368164
2023-07-20,26.75,90.75,Non-Landslide Grid,Non-Landslide Grid,"Grid (26.75, 90.75)",0,0.0,0.0,61.36540222167969,146.7666778564453,670.8925170898438,0.2939224243164483,0.9037,397.88916015625,1659.0,368.8592224121094,6.26488665703956,35.0730648698001,8.128569312154193,0.4722222222222222,49.33185577392578,167.44772338867188,61.67043685913086
2021-02-24,25.5,91.75,Meghalaya,East Khasi Hills,Sonapani Hydro-Electric Project,1,0.0,0.0,0.0,0.0,1.0330511331558228,0.28666687011718106,0.6005,1670.7216796875,913.0,153.39508056640625,5.919859729912694,32.03817497959001,5.573524917136624,0.1388888888888889,48.907474517822266,137.64651489257812,39.82622146606445
2025-05-06,22.75,92.5,Non-Landslide Grid,Non-Landslide Grid,"Grid (22.75, 92.5)",0,0.0,8.447526931762695,25.845979690551758,28.440343856811523,86.55818939208984,0.19302368164062786,0.7574000000000001,154.17056274414062,613.0,108.34761047363281,4.160890702588159,22.818560370591143,3.9160354124603094,0.0,34.68327331542969,87.66633605957031,27.292755126953125
2022-10-10,26.75,94.25,Non-Landslide Grid,Non-Landslide Grid,"Grid (26.75, 94.25)",0,1.3617273569107056,17.291767120361328,75.28819274902344,76.23728942871094,208.46600341796875,0.47747039794932966,0.7437,97.47916412353516,58.0,10.624689102172852,0.17975465983875877,1.1893239571718413,0.1345856899134309,0.0,1.674749493598938,3.181980609893799,0.9176729917526245
2020-10-01,23.75,92.75,Mizoram,Aizawl,Venglai_1,1,0.7863513827323914,9.303852081298828,18.60084342956543,61.95922088623047,176.4725341796875,0.4218902587890736,0.8211,558.530029296875,1301.0,251.22454833984375,11.561747209331001,33.20981307339313,5.7138444190846345,0.25,94.32711791992188,152.0427703857422,34.32426834106445
2020-03-22,23.75,93.0,Non-Landslide Grid,Non-Landslide Grid,"Grid (23.75, 93.0)",0,0.0,0.0,0.0,0.0,5.4794111251831055,0.30038452148435923,0.5093,846.58056640625,1551.0,295.62164306640625,12.443905721054815,41.06645447367599,5.871977630744481,0.8333333333333334,100.92674255371094,161.78762817382812,35.075111389160156
2023-12-07,27.0,92.25,Non-Landslide Grid,Non-Landslide Grid,"Grid (27.0, 92.25)",0,0.0,0.0,0.0,0.0,14.962335586547852,0.2667694091794727,0.873,1233.8455810546875,2768.0,810.8165893554688,12.77755647404526,38.20715044651788,8.378771528762524,2.2222222222222223,102.58639526367188,202.26300048828125,60.985599517822266
2020-07-13,27.75,96.75,Non-Landslide Grid,Non-Landslide Grid,"Grid (27.75, 96.75)",0,2.8422751426696777,76.09590911865234,192.56361389160156,221.8833465576172,423.6963806152344,0.4339332580566244,0.8834000000000001,2939.690185546875,3381.0,679.4791870117188,23.2617787175157,48.74501991318944,7.818991507373922,19.72222222222222,188.0431671142578,260.81427001953125,44.29112243652344
2022-03-27,26.0,94.0,Non-Landslide Grid,Non-Landslide Grid,"Grid (26.0, 94.0)",0,0.2607015073299408,2.4110074043273926,2.660846471786499,5.108952045440674,10.320664405822754,0.3885650634766287,0.7147,363.6197204589844,1218.0,237.57420349121094,6.430369423365052,27.277622540637047,6.292268277714375,0.0,50.72469711303711,123.57196044921875,44.698631286621094
2024-05-12,26.25,90.0,Non-Landslide Grid,Non-Landslide Grid,"Grid (26.25, 90.0)",0,0.0,0.9793656468391418,33.64717102050781,43.079620361328125,58.03962707519531,0.34293365478514665,0.7114,45.26305389404297,37.0,8.158735275268555,0.34390336090684603,1.6093711256081877,0.2893858910089453,0.0,2.9364027976989746,6.661924839019775,1.9231786727905273
2021-03-31,27.0,94.0,Non-Landslide Grid,Non-Landslide Grid,"Grid (27.0, 94.0)",0,0.4426547884941101,2.1289751529693604,2.1289751529693604,2.1289751529693604,29.56146812438965,0.3445739746093272,0.5058,83.95944213867188,25.0,3.8772871494293213,0.14784675863206417,0.6065726114054234,0.10323440583541298,0.0,1.414453148841858,2.8284270763397217,0.7204717993736267
2021-06-02,25.5,92.5,Non-Landslide Grid,Non-Landslide Grid,"Grid (25.5, 92.5)",0,0.39508864283561707,8.810742378234863,35.446197509765625,80.97975158691406,135.31910705566406,0.45567321777352,0.4277,969.8897094726562,683.0,158.5126953125,3.1441726540432247,14.250806381451117,2.194718806802864,0.0,26.396629333496094,57.00822067260742,15.704524040222168
2020-07-24,25.75,90.5,Meghalaya,West Garo Hills,Tura Highway landslide,1,40.67081069946289,69.23661041259766,329.0583801269531,699.7035522460938,1405.9649658203125,0.48703765869139903,0.8167000000000001,260.7177734375,657.0,128.99688720703125,3.405875858872556,18.423070514625486,2.6238666516202267,0.0,28.151630401611328,62.91084289550781,17.59585189819336
2020-08-31,28.25,93.5,Non-Landslide Grid,Non-Landslide Grid,"Grid (28.25, 93.5)",0,1.7792201042175293,34.385719299316406,51.99213409423828,113.54561614990234,222.03933715820312,0.4206085205078094,0.8252,2574.24755859375,4003.0,879.6279296875,22.806868544787083,47.53085760010291,7.9523313855157625,17.694444444444443,182.40457153320312,266.17041015625,47.88905715942383
2024-06-16,26.0,94.75,Nagaland,Medical Landslide,"Ward Medical Kiphire ward,",1,5.633244037628174,19.906105041503906,41.58085250854492,91.13158416748047,303.65313720703125,0.5018386840820063,0.8002,1458.9405517578125,1831.0,406.3719177246094,16.022965692592955,32.756569682632716,5.710380092151458,0.2222222222222222,125.12663269042969,175.21231079101562,29.32090950012207
2025-10-06,26.25,92.25,Non-Landslide Grid,Non-Landslide Grid,"Grid (26.25, 92.25)",0,6.699367523193359,24.44001007080078,39.273651123046875,39.559165954589844,160.40028381347656,0.4833946228027409,0.791,59.86111068725586,207.0,13.151198387145996,0.35479978572270676,11.394239433231547,0.9882699964642461,0.0,3.147531747817993,12.287154197692871,7.643882751464844
2021-02-04,26.0,93.75,Non-Landslide Grid,Non-Landslide Grid,"Grid (26.0, 93.75)",0,0.0,0.0,0.3857133984565735,1.829409122467041,2.2312276363372803,0.3122024536132608,0.4251,170.7897186279297,836.0,66.41282653808594,0.7315379951505613,17.308978020483142,1.6631596125564576,0.0,5.739075660705566,16.6248722076416,11.79712200164795
2024-07-23,25.25,92.5,Non-Landslide Grid,Non-Landslide Grid,"Grid (25.25, 92.5)",0,1.2981269359588623,6.405176162719727,51.11803436279297,111.31512451171875,361.74658203125,0.490539550781272,0.8725,819.6777954101562,1530.0,334.9479675292969,8.272812286185768,39.33030515212594,6.5070393989689945,1.0555555555555556,65.47273254394531,169.72897338867188,46.98260498046875
2022-05-09,24.25,92.75,Non-Landslide Grid,Non-Landslide Grid,"Grid (24.25, 92.75)",0,15.877603530883789,15.877603530883789,44.422401428222656,149.22508239746094,355.99249267578125,0.2982254028320256,0.7344,251.05860900878906,821.0,166.82513427734375,6.891413606248748,23.3031321838253,5.0838525551102505,0.0,55.972328186035156,116.29582214355469,32.777156829833984
2024-02-06,27.0,95.25,Non-Landslide Grid,Non-Landslide Grid,"Grid (27.0, 95.25)",0,17.843286514282227,22.497669219970703,38.62063217163086,41.14546585083008,41.59730911254883,0.47015380859377964,0.7966000000000001,360.5635986328125,1241.0,234.73947143554688,6.347254151889837,26.816205826252787,5.681313410802673,0.0,50.52357482910156,118.57117462158203,39.50800323486328
2025-05-15,26.0,92.25,Non-Landslide Grid,Non-Landslide Grid,"Grid (26.0, 92.25)",0,5.394486904144287,24.29955291748047,62.40375518798828,74.75751495361328,109.47901916503906,0.44815063476568917,0.7864,444.04998779296875,878.0,243.05821228027344,4.672791572706214,23.736006908873335,3.685238962316607,0.0,38.178592681884766,85.69979858398438,24.606050491333008
2022-08-20,26.5,91.0,Non-Landslide Grid,Non-Landslide Grid,"Grid (26.5, 91.0)",0,14.612289428710938,14.612289428710938,23.704927444458008,50.06824493408203,277.02142333984375,0.40065002441405884,0.6985,46.88249969482422,23.0,4.239080429077148,0.16876433319302767,1.0188617306461003,0.11663258871731852,0.0,1.5922232866287231,3.0618622303009033,0.7721940279006958
2020-04-12,23.5,92.75,Non-Landslide Grid,Non-Landslide Grid,"Grid (23.5, 92.75)",0,0.0,0.0,2.900238275527954,12.374836921691895,14.844383239746094,0.15921783447266102,0.7245,685.7172241210938,1302.0,248.54957580566406,11.267666801025864,31.39810393250354,5.372568735051805,0.08333333333333334,92.36515808105469,149.06800842285156,30.36924171447754
2021-11-17,28.5,94.5,Non-Landslide Grid,Non-Landslide Grid,"Grid (28.5, 94.5)",0,0.41233885288238525,1.3962838649749756,1.3962838649749756,1.3962838649749756,52.41836166381836,0.3183898925781224,0.8993,1978.379150390625,3601.0,703.2435913085938,21.6545655778802,47.30829583288325,7.47810168845436,12.88888888888889,170.44126892089844,247.89407348632812,43.76173400878906
2020-05-06,28.0,93.0,Non-Landslide Grid,Non-Landslide Grid,"Grid (28.0, 93.0)",0,2.534018039703369,11.68452262878418,16.420246124267578,69.65973663330078,116.98629760742188,0.4277954101562517,0.895,3162.72998046875,4088.0,893.5396728515625,19.99907276832525,47.08631367181521,8.671537903877596,13.444444444444445,159.58934020996094,260.4654235839844,60.073890686035156
2024-12-16,28.25,96.25,Non-Landslide Grid,Non-Landslide Grid,"Grid (28.25, 96.25)",0,0.0,0.0,0.0,0.0,1.5776294469833374,0.31764221191415404,0.4119,2700.932861328125,3465.0,729.9940185546875,23.57243030144863,51.886077120855624,8.016388485014025,21.666666666666668,190.74913024902344,271.5876770019531,47.71710205078125
2022-08-28,25.75,90.25,Non-Landslide Grid,Non-Landslide Grid,"Grid (25.75, 90.25)",0,64.98035430908203,64.98035430908203,216.35037231445312,323.49853515625,560.031982421875,0.41213989257811384,0.8415,268.25360107421875,694.0,145.89248657226562,2.6266826104787047,13.143420707951513,2.0358751126267824,0.0,21.159591674804688,51.440372467041016,13.796658515930176
2020-09-22,25.0,93.25,Non-Landslide Grid,Non-Landslide Grid,"Grid (25.0, 93.25)",0,15.116305351257324,16.556537628173828,23.553363800048828,64.02410888671875,120.24164581298828,0.4215621948242577,0.875,388.9544372558594,1577.0,313.54296875,8.403385222002298,40.00247247916611,6.875988133093646,0.5833333333333334,66.5434341430664,151.4106903076172,48.10566329956055
2022-09-21,25.0,93.75,Non-Landslide Grid,Non-Landslide Grid,"Grid (25.0, 93.75)",0,0.9975317716598511,2.798685073852539,7.982086181640625,68.04273223876953,91.63811492919922,0.4330215454102974,0.7095,1265.4688720703125,2081.0,432.47119140625,14.538912014989583,40.723699976416356,7.183837064458101,1.9444444444444444,113.70149230957031,193.79930114746094,47.90442657470703
2023-04-28,25.25,90.75,Non-Landslide Grid,Non-Landslide Grid,"Grid (25.25, 90.75)",0,9.038338661193848,9.038338661193848,39.7678108215332,101.26139831542969,186.578369140625,0.3716506958008162,0.7702,220.2130584716797,990.0,198.9566192626953,5.50720102468387,27.625152906350095,4.717735264599902,0.0,45.642330169677734,112.03004455566406,33.80620574951172
2024-01-04,26.0,90.75,Non-Landslide Grid,Non-Landslide Grid,"Grid (26.0, 90.75)",0,0.0,0.0,0.0,0.0,5.771744728088379,0.2500762939453141,0.5876,76.9030532836914,437.0,66.00070190429688,1.5020054263511413,22.685480757896922,2.8754688123011016,0.0,12.693781852722168,63.36019515991211,21.62221908569336
2023-09-01,25.75,94.25,Non-Landslide Grid,Non-Landslide Grid,"Grid (25.75, 94.25)",0,1.2391653060913086,12.829597473144531,39.101173400878906,94.48236083984375,347.10186767578125,0.47061157226560485,0.8724000000000001,1149.9219970703125,1853.0,357.2713623046875,11.654470318827258,27.181987901759243,5.14388994564552,0.0,92.4559326171875,138.56854248046875,26.550003051757812
2024-07-25,26.75,93.75,Non-Landslide Grid,Non-Landslide Grid,"Grid (26.75, 93.75)",0,34.28694534301758,37.17299270629883,89.46148681640625,185.4374542236328,382.11468505859375,0.4751548767090118,0.2646,79.88694763183594,33.0,4.447814464569092,0.20153104782965536,1.4253626526077632,0.16471250869762122,0.0,1.8683192729949951,4.092676162719727,1.143751621246338
2024-08-01,24.5,93.75,Manipur,Heisnam Landslide,Thanga Region,1,20.01174545288086,43.438419342041016,52.1451301574707,75.17282104492188,171.00685119628906,0.439193725585838,0.8904000000000001,917.9044189453125,1554.0,256.2775573730469,5.662249960180044,30.93689661621472,7.021565474401968,0.027777777777777776,43.58971405029297,141.0993194580078,50.9337158203125
2025-05-30,25.5,91.75,Meghalaya,East Khasi Hills,Mylliem Landslide 4,1,140.50730895996094,148.46109008789062,196.48526000976562,387.7179260253906,528.7616577148438,0.5165710449218512,0.8818,1670.7216796875,913.0,153.39508056640625,5.919859729912694,32.03817497959001,5.573524917136624,0.1388888888888889,48.907474517822266,137.64651489257812,39.82622146606445
2020-05-09,26.5,93.75,Non-Landslide Grid,Non-Landslide Grid,"Grid (26.5, 93.75)",0,1.7904797792434692,7.617175579071045,22.96381378173828,41.74143981933594,119.6140365600586,0.4575424194335648,0.6992,198.44972229003906,871.0,170.5171356201172,2.833090595938026,23.320525903760775,4.231543302082891,0.0,23.3657283782959,95.2550048828125,31.480823516845703
2024-08-07,27.0,93.75,Non-Landslide Grid,Non-Landslide Grid,"Grid (27.0, 93.75)",0,10.311808586120605,72.22818756103516,88.33164978027344,156.5072479248047,340.17572021484375,0.40768432617187705,0.7732,141.790283203125,561.0,89.47208404541016,1.5707203689471758,18.980671243667295,2.58089755269254,0.0,12.962088584899902,56.661376953125,19.76386070251465
2024-06-30,25.75,92.0,Meghalaya,Umbang Landslide,"1 GS Road, Ri Bhoi NH",1,10.941681861877441,25.977739334106445,62.263816833496094,192.79583740234375,377.4544677734375,0.44876098632812506,0.773,917.2408447265625,859.0,130.39633178710938,4.714470137470853,21.87834296680697,3.6313367608752385,0.0,39.3952522277832,86.12773895263672,23.6353702545166
2023-12-07,27.5,88.5,Sikkim,North Sikkim,Lingzya Busty Landslide Lingzya Busty of Upper Dzongu,1,0.0,0.0,0.0,0.0,3.3773305416107178,0.42572021484374883,0.8258000000000001,2168.81982421875,3697.0,796.494384765625,23.632660743125502,49.23240538360047,7.919056484581935,20.916666666666668,188.52566528320312,282.9498291015625,52.20234680175781
2023-01-26,27.75,95.75,Non-Landslide Grid,Non-Landslide Grid,"Grid (27.75, 95.75)",0,0.0,0.0,0.0,2.5751051902770996,6.650363445281982,0.2955169677733557,0.3812,135.81472778320312,29.0,5.7640509605407715,0.18216602711762214,1.387874253946801,0.14190128771812477,0.0,1.645431399345398,3.4278273582458496,0.9563491344451904
2021-07-19,25.25,90.75,Non-Landslide Grid,Non-Landslide Grid,"Grid (25.25, 90.75)",0,0.4504269063472748,33.01079177856445,193.91275024414062,518.990234375,2685.250732421875,0.5013771057128863,0.8839,220.2130584716797,990.0,198.9566192626953,5.50720102468387,27.625152906350095,4.717735264599902,0.0,45.642330169677734,112.03004455566406,33.80620574951172
2020-08-21,26.25,92.25,Non-Landslide Grid,Non-Landslide Grid,"Grid (26.25, 92.25)",0,0.0,4.157787799835205,19.848392486572266,81.95246887207031,138.34756469726562,0.4847526550292003,0.5720000000000001,59.86111068725586,207.0,13.151198387145996,0.35479978572270676,11.394239433231547,0.9882699964642461,0.0,3.147531747817993,12.287154197692871,7.643882751464844
2020-06-25,27.0,93.5,Arunachal Pradesh,Papum Pare,Donyi Colony,1,78.95551300048828,93.50602722167969,155.383056640625,363.80950927734375,595.510986328125,0.4379577636719005,0.1821,355.9505615234375,1665.0,296.9815979003906,5.933726472852088,32.66514584979479,6.165044312996405,0.1111111111111111,49.377342224121094,140.6566925048828,47.237037658691406
2025-05-30,25.75,92.0,Meghalaya,Ri Bhoi,Umiam Landslide 10,1,103.3324966430664,111.45738983154297,142.70361328125,261.2294921875,363.6540222167969,0.5154647827148221,0.6665,917.2408447265625,859.0,130.39633178710938,4.714470137470853,21.87834296680697,3.6313367608752385,0.0,39.3952522277832,86.12773895263672,23.6353702545166
2021-03-10,27.75,96.5,Non-Landslide Grid,Non-Landslide Grid,"Grid (27.75, 96.5)",0,0.0,0.0,58.51653289794922,68.59730529785156,84.64031219482422,0.44246673583992624,0.7773,1912.2774658203125,3015.0,640.3836669921875,21.45163246151097,40.459199193143306,7.178409802011485,10.75,171.69166564941406,237.52938842773438,40.915340423583984
2023-08-24,27.25,88.5,Sikkim,East Sikkim,"32 No. Landslide National Highway NH-10, connecting",1,22.10434341430664,42.195491790771484,130.81951904296875,293.1747131347656,624.8927001953125,0.4266738891601653,0.8303,1310.343017578125,2905.0,563.8278198242188,19.43016042352437,44.443769020233006,6.897398642525547,5.361111111111111,150.6671905517578,223.98939514160156,42.2029914855957
2024-04-13,23.75,92.25,Non-Landslide Grid,Non-Landslide Grid,"Grid (23.75, 92.25)",0,0.0,0.0,0.7889488935470581,32.210174560546875,57.874752044677734,0.18357086181641116,0.6341,286.8108215332031,792.0,156.8992462158203,6.455399862731471,22.633933340531765,5.127083891809967,0.0,51.970577239990234,118.72166442871094,34.0297737121582
2024-12-21,26.5,94.75,Non-Landslide Grid,Non-Landslide Grid,"Grid (26.5, 94.75)",0,0.0,0.0,0.0,0.0,2.459664821624756,0.3268203735351869,0.867,771.0374755859375,1800.0,311.8998718261719,12.702619608544536,34.88692521948087,5.7230700002846,0.1388888888888889,98.65028381347656,152.1187286376953,33.28971862792969
2022-04-13,25.25,92.25,Meghalaya,Jaintia Hills,Tongseng2 near Tongseng Village,1,19.09215545654297,41.782676696777344,46.52138900756836,183.806640625,304.211181640625,0.5047531127929578,0.7334,776.0238647460938,1322.0,357.3675231933594,5.895885341126151,25.47091491614314,4.7990301285115855,0.0,47.91184997558594,115.95841217041016,34.28144836425781
2024-05-30,25.25,93.0,Assam,Mahur,Landslide Mahur Lasang Road,1,78.4551773071289,200.38491821289062,204.71914672851562,222.25344848632812,370.7305603027344,0.48333740234370137,0.6970000000000001,581.3922119140625,1271.0,220.6673126220703,7.95753565762605,30.952647139700577,4.65836575833331,0.027777777777777776,63.11333465576172,118.19319915771484,29.522968292236328
2022-04-13,25.25,92.5,Meghalaya,Jaintia Hills,3km_before_sonapur_1 3 km before sonapur,1,4.2119927406311035,15.343467712402344,20.91499900817871,66.46891784667969,231.5885467529297,0.4930801391601514,0.7032,819.6777954101562,1530.0,334.9479675292969,8.272812286185768,39.33030515212594,6.5070393989689945,1.0555555555555556,65.47273254394531,169.72897338867188,46.98260498046875
2021-12-22,29.0,94.5,Non-Landslide Grid,Non-Landslide Grid,"Grid (29.0, 94.5)",0,0.0,0.0,0.0,22.956737518310547,27.52730941772461,0.3862609863281515,0.8541000000000001,3005.808837890625,3730.0,810.688720703125,23.84019762663832,48.639709440021086,7.924152675156946,21.63888888888889,187.22267150878906,267.10906982421875,46.24726867675781
2024-01-21,28.0,94.0,Non-Landslide Grid,Non-Landslide Grid,"Grid (28.0, 94.0)",0,0.0,0.0,0.10924743115901947,0.10924743115901947,0.10924743115901947,0.24205017089838152,0.8371000000000001,1514.4849853515625,2504.0,506.3511962890625,18.232457640141085,41.1153354340168,6.7911660542412475,4.888888888888889,145.129150390625,220.32748413085938,40.34345245361328
2022-05-14,25.25,93.0,Assam,Dima Hasao,Hokai_pungchi Hokai Pungchi near Halflong,1,140.5547332763672,257.300048828125,311.3444519042969,351.4497375488281,663.626953125,0.43748474121094805,0.7867000000000001,581.3922119140625,1271.0,220.6673126220703,7.95753565762605,30.952647139700577,4.65836575833331,0.027777777777777776,63.11333465576172,118.19319915771484,29.522968292236328
2024-03-16,27.25,96.0,Non-Landslide Grid,Non-Landslide Grid,"Grid (27.25, 96.0)",0,0.0,9.502366065979004,13.476428031921387,19.025293350219727,57.51557159423828,0.37282562255860324,0.7938000000000001,630.7230834960938,1881.0,400.9184265136719,8.979290868713843,30.2655513053063,6.4156578390951085,0.027777777777777776,69.11734008789062,144.3175811767578,43.464378356933594
2024-06-15,25.5,90.25,Meghalaya,Garo Derengre Landslide,Paikan Road Tura Dalu NH,1,97.52465057373047,188.85842895507812,222.22067260742188,494.72052001953125,1062.780517578125,0.45518493652347247,0.9006000000000001,456.1675109863281,1310.0,324.3319091796875,5.398804127806837,29.770511719549223,5.068353584541543,0.0,43.320011138916016,116.16681671142578,35.4824333190918
2025-11-08,23.25,92.5,Non-Landslide Grid,Non-Landslide Grid,"Grid (23.25, 92.5)",0,0.0,30.907100677490234,52.67000961303711,56.43999481201172,118.2021484375,0.3776931762695423,0.9116,415.3550109863281,1211.0,250.8226318359375,8.165654514477371,29.74318079250643,5.423421745520645,0.0,65.99642944335938,124.5242691040039,36.29525375366211
2023-08-18,26.0,94.0,Non-Landslide Grid,Non-Landslide Grid,"Grid (26.0, 94.0)",0,0.5791938304901123,23.29254722595215,41.347129821777344,213.3813934326172,455.2852783203125,0.48362731933593045,0.9255,363.6197204589844,1218.0,237.57420349121094,6.430369423365052,27.277622540637047,6.292268277714375,0.0,50.72469711303711,123.57196044921875,44.698631286621094
2020-06-19,24.5,92.5,Non-Landslide Grid,Non-Landslide Grid,"Grid (24.5, 92.5)",0,2.1230287551879883,16.65557861328125,89.36344146728516,142.2502899169922,496.717529296875,0.4294891357422049,0.8307,50.25694274902344,307.0,36.682586669921875,1.0936103779500521,13.123697827867113,1.5810928079540425,0.0,8.989489555358887,33.870338439941406,11.444992065429688
2021-02-28,27.5,92.25,Non-Landslide Grid,Non-Landslide Grid,"Grid (27.5, 92.25)",0,0.25698187947273254,0.8156853914260864,0.8156853914260864,0.8156853914260864,0.8156853914260864,0.40423583984380107,0.7028,3127.758056640625,3299.0,874.4467163085938,19.050687617238427,43.15096104064172,7.2741525510584415,6.222222222222222,149.67037963867188,222.37710571289062,41.652652740478516
2021-12-01,26.25,94.5,Non-Landslide Grid,Non-Landslide Grid,"Grid (26.25, 94.5)",0,0.0,0.0,0.0,0.20521360635757446,0.20521360635757446,0.349288940429683,0.8444,989.822509765625,1674.0,315.20281982421875,10.74273685959458,30.503507972756235,4.9305374882720026,0.027777777777777776,83.37834930419922,135.6664276123047,28.81993293762207
2022-04-13,25.25,92.5,Meghalaya,Jaintia Hills,Byndihati-Umtyra_Road_Creep Between Byndihati and Umtyra,1,4.2119927406311035,15.343467712402344,20.91499900817871,66.46891784667969,231.5885467529297,0.4930801391601514,0.7032,819.6777954101562,1530.0,334.9479675292969,8.272812286185768,39.33030515212594,6.5070393989689945,1.0555555555555556,65.47273254394531,169.72897338867188,46.98260498046875
2024-05-28,25.5,91.75,Meghalaya,Rilbong Landslide,Near House Rilbong Beat,1,155.01943969726562,165.55223083496094,184.17752075195312,272.94195556640625,391.7544250488281,0.4650192260742384,0.7050000000000001,1670.7216796875,913.0,153.39508056640625,5.919859729912694,32.03817497959001,5.573524917136624,0.1388888888888889,48.907474517822266,137.64651489257812,39.82622146606445
2024-02-02,24.75,94.5,Non-Landslide Grid,Non-Landslide Grid,"Grid (24.75, 94.5)",0,0.9679964780807495,0.9679964780807495,0.9679964780807495,0.9679964780807495,0.9679964780807495,0.21689605712890137,0.7496,687.2161254882812,1415.0,292.2091369628906,10.978303236969749,27.55470340208291,5.842987960834363,0.0,88.30297088623047,145.00534057617188,37.38021469116211
2025-04-18,24.25,93.5,Non-Landslide Grid,Non-Landslide Grid,"Grid (24.25, 93.5)",0,0.0,4.1263508796691895,19.034603118896484,48.91795349121094,49.14693069458008,0.29008483886739406,0.5566,969.3502807617188,1563.0,260.0469055175781,10.94183110203401,41.25704250195322,6.225412892415463,0.6111111111111112,87.54002380371094,164.14285278320312,40.41925048828125
2023-06-16,23.75,92.75,Mizoram,Aizawl,Hunthar Landslide Western outskirts of Aizawl,1,47.56064987182617,83.16120910644531,129.67678833007812,143.2535858154297,232.1380615234375,0.4062118530273606,0.74,558.530029296875,1301.0,251.22454833984375,11.561747209331001,33.20981307339313,5.7138444190846345,0.25,94.32711791992188,152.0427703857422,34.32426834106445
2024-03-03,26.75,92.5,Non-Landslide Grid,Non-Landslide Grid,"Grid (26.75, 92.5)",0,0.0,0.0,0.0,1.512708067893982,3.2610390186309814,0.15303802490238758,0.4212,92.52972412109375,114.0,19.98409652709961,0.22010429488924538,1.8522543974366188,0.1490519561558735,0.0,1.828725814819336,3.7416574954986572,0.9988700151443481
2024-01-17,27.75,88.25,Non-Landslide Grid,Non-Landslide Grid,"Grid (27.75, 88.25)",0,2.748809814453125,2.748809814453125,2.748809814453125,2.8797054290771484,4.319558620452881,0.300693511962851,0.0554,5411.60888671875,5965.0,825.2498779296875,22.587880344897407,58.60195193055539,12.185762183943721,26.805555555555554,189.22482299804688,384.72686767578125,101.63878631591797
2023-10-10,27.25,88.5,Non-Landslide Grid,Non-Landslide Grid,"Grid (27.25, 88.5)",0,0.0,43.28766632080078,157.5294647216797,221.5604248046875,430.0789794921875,0.4179840087890625,0.8351000000000001,1310.343017578125,2905.0,563.8278198242188,19.43016042352437,44.443769020233006,6.897398642525547,5.361111111111111,150.6671905517578,223.98939514160156,42.2029914855957
2020-06-08,24.75,93.0,Assam,Cachar,SDMA/AS/2020/SONAI1,1,2.852910280227661,11.8728609085083,147.4499053955078,343.9496154785156,403.38201904296875,0.4176330566406086,0.7334,62.61916732788086,690.0,84.31732177734375,1.6367193980536439,30.097787496872282,3.1067266734390007,0.05555555555555555,13.475712776184082,55.42180252075195,22.83565330505371
2020-04-21,26.75,90.75,Non-Landslide Grid,Non-Landslide Grid,"Grid (26.75, 90.75)",0,0.36454978585243225,14.531444549560547,34.85512161254883,37.50641632080078,37.50641632080078,0.32903671264651474,0.6212,397.88916015625,1659.0,368.8592224121094,6.26488665703956,35.0730648698001,8.128569312154193,0.4722222222222222,49.33185577392578,167.44772338867188,61.67043685913086
2024-05-06,24.5,92.5,Non-Landslide Grid,Non-Landslide Grid,"Grid (24.5, 92.5)",0,43.69976806640625,72.6419677734375,177.06417846679688,323.636962890625,480.85498046875,0.4190063476562718,0.8109000000000001,50.25694274902344,307.0,36.682586669921875,1.0936103779500521,13.123697827867113,1.5810928079540425,0.0,8.989489555358887,33.870338439941406,11.444992065429688
2024-09-23,27.75,95.5,Non-Landslide Grid,Non-Landslide Grid,"Grid (27.75, 95.5)",0,0.0,0.0,0.0,34.549015045166016,87.74005126953125,0.35874938964843384,0.3631,126.17500305175781,31.0,4.081249237060547,0.16567559269147536,0.8915546488116844,0.13081076804310063,0.0,1.4987152814865112,3.2015621662139893,0.8597065806388855
2022-09-21,25.5,92.75,Non-Landslide Grid,Non-Landslide Grid,"Grid (25.5, 92.75)",0,0.0,3.253849744796753,6.553394794464111,52.25947952270508,138.97413635253906,0.445770263671846,0.8806,586.2133178710938,856.0,209.28675842285156,4.4531155842589465,21.4801619072271,3.528074163719557,0.0,35.90679168701172,87.60953521728516,24.07171630859375
2023-06-28,24.25,94.25,Non-Landslide Grid,Non-Landslide Grid,"Grid (24.25, 94.25)",0,7.990631580352783,17.33527183532715,41.118995666503906,89.98967742919922,114.64250946044922,0.4487190246582987,0.7843,480.40582275390625,1260.0,290.3222961425781,6.270173512438982,22.01110060871449,4.972308546349556,0.0,50.020259857177734,104.46087646484375,34.80989456176758
2024-07-05,28.0,96.5,Arunachal Pradesh,Anjaw,Mompani Landslide Tezu-Hayuliang road,1,18.481599807739258,26.3792781829834,213.85064697265625,223.24803161621094,231.11444091796875,0.4248199462890645,0.3798,1515.6094970703125,2871.0,651.4829711914062,22.8996228764844,55.03617911554651,8.322263526866594,19.944444444444446,186.27854919433594,270.32135009765625,50.12175750732422
2021-04-13,26.5,94.25,Non-Landslide Grid,Non-Landslide Grid,"Grid (26.5, 94.25)",0,0.0,0.0,0.3670233190059662,20.986299514770508,22.81978416442871,0.3643035888672697,0.6576000000000001,189.35638427734375,810.0,108.3760986328125,2.4571540846781,28.84645973882282,3.593153905716134,0.0,19.35856819152832,70.91165161132812,25.592174530029297
2022-05-15,25.0,92.75,Assam,Cachar,bandarkhal_north_east_1 bandarkhal,1,17.392393112182617,209.87167358398438,389.2757263183594,429.9621276855469,673.3184814453125,0.47242736816394554,0.7506,274.126953125,1465.0,315.2989196777344,7.0296151565544855,32.894933863241256,6.950774825954634,0.05555555555555555,56.27210235595703,144.00457763671875,50.87444305419922
2025-12-19,28.0,94.75,Non-Landslide Grid,Non-Landslide Grid,"Grid (28.0, 94.75)",0,0.0,0.0,0.0,0.0,0.0,0.20741271972652994,0.9038,868.9953002929688,1410.0,281.4892883300781,11.962375729382549,31.314883041830033,5.951567221273456,0.08333333333333334,95.5738525390625,158.34274291992188,36.94168472290039
2024-02-14,25.75,92.25,Non-Landslide Grid,Non-Landslide Grid,"Grid (25.75, 92.25)",0,0.0,0.0,0.0,0.21424055099487305,0.8139481544494629,0.37290573120115683,0.7167,863.1525268554688,623.0,112.7856674194336,4.351224953933891,20.40236602542277,3.2202939845624936,0.0,36.13096618652344,77.72660827636719,21.264589309692383
2025-05-31,27.75,95.75,Non-Landslide Grid,Non-Landslide Grid,"Grid (27.75, 95.75)",0,127.0633544921875,151.15277099609375,158.53158569335938,182.59413146972656,265.40521240234375,0.4863967895506932,0.4948,135.81472778320312,29.0,5.7640509605407715,0.18216602711762214,1.387874253946801,0.14190128771812477,0.0,1.645431399345398,3.4278273582458496,0.9563491344451904
2022-09-06,27.25,94.0,Non-Landslide Grid,Non-Landslide Grid,"Grid (27.25, 94.0)",0,17.70013427734375,77.60494995117188,174.22561645507812,270.96209716796875,456.00286865234375,0.4090194702148571,0.7787000000000001,180.665283203125,1383.0,181.9029998779297,2.438772057464298,32.53731372794104,4.801649722757222,0.16666666666666669,19.482275009155273,96.9761962890625,36.374298095703125
2022-07-17,25.5,94.25,Non-Landslide Grid,Non-Landslide Grid,"Grid (25.5, 94.25)",0,3.31219220161438,3.7026960849761963,3.7026960849761963,41.46393966674805,189.97315979003906,0.44816589355468817,0.8901,1606.2049560546875,1633.0,336.6394348144531,13.072549325862639,31.529268531106975,5.6083756046100355,0.05555555555555555,101.690673828125,155.21470642089844,33.152103424072266
2022-05-15,25.0,93.0,Assam,Cachar,saisi_w1 saisi,1,25.542255401611328,166.13734436035156,303.17938232421875,348.6574401855469,537.8242797851562,0.418289184570331,0.792,384.5722351074219,1608.0,385.2471923828125,8.070900757120183,30.662939686285355,7.316109477494315,0.027777777777777776,64.66639709472656,154.00979614257812,53.41328811645508
2025-04-28,28.0,93.5,Arunachal Pradesh,Kurung Kumey,Parsi Landslide,1,0.0,7.481928825378418,39.26655197143555,49.22544479370117,68.50131225585938,0.42344665527344105,0.7209,1484.33642578125,2599.0,493.2527160644531,19.551023521149574,43.518193096968105,7.1927422143998125,7.638888888888889,155.8037567138672,234.24903869628906,41.94073486328125
2024-09-22,26.75,93.0,Non-Landslide Grid,Non-Landslide Grid,"Grid (26.75, 93.0)",0,0.0,0.0,0.0,34.529296875,101.89846801757812,0.3268432617187859,0.7919,76.99722290039062,54.0,7.969385147094727,0.20260103374914112,1.2051084865701036,0.15606920765892474,0.0,1.8137434720993042,4.183300018310547,1.0959464311599731
2021-10-27,25.25,90.75,Non-Landslide Grid,Non-Landslide Grid,"Grid (25.25, 90.75)",0,0.0,0.0,70.40081024169922,146.98330688476562,333.2822265625,0.41264343261719627,0.8706,220.2130584716797,990.0,198.9566192626953,5.50720102468387,27.625152906350095,4.717735264599902,0.0,45.642330169677734,112.03004455566406,33.80620574951172
2021-01-26,28.25,93.25,Non-Landslide Grid,Non-Landslide Grid,"Grid (28.25, 93.25)",0,0.0,0.0,0.8592236638069153,2.8258018493652344,2.8258018493652344,0.35849380493171407,0.7609,2945.052490234375,3942.0,891.7428588867188,21.465205685596576,50.21517958542878,7.566412678581054,13.63888888888889,167.19906616210938,251.53726196289062,47.7122917175293
2025-04-02,28.75,94.75,Arunachal Pradesh,Upper Siang,Mosing Hotel under Megging Circle,1,7.228478908538818,16.068819046020508,28.882104873657227,98.93463134765625,155.82693481445312,0.4283599853515623,0.8066,1346.776611328125,2496.0,500.8155822753906,21.126720099482604,42.692614624157635,7.449301184118711,10.222222222222223,167.07745361328125,231.20486450195312,38.11601638793945
2023-07-31,27.5,93.25,Non-Landslide Grid,Non-Landslide Grid,"Grid (27.5, 93.25)",0,0.0,46.257686614990234,110.53633880615234,175.32875061035156,356.6239929199219,0.42999267578125,0.2745,2373.901611328125,2802.0,603.5896606445312,15.755754633535505,34.93131460056094,6.817503951978566,1.4166666666666665,124.83736419677734,198.52069091796875,43.855751037597656
2020-04-14,24.75,94.0,Non-Landslide Grid,Non-Landslide Grid,"Grid (24.75, 94.0)",0,0.0,0.0,1.7139655351638794,4.609591960906982,18.801422119140625,0.25769805908204046,0.4195,825.2747192382812,715.0,86.79336547851562,2.826579707596773,24.518171520500573,3.987665973213985,0.0,23.277711868286133,84.06521606445312,29.67618179321289
2022-06-26,27.25,94.75,Non-Landslide Grid,Non-Landslide Grid,"Grid (27.25, 94.75)",0,12.129592895507812,40.68317794799805,95.271484375,214.0054473876953,403.2642822265625,0.4747657775878459,0.6295000000000001,98.56222534179688,20.0,3.0542349815368652,0.1346666252805236,0.7194751504933604,0.08796323190569202,0.0,1.2764827013015747,2.345207929611206,0.5854437351226807
2024-05-26,27.25,95.75,Assam,Tikok,Landslide Situated between Bargolai and Namdang under the Tikok colliery in Ledo,1,0.0,0.0,25.68860626220703,53.64520263671875,261.6846618652344,0.4604110717773582,0.6571,402.3658447265625,1416.0,295.2882995605469,7.01128463465975,28.806016082308474,6.958265903993761,0.0,55.06111145019531,146.06954956054688,49.84526443481445
2021-10-25,25.0,94.5,Non-Landslide Grid,Non-Landslide Grid,"Grid (25.0, 94.5)",0,0.0,0.0,38.365325927734375,40.90818786621094,95.74787902832031,0.3173522949219247,0.8390000000000001,1378.5263671875,2180.0,438.4300842285156,14.554947883626378,35.765322037924,5.378780229956303,0.19444444444444445,114.65390014648438,162.11016845703125,28.52706527709961
2025-05-30,25.5,91.75,Meghalaya,East Khasi Hills,Mylliem Landslide 13,1,140.50730895996094,148.46109008789062,196.48526000976562,387.7179260253906,528.7616577148438,0.5165710449218512,0.8818,1670.7216796875,913.0,153.39508056640625,5.919859729912694,32.03817497959001,5.573524917136624,0.1388888888888889,48.907474517822266,137.64651489257812,39.82622146606445
2021-08-29,29.0,96.0,Non-Landslide Grid,Non-Landslide Grid,"Grid (29.0, 96.0)",0,68.87977600097656,115.36612701416016,161.276123046875,243.97665405273438,294.5712585449219,0.42521667480468883,0.619,3238.937744140625,3112.0,664.682373046875,24.70703779221241,51.511660889015396,9.342224607226497,28.944444444444446,198.64381408691406,308.54248046875,59.09025192260742
2023-01-31,22.75,92.5,Non-Landslide Grid,Non-Landslide Grid,"Grid (22.75, 92.5)",0,0.0,0.0,0.0,0.0,0.0,0.13152313232421686,0.7546,154.17056274414062,613.0,108.34761047363281,4.160890702588159,22.818560370591143,3.9160354124603094,0.0,34.68327331542969,87.66633605957031,27.292755126953125
2023-03-30,27.75,95.5,Non-Landslide Grid,Non-Landslide Grid,"Grid (27.75, 95.5)",0,1.5448471307754517,18.681917190551758,28.712190628051758,101.30574798583984,109.84397888183594,0.44293975830081483,0.2029,126.17500305175781,31.0,4.081249237060547,0.16567559269147536,0.8915546488116844,0.13081076804310063,0.0,1.4987152814865112,3.2015621662139893,0.8597065806388855
2023-06-04,25.5,90.75,Non-Landslide Grid,Non-Landslide Grid,"Grid (25.5, 90.75)",0,0.0,0.899789571762085,29.670034408569336,75.59392547607422,146.6722412109375,0.4405822753905905,0.8696,390.7541809082031,869.0,137.77670288085938,4.502417572893615,24.515239572592176,3.4412196162224515,0.0,36.87894058227539,86.07024383544922,23.63579559326172
2021-05-25,27.25,92.5,Arunachal Pradesh,West Kameng,80.3-km between Nechiphu and Saddle,1,0.22296783328056335,15.729789733886719,66.7723388671875,211.23153686523438,272.18280029296875,0.45826721191405784,0.5298,1794.7828369140625,2906.0,505.7755126953125,17.855747137024938,38.0996504030799,6.6024004892937915,2.666666666666667,142.90359497070312,204.2445526123047,35.54497146606445
2025-03-31,24.5,92.75,Assam,Cachar,Rajgobinadapur in Dholai block,1,0.0,0.0,0.0,12.417133331298828,27.65382194519043,0.23501586914065037,0.5237,85.600830078125,428.0,57.432464599609375,2.1428599104598,15.824363758441448,2.1098312057553605,0.0,18.043832778930664,48.597068786621094,14.894207954406738
2023-06-23,27.0,93.75,Arunachal Pradesh,Papum pare,"Puroik Landslide Puroik Colony, Papu Nalah",1,16.014650344848633,64.4078598022461,197.96881103515625,370.5803527832031,464.2953186035156,0.42031860351571926,0.6665,141.790283203125,561.0,89.47208404541016,1.5707203689471758,18.980671243667295,2.58089755269254,0.0,12.962088584899902,56.661376953125,19.76386070251465
2022-06-10,28.0,94.0,Non-Landslide Grid,Non-Landslide Grid,"Grid (28.0, 94.0)",0,33.07447814941406,74.15664672851562,115.632568359375,131.95816040039062,441.34765625,0.4270629882812545,0.7714000000000001,1514.4849853515625,2504.0,506.3511962890625,18.232457640141085,41.1153354340168,6.7911660542412475,4.888888888888889,145.129150390625,220.32748413085938,40.34345245361328
2025-07-20,25.0,93.25,Non-Landslide Grid,Non-Landslide Grid,"Grid (25.0, 93.25)",0,5.873974800109863,35.066402435302734,61.53325271606445,120.50823974609375,401.6477966308594,0.412414550781287,0.8464,388.9544372558594,1577.0,313.54296875,8.403385222002298,40.00247247916611,6.875988133093646,0.5833333333333334,66.5434341430664,151.4106903076172,48.10566329956055
2024-05-06,27.5,96.5,Non-Landslide Grid,Non-Landslide Grid,"Grid (27.5, 96.5)",0,8.366134643554688,8.692652702331543,142.0072784423828,436.66845703125,538.8890380859375,0.4745178222657426,0.5760000000000001,1077.08056640625,2976.0,465.3326721191406,12.640977201658412,38.92595716757484,7.13953799670703,2.3333333333333335,98.56029510498047,199.70248413085938,50.579246520996094
2024-08-07,25.75,91.5,Non-Landslide Grid,Non-Landslide Grid,"Grid (25.75, 91.5)",0,0.715365469455719,50.337833404541016,117.93238830566406,169.29232788085938,399.8077392578125,0.42865753173826127,0.7542,779.7244262695312,1638.0,415.8423767089844,7.1503030250726765,28.164772992194298,5.2331850390914925,0.0,58.803531646728516,130.19166564941406,34.42717742919922
2022-08-04,26.25,92.0,Non-Landslide Grid,Non-Landslide Grid,"Grid (26.25, 92.0)",0,0.5605450868606567,0.9239469170570374,36.83432388305664,106.12957763671875,218.66262817382812,0.44998168945318706,0.81,81.80860900878906,487.0,71.23992919921875,1.4984263825570932,19.891675655384233,2.8474638150595473,0.0,12.53154182434082,62.08441162109375,21.3975887298584
2023-10-01,27.5,94.75,Non-Landslide Grid,Non-Landslide Grid,"Grid (27.5, 94.75)",0,0.0074200755916535854,0.0074200755916535854,4.357294082641602,176.08958435058594,193.9382781982422,0.40979003906262884,0.3847,104.59388732910156,38.0,5.581822395324707,0.1302345706068359,1.1555514767930655,0.1032864828524461,0.0,1.1642005443572998,2.423840045928955,0.6909770369529724
2024-08-14,25.75,90.5,Non-Landslide Grid,Non-Landslide Grid,"Grid (25.75, 90.5)",0,4.563761234283447,11.406782150268555,69.25080108642578,250.86862182617188,334.20538330078125,0.45911407470701704,0.8825000000000001,260.7177734375,657.0,128.99688720703125,3.405875858872556,18.423070514625486,2.6238666516202267,0.0,28.151630401611328,62.91084289550781,17.59585189819336
2023-11-27,26.25,91.25,Non-Landslide Grid,Non-Landslide Grid,"Grid (26.25, 91.25)",0,0.0,0.0,0.0,0.1506461203098297,0.1506461203098297,0.15727233886728686,0.3529,43.34416580200195,16.0,2.651759386062622,0.16081507652210617,0.6634656327679558,0.11576489876118994,0.0,1.5457813739776611,3.020761489868164,0.7950392961502075
2025-07-10,23.25,92.5,Non-Landslide Grid,Non-Landslide Grid,"Grid (23.25, 92.5)",0,12.351893424987793,86.44223022460938,105.79566955566406,234.77224731445312,442.72930908203125,0.42159271240234975,0.9039,415.3550109863281,1211.0,250.8226318359375,8.165654514477371,29.74318079250643,5.423421745520645,0.0,65.99642944335938,124.5242691040039,36.29525375366211
2020-04-25,27.0,94.75,Non-Landslide Grid,Non-Landslide Grid,"Grid (27.0, 94.75)",0,5.56575870513916,18.656352996826172,74.46073150634766,76.39582824707031,100.19926452636719,0.44651031494137927,0.5383,97.49222564697266,242.0,8.532743453979492,0.22257384310659808,13.43503472197707,0.5166710304381316,0.0,2.0250585079193115,3.3726844787597656,3.8105945587158203
2024-09-27,26.5,91.75,Non-Landslide Grid,Non-Landslide Grid,"Grid (26.5, 91.75)",0,12.083714485168457,26.096908569335938,26.096908569335938,26.239978790283203,79.77384948730469,0.4886627197265515,0.8653000000000001,62.77527618408203,27.0,5.656883716583252,0.155229743002666,0.5826327978107191,0.08573889757010468,0.0,1.5102808475494385,2.5,0.5472370982170105
2024-06-15,25.5,90.25,Meghalaya,Garo Matchurigre Landslide,Tura 4 Road Williamnagar SH,1,97.52465057373047,188.85842895507812,222.22067260742188,494.72052001953125,1062.780517578125,0.45518493652347247,0.9006000000000001,456.1675109863281,1310.0,324.3319091796875,5.398804127806837,29.770511719549223,5.068353584541543,0.0,43.320011138916016,116.16681671142578,35.4824333190918
2022-06-07,29.0,96.0,Non-Landslide Grid,Non-Landslide Grid,"Grid (29.0, 96.0)",0,6.1307291984558105,37.228755950927734,120.40586853027344,211.91079711914062,328.34661865234375,0.4291076660156197,0.8522000000000001,3238.937744140625,3112.0,664.682373046875,24.70703779221241,51.511660889015396,9.342224607226497,28.944444444444446,198.64381408691406,308.54248046875,59.09025192260742
2021-04-26,23.75,92.0,Non-Landslide Grid,Non-Landslide Grid,"Grid (23.75, 92.0)",0,0.0,0.0,16.44280433654785,27.75395965576172,66.91411590576172,0.1839370727538956,0.6421,170.00083923339844,357.0,57.49930191040039,2.5374253798396653,17.30229144499008,2.18833912838166,0.0,21.320125579833984,51.54880905151367,15.2173433303833
2021-03-23,28.5,95.5,Non-Landslide Grid,Non-Landslide Grid,"Grid (28.5, 95.5)",0,0.0,50.26125717163086,50.26125717163086,58.81137466430664,140.91412353515625,0.4151763916015111,0.7981,2188.5263671875,3279.0,639.93310546875,21.3150950294866,44.5208106771956,7.267110190399066,10.75,171.0926055908203,238.39173889160156,38.476749420166016
2023-11-21,27.5,88.25,Non-Landslide Grid,Non-Landslide Grid,"Grid (27.5, 88.25)",0,0.0,0.0,0.0,2.752828359603882,28.52259063720703,0.36160278320311123,0.2241,3683.10888671875,5499.0,1083.44580078125,24.01288268171491,52.81197458307307,8.90401633532975,24.11111111111111,192.6732635498047,312.0833435058594,62.59223556518555
2025-04-09,28.0,93.5,Non-Landslide Grid,Non-Landslide Grid,"Grid (28.0, 93.5)",0,0.0,0.0,9.315177917480469,21.044597625732422,50.55356216430664,0.3828430175781285,0.7209,1484.33642578125,2599.0,493.2527160644531,19.551023521149574,43.518193096968105,7.1927422143998125,7.638888888888889,155.8037567138672,234.24903869628906,41.94073486328125
2023-03-26,27.5,88.5,Sikkim,Gangtok,Sokpay Landslide Sokpay Village,1,0.10027306526899338,36.996822357177734,98.72029113769531,173.2476043701172,257.5762634277344,0.42747497558593706,0.7636000000000001,2168.81982421875,3697.0,796.494384765625,23.632660743125502,49.23240538360047,7.919056484581935,20.916666666666668,188.52566528320312,282.9498291015625,52.20234680175781
2021-06-01,26.25,90.5,Non-Landslide Grid,Non-Landslide Grid,"Grid (26.25, 90.5)",0,56.917510986328125,101.69625854492188,146.54124450683594,191.74331665039062,300.5675354003906,0.4453887939452773,0.4642,48.86888885498047,420.0,41.738399505615234,1.109574574143597,22.476644030121314,2.718231100002853,0.0,9.38329792022705,59.14864730834961,20.585315704345703
2023-03-19,22.5,93.0,Non-Landslide Grid,Non-Landslide Grid,"Grid (22.5, 93.0)",0,0.27266180515289307,0.27266180515289307,0.27266180515289307,0.27266180515289307,0.27266180515289307,0.14913940429688957,0.6179,878.2855834960938,1778.0,377.2521057128906,14.638061184349539,36.38334612643967,5.925709104680568,0.4444444444444444,117.57864379882812,173.31338500976562,32.15381622314453
2021-09-30,24.0,92.25,Non-Landslide Grid,Non-Landslide Grid,"Grid (24.0, 92.25)",0,4.385412693023682,37.87947082519531,47.83000183105469,134.18563842773438,329.4665832519531,0.4009399414062488,0.8981,179.16360473632812,730.0,141.9304656982422,4.1304345365304584,21.81166598581612,4.911130345915189,0.0,32.45446014404297,108.56443786621094,33.974525451660156
2020-09-03,27.25,93.5,Non-Landslide Grid,Non-Landslide Grid,"Grid (27.25, 93.5)",0,10.224859237670898,10.422061920166016,53.76850891113281,73.29231262207031,337.2454528808594,0.45159149169919116,0.8273,1506.97412109375,2357.0,400.4650573730469,13.490002771301448,35.73032569319689,5.876769363504501,0.3888888888888889,106.12234497070312,172.48289489746094,35.388729095458984
2021-04-03,28.0,93.25,Non-Landslide Grid,Non-Landslide Grid,"Grid (28.0, 93.25)",0,3.3410544395446777,25.197439193725586,33.00605773925781,58.354068756103516,103.78434753417969,0.4285278320312433,0.7446,1965.9844970703125,3492.0,621.1699829101562,19.39743554027697,42.119196939304246,7.237502995633268,6.861111111111111,153.54193115234375,228.49781799316406,42.730045318603516
2021-10-08,26.5,93.5,Non-Landslide Grid,Non-Landslide Grid,"Grid (26.5, 93.5)",0,6.9762420654296875,7.750037670135498,15.187570571899414,94.39879608154297,158.0498809814453,0.4811706542968714,0.9021,360.2744445800781,783.0,185.83135986328125,5.735065078245441,23.76211334867683,4.362436401030866,0.0,48.01420974731445,101.02499389648438,30.54395294189453
2021-09-30,23.5,93.0,Non-Landslide Grid,Non-Landslide Grid,"Grid (23.5, 93.0)",0,4.1819915771484375,19.754539489746094,22.808738708496094,86.52639770507812,257.098388671875,0.40652465820313327,0.8994000000000001,917.0947265625,1478.0,266.5793762207031,11.932203600254475,33.52099955760416,5.647143886886906,0.19444444444444445,95.97232818603516,153.7880401611328,32.74060821533203
2022-04-13,25.0,92.5,Meghalaya,Jaintia Hills,Ratacherra_1 near ratacherra,1,4.538765907287598,24.118656158447266,29.584789276123047,67.30561065673828,218.27015686035156,0.4836120605468127,0.6105,204.9633331298828,1224.0,275.96075439453125,5.487831143215172,34.94692623136583,7.116754878189429,0.4166666666666667,44.536964416503906,142.9350128173828,54.15533447265625
2023-06-30,26.5,93.75,Non-Landslide Grid,Non-Landslide Grid,"Grid (26.5, 93.75)",0,0.0,7.78595495223999,81.31300354003906,222.69093322753906,345.36309814453125,0.47006988525388066,0.7002,198.44972229003906,871.0,170.5171356201172,2.833090595938026,23.320525903760775,4.231543302082891,0.0,23.3657283782959,95.2550048828125,31.480823516845703
2021-11-08,25.25,92.75,Non-Landslide Grid,Non-Landslide Grid,"Grid (25.25, 92.75)",0,0.0,0.0,0.0,0.0,125.71464538574219,0.32945251464833153,0.7758,1091.2467041015625,1373.0,231.5597381591797,7.584705907355589,34.43482800660637,4.5059173844757305,0.1111111111111111,60.79730224609375,117.44474792480469,29.72018051147461
2020-09-19,25.75,93.75,Nagaland,Dimapur,Patkai Bridge to Kukidolong road stretch,1,10.6332368850708,45.92242431640625,66.92923736572266,91.24835205078125,155.73983764648438,0.47165679931639914,0.8525,323.7869567871094,1453.0,169.9934844970703,3.137159307419787,28.946238016299887,3.842826353315334,0.0,25.070592880249023,84.23445892333984,28.07028579711914
2020-03-26,28.25,93.75,Non-Landslide Grid,Non-Landslide Grid,"Grid (28.25, 93.75)",0,0.0,0.31597134470939636,3.6529345512390137,10.712717056274414,43.53734588623047,0.3994598388671792,0.0873,2163.187744140625,3233.0,651.02685546875,21.59219516730122,43.9618607568965,7.902084776124613,14.63888888888889,170.12351989746094,251.8534393310547,47.64670944213867
2020-09-08,27.25,88.5,Sikkim,East Sikkim,20 Mile Bardun,1,65.3880386352539,152.53646850585938,209.45867919921875,277.1556396484375,499.0437316894531,0.4185791015625025,0.8756,1310.343017578125,2905.0,563.8278198242188,19.43016042352437,44.443769020233006,6.897398642525547,5.361111111111111,150.6671905517578,223.98939514160156,42.2029914855957
2021-05-07,27.25,95.0,Non-Landslide Grid,Non-Landslide Grid,"Grid (27.25, 95.0)",0,0.0,2.5072994232177734,11.929397583007812,16.831918716430664,39.220027923583984,0.3774948120115491,0.4991,107.17361450195312,22.0,3.198284864425659,0.14811800158896898,1.2012776803268783,0.10636012214405419,0.0,1.4256782531738281,2.716840982437134,0.7237850427627563
2022-08-06,27.0,95.25,Non-Landslide Grid,Non-Landslide Grid,"Grid (27.0, 95.25)",0,21.01941680908203,51.85372543334961,91.11067199707031,321.4610290527344,581.8140258789062,0.4412918090819795,0.9321,360.5635986328125,1241.0,234.73947143554688,6.347254151889837,26.816205826252787,5.681313410802673,0.0,50.52357482910156,118.57117462158203,39.50800323486328
2025-02-27,25.25,91.0,Non-Landslide Grid,Non-Landslide Grid,"Grid (25.25, 91.0)",0,0.0,0.0,1.4034870862960815,1.870375156402588,1.870375156402588,0.30109405517577953,0.7130000000000001,280.16278076171875,898.0,198.5218505859375,4.844563823705283,27.030050112309205,4.273744423013633,0.0,38.694488525390625,96.8629150390625,30.590980529785156
2022-05-09,28.0,92.75,Non-Landslide Grid,Non-Landslide Grid,"Grid (28.0, 92.75)",0,0.12090963125228882,0.12090963125228882,39.77455520629883,57.558746337890625,138.51791381835938,0.40651702880861873,-0.0155,4814.02685546875,3975.0,845.1657104492188,21.301964424701307,48.84623300066791,8.704132388893726,17.11111111111111,170.64649963378906,271.9714660644531,58.69367599487305
2024-03-01,27.75,96.25,Non-Landslide Grid,Non-Landslide Grid,"Grid (27.75, 96.25)",0,1.4666956663131714,2.2000434398651123,12.518814086914062,100.78955078125,156.77288818359375,0.4157981872558858,0.6157,378.3680419921875,1771.0,262.791259765625,3.628177258111446,34.886002428398726,6.243721849866636,0.3055555555555556,26.976634979248047,144.90283203125,45.608177185058594
2023-01-29,27.5,95.75,Non-Landslide Grid,Non-Landslide Grid,"Grid (27.5, 95.75)",0,0.0,0.0,0.0,1.789552927017212,2.0494866371154785,0.27757263183597314,0.6763,151.99278259277344,66.0,10.139687538146973,0.31555418138542196,2.175448807631715,0.2892683228217101,0.0,2.699601173400879,7.017834186553955,2.002333879470825
2024-11-28,23.75,91.25,Non-Landslide Grid,Non-Landslide Grid,"Grid (23.75, 91.25)",0,0.0,0.0,0.5152009129524231,0.5152009129524231,14.79687213897705,0.23999023437509193,0.7329,23.766387939453125,59.0,13.46341323852539,0.4302527577187911,1.8056700515620043,0.29529171826594747,0.0,3.6828250885009766,7.228847980499268,1.9596259593963623
2024-04-29,23.5,93.0,Non-Landslide Grid,Non-Landslide Grid,"Grid (23.5, 93.0)",0,11.43012809753418,19.100709915161133,19.454360961914062,69.2457275390625,83.55480194091797,0.14138793945321132,0.7052,917.0947265625,1478.0,266.5793762207031,11.932203600254475,33.52099955760416,5.647143886886906,0.19444444444444445,95.97232818603516,153.7880401611328,32.74060821533203
2023-07-17,28.5,95.25,Non-Landslide Grid,Non-Landslide Grid,"Grid (28.5, 95.25)",0,28.14509391784668,65.86146545410156,319.1194152832031,579.9603271484375,875.6400756835938,0.4150772094726537,0.8783000000000001,1671.7244873046875,3230.0,620.3593139648438,19.416689761111233,43.71046327924893,7.450770780259989,8.083333333333332,152.13458251953125,233.89942932128906,47.15129470825195
2020-07-17,23.75,92.75,Mizoram,Aizawl,Vaivakawn_2,1,1.3448593616485596,18.825794219970703,82.61001586914062,160.86929321289062,222.14578247070312,0.39831924438477984,0.37,558.530029296875,1301.0,251.22454833984375,11.561747209331001,33.20981307339313,5.7138444190846345,0.25,94.32711791992188,152.0427703857422,34.32426834106445
2020-06-01,24.75,94.0,Non-Landslide Grid,Non-Landslide Grid,"Grid (24.75, 94.0)",0,1.6383237838745117,9.34024429321289,61.86936950683594,94.57142639160156,134.2464599609375,0.46994781494142673,0.5827,825.2747192382812,715.0,86.79336547851562,2.826579707596773,24.518171520500573,3.987665973213985,0.0,23.277711868286133,84.06521606445312,29.67618179321289
2020-06-05,27.25,93.5,Non-Landslide Grid,Non-Landslide Grid,"Grid (27.25, 93.5)",0,30.37628173828125,93.21880340576172,174.71792602539062,428.44512939453125,584.7717895507812,0.4739913940428776,0.7214,1506.97412109375,2357.0,400.4650573730469,13.490002771301448,35.73032569319689,5.876769363504501,0.3888888888888889,106.12234497070312,172.48289489746094,35.388729095458984
2024-06-15,25.5,90.25,Meghalaya,Garo Rongbretgre Landslide,Paikan 3 Road Tura Dalu NH,1,97.52465057373047,188.85842895507812,222.22067260742188,494.72052001953125,1062.780517578125,0.45518493652347247,0.9006000000000001,456.1675109863281,1310.0,324.3319091796875,5.398804127806837,29.770511719549223,5.068353584541543,0.0,43.320011138916016,116.16681671142578,35.4824333190918
2023-10-03,27.0,94.25,Non-Landslide Grid,Non-Landslide Grid,"Grid (27.0, 94.25)",0,7.770684242248535,16.241853713989258,16.91373062133789,105.28894805908203,150.96531677246094,0.4596557617187301,0.766,86.0183334350586,14.0,2.3724570274353027,0.15339693133018162,0.7595510239630698,0.09990164677995549,0.0,1.5030637979507446,2.7613401412963867,0.6967684626579285
2021-02-19,25.0,93.0,Non-Landslide Grid,Non-Landslide Grid,"Grid (25.0, 93.0)",0,0.0,0.0,0.0,0.0,7.996086597442627,0.14750671386724387,0.8075,384.5722351074219,1608.0,385.2471923828125,8.070900757120183,30.662939686285355,7.316109477494315,0.027777777777777776,64.66639709472656,154.00979614257812,53.41328811645508
2025-04-18,28.0,93.0,Non-Landslide Grid,Non-Landslide Grid,"Grid (28.0, 93.0)",0,0.0,2.9231672286987305,3.0725033283233643,15.06219482421875,31.086933135986328,0.4181518554687441,0.7745000000000001,3162.72998046875,4088.0,893.5396728515625,19.99907276832525,47.08631367181521,8.671537903877596,13.444444444444445,159.58934020996094,260.4654235839844,60.073890686035156
2020-05-01,27.5,93.25,Non-Landslide Grid,Non-Landslide Grid,"Grid (27.5, 93.25)",0,0.31368541717529297,2.080571174621582,6.441929340362549,69.6392822265625,82.21504974365234,0.42407989501953125,0.637,2373.901611328125,2802.0,603.5896606445312,15.755754633535505,34.93131460056094,6.817503951978566,1.4166666666666665,124.83736419677734,198.52069091796875,43.855751037597656
2024-07-09,26.25,91.5,Non-Landslide Grid,Non-Landslide Grid,"Grid (26.25, 91.5)",0,14.883322715759277,15.992878913879395,95.99137878417969,188.38772583007812,440.8458251953125,0.4932632446288935,0.7168,49.0,112.0,6.012625694274902,0.25657268346405543,6.737422493902714,0.5506100171753268,0.0,2.3954670429229736,5.88430118560791,4.540053844451904
2024-10-01,24.75,93.5,Manipur,AwangkhulRa ngkhung Landslide Landslide,Between and Langkhong Name Location Awangkhul NH/SH Affected,1,11.963308334350586,12.38198184967041,82.51346588134766,104.33731842041016,188.56130981445312,0.42899322509766225,0.9113,656.288330078125,1534.0,273.30828857421875,13.92695372753795,35.9465555765086,6.308069798004876,0.7777777777777778,110.30641174316406,178.22549438476562,37.871456146240234
2025-02-24,27.25,94.75,Non-Landslide Grid,Non-Landslide Grid,"Grid (27.25, 94.75)",0,0.0,4.081864833831787,6.980473518371582,42.39781951904297,50.94208526611328,0.40549850463870135,0.5191,98.56222534179688,20.0,3.0542349815368652,0.1346666252805236,0.7194751504933604,0.08796323190569202,0.0,1.2764827013015747,2.345207929611206,0.5854437351226807
2025-09-10,28.5,95.0,Non-Landslide Grid,Non-Landslide Grid,"Grid (28.5, 95.0)",0,2.7670154571533203,15.035874366760254,29.008289337158203,137.46490478515625,283.6053771972656,0.4115905761719048,0.9361,1234.52197265625,2357.0,553.1590576171875,18.97321622403712,39.05771946505936,7.2058900485037585,5.611111111111111,149.1695556640625,215.672607421875,41.325218200683594
2023-07-10,25.25,92.25,Non-Landslide Grid,Non-Landslide Grid,"Grid (25.25, 92.25)",0,7.725399971008301,12.7587308883667,36.346656799316406,135.86729431152344,498.4304504394531,0.4846343994140526,0.8005,776.0238647460938,1322.0,357.3675231933594,5.895885341126151,25.47091491614314,4.7990301285115855,0.0,47.91184997558594,115.95841217041016,34.28144836425781
2022-03-25,26.5,94.0,Non-Landslide Grid,Non-Landslide Grid,"Grid (26.5, 94.0)",0,4.041821002960205,4.969408988952637,4.969408988952637,4.969408988952637,10.125082015991211,0.37188720703113526,0.4618,99.54611206054688,41.0,6.083729267120361,0.206291623045438,1.4451307569681917,0.16176084901716478,0.0,1.8473849296569824,3.8078866004943848,1.0516762733459473
2025-08-22,28.25,95.5,Non-Landslide Grid,Non-Landslide Grid,"Grid (28.25, 95.5)",0,25.133567810058594,58.36257553100586,70.33536529541016,221.20785522460938,567.7430419921875,0.4349746704101383,0.4655,892.1255493164062,2771.0,592.14453125,13.33587761862261,42.291176610644136,10.68142455888192,7.194444444444445,107.26727294921875,232.85174560546875,80.64944458007812
2025-04-16,28.75,94.0,Non-Landslide Grid,Non-Landslide Grid,"Grid (28.75, 94.0)",0,1.9080491065979004,4.174074172973633,28.490299224853516,137.98765563964844,277.44708251953125,0.4192428588866958,0.0161,3577.3251953125,2976.0,665.001953125,19.414225352620836,43.62889412441403,7.739202902579202,9.25,154.01666259765625,233.36834716796875,45.09198760986328
2020-05-22,23.75,92.5,Non-Landslide Grid,Non-Landslide Grid,"Grid (23.75, 92.5)",0,11.926610946655273,32.06391143798828,32.28284454345703,42.21174621582031,91.7956314086914,0.36198425292966097,0.7532,477.3505554199219,1328.0,247.27923583984375,10.225213365085207,34.318110270825265,5.874038883679884,0.19444444444444445,81.82584381103516,143.7501983642578,37.42457580566406
2021-07-06,25.75,91.5,Non-Landslide Grid,Non-Landslide Grid,"Grid (25.75, 91.5)",0,5.492236614227295,49.14326858520508,116.67781066894531,181.70643615722656,255.02056884765625,0.4707107543944934,0.7201000000000001,779.7244262695312,1638.0,415.8423767089844,7.1503030250726765,28.164772992194298,5.2331850390914925,0.0,58.803531646728516,130.19166564941406,34.42717742919922
2025-02-16,27.75,95.25,Non-Landslide Grid,Non-Landslide Grid,"Grid (27.75, 95.25)",0,0.0,11.922607421875,49.044429779052734,49.19289779663086,55.80925369262695,0.4540748596191466,0.3776,125.48472595214844,291.0,27.575366973876953,0.34078742448928545,10.445190427141654,0.9687570359525315,0.0,2.876985788345337,6.0,7.575013637542725
2024-12-04,25.5,94.0,Non-Landslide Grid,Non-Landslide Grid,"Grid (25.5, 94.0)",0,0.0,0.0,1.4981087446212769,18.34099006652832,20.825639724731445,0.31887817382841493,0.7675000000000001,1779.1180419921875,2283.0,519.9027099609375,15.449684050655147,43.88097592543788,7.42973910462332,3.361111111111111,122.66064453125,211.4700469970703,49.36199188232422
2022-10-18,25.75,95.0,Non-Landslide Grid,Non-Landslide Grid,"Grid (25.75, 95.0)",0,5.598834037780762,5.598834037780762,10.55606460571289,57.233829498291016,202.3113250732422,0.44205474853538923,0.8724000000000001,2020.5455322265625,3087.0,537.7276000976562,18.753234031214408,39.29192585682716,6.476647085143816,3.75,146.69252014160156,212.79164123535156,37.31854248046875
2020-11-03,23.75,91.5,Non-Landslide Grid,Non-Landslide Grid,"Grid (23.75, 91.5)",0,0.1359637826681137,9.45314884185791,27.531017303466797,157.8368377685547,209.45162963867188,0.4419860839842865,0.863,80.13249969482422,216.0,39.730262756347656,1.0524201581852122,9.504236888385735,1.0460411323828493,0.0,8.788656234741211,23.749982833862305,7.339593887329102
2021-06-06,25.25,93.75,Manipur,Senapati,Between Tujang Waichong and Selsi,1,0.38010746240615845,2.307795286178589,13.459959983825684,25.678638458251953,60.89991760253906,0.41532516479492787,0.7547,1232.69970703125,2240.0,469.18341064453125,14.479139277717076,44.38378731007046,7.1232052951327365,2.4166666666666665,113.90241241455078,199.898193359375,46.743064880371094
2022-05-18,27.75,92.75,Non-Landslide Grid,Non-Landslide Grid,"Grid (27.75, 92.75)",0,18.381183624267578,85.22932434082031,212.7009735107422,246.68426513671875,311.4090270996094,0.4289093017578137,0.0491,2777.78857421875,4468.0,873.0940551757812,20.95534962571717,46.83326311687205,7.829214708175818,11.777777777777777,166.9709930419922,250.79298400878906,48.583499908447266
2024-10-10,26.25,92.75,Non-Landslide Grid,Non-Landslide Grid,"Grid (26.25, 92.75)",0,12.764213562011719,26.591609954833984,82.13029479980469,175.9244384765625,207.54696655273438,0.4836311340332023,0.8054,134.39443969726562,739.0,152.9081268310547,2.03556003100252,24.481392636733343,4.03503936010858,0.0,16.41988754272461,94.49658966064453,30.449844360351562
2024-01-11,25.75,91.25,Non-Landslide Grid,Non-Landslide Grid,"Grid (25.75, 91.25)",0,0.0,0.0,0.0,0.0,2.6207149028778076,0.3803291320800715,0.797,792.6266479492188,1677.0,434.1313781738281,6.670281381604456,25.678172357585424,4.56527595296834,0.0,53.652339935302734,111.09485626220703,29.337688446044922
2024-01-28,25.5,92.5,Non-Landslide Grid,Non-Landslide Grid,"Grid (25.5, 92.5)",0,1.3414926528930664,1.3414926528930664,1.3414926528930664,1.3414926528930664,1.3414926528930664,0.3366851806641189,0.7668,969.8897094726562,683.0,158.5126953125,3.1441726540432247,14.250806381451117,2.194718806802864,0.0,26.396629333496094,57.00822067260742,15.704524040222168
2022-11-16,27.0,92.75,Non-Landslide Grid,Non-Landslide Grid,"Grid (27.0, 92.75)",0,0.0,0.0,0.0,0.0,84.510009765625,0.2614746093750179,0.4383,255.40916442871094,1151.0,220.32513427734375,4.391100052618022,30.847493056603906,5.430744113028418,0.027777777777777776,34.97422409057617,121.67218017578125,40.59346008300781
2023-08-26,25.75,94.25,Non-Landslide Grid,Non-Landslide Grid,"Grid (25.75, 94.25)",0,10.666757583618164,25.430164337158203,63.22705078125,143.80812072753906,354.8052978515625,0.4569015502930871,0.8754000000000001,1149.9219970703125,1853.0,357.2713623046875,11.654470318827258,27.181987901759243,5.14388994564552,0.0,92.4559326171875,138.56854248046875,26.550003051757812
2020-09-28,28.5,94.0,Non-Landslide Grid,Non-Landslide Grid,"Grid (28.5, 94.0)",0,25.167728424072266,47.818912506103516,104.61557006835938,258.240234375,502.1539611816406,0.4197540283203161,0.3192,2700.772216796875,3736.0,838.62158203125,20.441951096968772,49.712924201894,8.33684892858926,14.38888888888889,161.77304077148438,260.1982116699219,55.134281158447266
2020-08-07,24.75,93.5,Non-Landslide Grid,Non-Landslide Grid,"Grid (24.75, 93.5)",0,1.201159954071045,9.799657821655273,19.100595474243164,40.71543884277344,125.33413696289062,0.41361236572267535,0.9132,656.288330078125,1534.0,273.30828857421875,13.92695372753795,35.9465555765086,6.308069798004876,0.7777777777777778,110.30641174316406,178.22549438476562,37.871456146240234
2022-02-25,24.5,93.25,Non-Landslide Grid,Non-Landslide Grid,"Grid (24.5, 93.25)",0,0.7924284338951111,0.7924284338951111,3.584968090057373,3.8821287155151367,46.42204666137695,0.2512741088867291,0.8256,358.87945556640625,1108.0,179.823974609375,8.805336483867881,31.15678605754892,5.150216097817887,0.05555555555555555,72.0702133178711,128.0958709716797,32.14580535888672
2024-03-06,25.75,94.0,Non-Landslide Grid,Non-Landslide Grid,"Grid (25.75, 94.0)",0,0.0,0.0,0.0,27.05467414855957,36.415435791015625,0.3346786499024345,0.6632,1057.0296630859375,2478.0,501.8348388671875,12.132001583102527,38.017046564435354,6.381968560798878,0.9722222222222222,94.8803939819336,172.8865203857422,42.01777267456055
2022-05-04,26.25,90.75,Non-Landslide Grid,Non-Landslide Grid,"Grid (26.25, 90.75)",0,0.0,15.429180145263672,43.96034240722656,84.14183807373047,395.6509094238281,0.3617553710938315,0.3873,40.997222900390625,246.0,14.89873218536377,0.38377147259691174,15.07324362771753,1.2015252087860544,0.0,3.3882267475128174,8.346028327941895,9.299248695373535
2024-06-15,25.5,90.25,Meghalaya,Garo Rongram Landslide,Near Nepali Church Rongram NH Baptist,1,97.52465057373047,188.85842895507812,222.22067260742188,494.72052001953125,1062.780517578125,0.45518493652347247,0.9006000000000001,456.1675109863281,1310.0,324.3319091796875,5.398804127806837,29.770511719549223,5.068353584541543,0.0,43.320011138916016,116.16681671142578,35.4824333190918
2022-03-01,26.0,93.0,Non-Landslide Grid,Non-Landslide Grid,"Grid (26.0, 93.0)",0,0.6107187867164612,0.6107187867164612,3.1964802742004395,4.3972320556640625,23.434667587280273,0.2907409667968632,0.4124,88.65638732910156,107.0,16.097307205200195,0.26858015291477516,3.050915264717338,0.3178048763122556,0.0,2.3403520584106445,7.425881862640381,2.261154890060425
2024-08-05,27.75,93.0,Non-Landslide Grid,Non-Landslide Grid,"Grid (27.75, 93.0)",0,12.515371322631836,22.837093353271484,31.525516510009766,80.90383911132812,196.3355255126953,0.42964935302734475,0.8554,1984.37255859375,3240.0,729.3819580078125,19.90465621898461,43.336736680601454,7.790866222869688,10.333333333333334,159.94017028808594,257.6097106933594,50.77695083618164
2025-06-20,23.75,93.0,Non-Landslide Grid,Non-Landslide Grid,"Grid (23.75, 93.0)",0,6.651617050170898,24.0347957611084,113.2114486694336,163.7567138671875,530.0316772460938,0.42138671875000167,0.8307,846.58056640625,1551.0,295.62164306640625,12.443905721054815,41.06645447367599,5.871977630744481,0.8333333333333334,100.92674255371094,161.78762817382812,35.075111389160156
2022-05-16,27.0,93.5,Arunachal Pradesh,Papum Pare,Punjabi_dhabha_landslide Behind punjabi dhabha sector-d itanagar,1,101.03943634033203,152.1822509765625,218.17376708984375,226.41458129882812,321.1750183105469,0.4023742675781785,0.7049000000000001,355.9505615234375,1665.0,296.9815979003906,5.933726472852088,32.66514584979479,6.165044312996405,0.1111111111111111,49.377342224121094,140.6566925048828,47.237037658691406
2025-07-19,27.5,92.0,Non-Landslide Grid,Non-Landslide Grid,"Grid (27.5, 92.0)",0,0.0,24.367225646972656,44.80178451538086,91.68670654296875,187.96165466308594,0.4220886230468773,0.7807000000000001,3475.0341796875,3058.0,652.0191040039062,18.466368893188104,37.90957696530571,7.294949739263102,4.75,145.92019653320312,217.28733825683594,43.05392074584961
2022-06-22,26.25,95.0,Non-Landslide Grid,Non-Landslide Grid,"Grid (26.25, 95.0)",0,2.902233362197876,15.747453689575195,43.29756164550781,118.97544860839844,181.73532104492188,0.42604064941411984,0.4676,1651.8433837890625,2099.0,427.3861389160156,16.836851288160602,35.73543845149518,5.834910603546995,0.6666666666666667,130.60438537597656,183.2027130126953,30.21045684814453
2020-06-02,24.75,93.5,Manipur,Tamenglong,Imphal-Jiribam Landslide-1,1,56.80619812011719,57.513797760009766,118.42219543457031,153.02374267578125,187.42678833007812,0.40925598144535874,0.8380000000000001,656.288330078125,1534.0,273.30828857421875,13.92695372753795,35.9465555765086,6.308069798004876,0.7777777777777778,110.30641174316406,178.22549438476562,37.871456146240234
2024-06-20,23.75,92.5,Non-Landslide Grid,Non-Landslide Grid,"Grid (23.75, 92.5)",0,6.30740213394165,66.9446792602539,112.16570281982422,178.7627410888672,421.3865661621094,0.3831405639648278,0.8253,477.3505554199219,1328.0,247.27923583984375,10.225213365085207,34.318110270825265,5.874038883679884,0.19444444444444445,81.82584381103516,143.7501983642578,37.42457580566406
2025-06-14,27.75,97.0,Non-Landslide Grid,Non-Landslide Grid,"Grid (27.75, 97.0)",0,0.0,0.0,0.0,139.55758666992188,236.20718383789062,0.3962173461914765,0.8579,2927.447998046875,3348.0,798.8855590820312,23.93215221198625,52.00139621883584,8.939823506109038,27.333333333333332,193.59352111816406,285.50946044921875,55.51548385620117
2021-08-09,25.0,94.25,Non-Landslide Grid,Non-Landslide Grid,"Grid (25.0, 94.25)",0,2.1132826805114746,18.823509216308594,27.022233963012695,102.14391326904297,176.37765502929688,0.4229125976560914,0.9201,1233.2835693359375,1244.0,265.4721984863281,10.62303176740798,27.88183800191073,4.826559786669395,0.0,82.0025634765625,128.76394653320312,27.49030303955078
2021-11-19,29.0,95.5,Non-Landslide Grid,Non-Landslide Grid,"Grid (29.0, 95.5)",0,0.0,0.0,0.0,0.0,103.70697021484375,0.34349060058601394,0.8061,3238.650390625,1992.0,479.2296142578125,16.469424165397974,39.59498671028408,6.6568879602393976,1.7500000000000002,131.6859130859375,193.20579528808594,37.1080436706543
2025-04-23,26.5,93.0,Non-Landslide Grid,Non-Landslide Grid,"Grid (26.5, 93.0)",0,10.256897926330566,27.64120864868164,53.259498596191406,64.50532531738281,64.62938690185547,0.4750976562499891,0.6211,168.4308319091797,661.0,166.31455993652344,2.8684557130330925,24.76766018774044,4.400372428445073,0.0,23.470603942871094,100.2459487915039,32.69191360473633
2025-03-20,27.25,88.75,Non-Landslide Grid,Non-Landslide Grid,"Grid (27.25, 88.75)",0,0.0,0.0,43.91544723510742,59.49399948120117,88.02375793457031,0.3469772338867013,0.7504000000000001,2281.115234375,3875.0,931.9912719726562,19.22510805217614,39.47537466975562,6.940427131364258,5.138888888888888,149.77212524414062,222.42568969726562,41.1932373046875
2022-09-24,26.75,92.75,Non-Landslide Grid,Non-Landslide Grid,"Grid (26.75, 92.75)",0,22.207399368286133,85.88377380371094,86.89794158935547,150.70443725585938,403.09735107421875,0.44499206542966885,0.7783,78.5072250366211,48.0,8.69530200958252,0.18634304238490484,1.212334917409625,0.14402690851859568,0.0,1.683570384979248,3.571587324142456,0.9807701110839844
2023-03-25,24.0,92.5,Non-Landslide Grid,Non-Landslide Grid,"Grid (24.0, 92.5)",0,0.0,9.893394470214844,27.09519386291504,29.429454803466797,29.429454803466797,0.3129272460937058,0.7181000000000001,278.63360595703125,864.0,195.9539794921875,7.443317121808474,26.943935612493448,5.500279187235453,0.0,58.76435852050781,123.90907287597656,36.05270004272461
2020-05-26,25.5,92.25,Meghalaya,Jaintia Hills,Chilliangraij Landslide,1,18.67279624938965,66.86375427246094,99.851318359375,112.08378601074219,156.1591033935547,0.4872512817381497,0.6744,1260.42578125,597.0,102.87409210205078,2.808655381871295,17.212804623042103,2.215269176666288,0.0,23.935148239135742,55.71966552734375,15.806341171264648
2021-02-27,28.75,96.5,Non-Landslide Grid,Non-Landslide Grid,"Grid (28.75, 96.5)",0,0.0,0.0,0.0,0.0,0.0,0.33049774169921065,0.6496000000000001,4022.5810546875,2639.0,468.3454895019531,23.773225686123318,50.071104792786485,9.196028748530004,27.97222222222222,197.5394287109375,286.3636169433594,50.75253677368164
2023-02-13,24.5,93.0,Non-Landslide Grid,Non-Landslide Grid,"Grid (24.5, 93.0)",0,0.0,0.0,0.0,0.0,0.0,0.16380310058591888,0.7943,199.3169403076172,900.0,190.72097778320312,5.500342727895433,27.18743015094595,5.209598479718961,0.0,44.432010650634766,116.27139282226562,37.216575622558594
2020-12-05,26.25,92.0,Non-Landslide Grid,Non-Landslide Grid,"Grid (26.25, 92.0)",0,0.0,0.0,0.0,0.0,0.10980214178562164,0.37709045410154696,0.8079000000000001,81.80860900878906,487.0,71.23992919921875,1.4984263825570932,19.891675655384233,2.8474638150595473,0.0,12.53154182434082,62.08441162109375,21.3975887298584
2024-07-08,24.5,93.5,Non-Landslide Grid,Non-Landslide Grid,"Grid (24.5, 93.5)",0,20.354352951049805,27.657859802246094,122.43345642089844,162.1887664794922,184.89454650878906,0.42095947265634237,0.6621,860.6122436523438,1596.0,323.1658935546875,12.740277073519893,32.0962411571701,5.9780008142814856,0.16666666666666669,101.66413116455078,167.52369689941406,35.585044860839844
2025-04-03,27.75,91.75,Non-Landslide Grid,Non-Landslide Grid,"Grid (27.75, 91.75)",0,0.0,0.0,10.557621002197266,39.8442268371582,115.27265167236328,0.4222412109375054,0.5039,3811.190673828125,3426.0,719.0172119140625,21.427624015103362,46.613342239590125,9.426926135794474,19.52777777777778,172.4033966064453,277.4831237792969,62.34989547729492
2025-06-03,27.75,94.75,Arunachal Pradesh,Lower Siang,Along Likabali-Basar Road,1,8.505701065063477,75.8444595336914,175.86892700195312,186.77578735351562,311.4615783691406,0.4349441528321022,0.8708,500.0322265625,1511.0,326.0230407714844,8.518411246684085,33.117979039440804,6.495407946808469,0.05555555555555555,69.726318359375,148.8292694091797,46.75351333618164
2021-06-07,26.75,93.25,Non-Landslide Grid,Non-Landslide Grid,"Grid (26.75, 93.25)",0,17.760087966918945,73.86687469482422,135.52479553222656,163.1660614013672,331.18212890625,0.464378356933672,0.6978000000000001,81.1066665649414,54.0,10.197127342224121,0.27788773466572253,1.4366760606726385,0.20565343808305273,0.0,2.466463565826416,5.442885398864746,1.4107826948165894
2020-07-06,25.25,94.0,Manipur,Senapati,Twilang Landslide,1,49.109046936035156,67.80722045898438,89.21683502197266,148.96408081054688,288.52838134765625,0.425643920898573,0.8638,1435.4375,1921.0,378.2546081542969,12.086842826308223,43.383133090803064,5.811415353223593,0.6944444444444444,94.75314331054688,156.38818359375,36.18202209472656
2024-07-04,25.25,90.75,Meghalaya,Garo Baghmara Landslide,2 Near Circuit Baghmara House,1,40.86098098754883,186.91006469726562,843.627685546875,1006.90380859375,2294.649169921875,0.48818206787114415,0.8479,220.2130584716797,990.0,198.9566192626953,5.50720102468387,27.625152906350095,4.717735264599902,0.0,45.642330169677734,112.03004455566406,33.80620574951172
2021-01-17,25.5,90.5,Non-Landslide Grid,Non-Landslide Grid,"Grid (25.5, 90.5)",0,0.0,0.0,0.0,0.0,0.0,0.26940917968750633,0.7927000000000001,543.5358276367188,1175.0,224.3740997314453,5.480898761902344,28.045471172004955,4.568385134784606,0.0,43.9293327331543,112.02342224121094,32.36680221557617
2025-11-26,28.0,93.25,Non-Landslide Grid,Non-Landslide Grid,"Grid (28.0, 93.25)",0,0.0,0.0,1.2904572486877441,1.2904572486877441,29.512113571166992,0.33966827392575394,0.866,1965.9844970703125,3492.0,621.1699829101562,19.39743554027697,42.119196939304246,7.237502995633268,6.861111111111111,153.54193115234375,228.49781799316406,42.730045318603516
2024-05-28,23.75,92.75,Mizoram,Aizawl Salem Landslide,Near Aizawl City,1,111.03622436523438,171.81805419921875,189.34593200683594,200.90985107421875,317.3617858886719,0.42999267578125,0.7366,558.530029296875,1301.0,251.22454833984375,11.561747209331001,33.20981307339313,5.7138444190846345,0.25,94.32711791992188,152.0427703857422,34.32426834106445
2022-09-05,24.75,92.75,Non-Landslide Grid,Non-Landslide Grid,"Grid (24.75, 92.75)",0,12.851737022399902,49.11906433105469,77.26690673828125,199.60682678222656,286.0171813964844,0.495719909667967,0.1491,28.799165725708008,83.0,10.98561954498291,0.49229396524952734,4.339614597493083,0.5527330881797449,0.0,4.288497447967529,12.693502426147461,4.094924449920654
2022-04-16,28.5,93.5,Non-Landslide Grid,Non-Landslide Grid,"Grid (28.5, 93.5)",0,8.451621055603027,92.8648910522461,107.05005645751953,342.53070068359375,596.87939453125,0.41839599609376416,0.6818000000000001,3411.674560546875,3765.0,826.7841796875,20.60021656963089,52.52021406191496,8.94526016023897,14.416666666666666,156.19125366210938,259.6390686035156,63.15973663330078
2020-05-19,23.75,91.5,Non-Landslide Grid,Non-Landslide Grid,"Grid (23.75, 91.5)",0,0.0,8.337048530578613,32.68856430053711,89.90618133544922,319.330810546875,0.3204727172850729,0.7759,80.13249969482422,216.0,39.730262756347656,1.0524201581852122,9.504236888385735,1.0460411323828493,0.0,8.788656234741211,23.749982833862305,7.339593887329102
2023-06-04,25.0,94.25,Non-Landslide Grid,Non-Landslide Grid,"Grid (25.0, 94.25)",0,0.0,0.0,3.1035971641540527,31.655359268188477,79.31022644042969,0.240768432617043,0.8047000000000001,1233.2835693359375,1244.0,265.4721984863281,10.62303176740798,27.88183800191073,4.826559786669395,0.0,82.0025634765625,128.76394653320312,27.49030303955078
2022-05-15,25.25,93.0,Assam,Dima Hasao,"DF3 Near Kendri Vidyalaya, Halflong",1,13.70791244506836,171.51666259765625,325.0523681640625,348.9837951660156,558.1865234375,0.47109222412107926,0.7867000000000001,581.3922119140625,1271.0,220.6673126220703,7.95753565762605,30.952647139700577,4.65836575833331,0.027777777777777776,63.11333465576172,118.19319915771484,29.522968292236328
2024-08-19,24.0,92.0,Tripura,Saikar Landslide,Near Saikar Bazar 24.109649,1,9.557503700256348,91.00697326660156,150.6275177001953,229.89453125,442.8016052246094,0.4288787841796907,0.7766000000000001,116.92916870117188,392.0,58.878543853759766,2.1896424107044976,16.669920976886594,2.393290891627602,0.0,18.279224395751953,58.623252868652344,17.288740158081055
2024-08-12,25.75,95.0,Nagaland,Lophukhong Landslide,Near Lophukhong Village,1,16.03404426574707,49.09381866455078,157.80039978027344,251.08860778808594,460.732666015625,0.44777679443367,0.8693000000000001,2020.5455322265625,3087.0,537.7276000976562,18.753234031214408,39.29192585682716,6.476647085143816,3.75,146.69252014160156,212.79164123535156,37.31854248046875
2023-10-30,25.5,92.0,Non-Landslide Grid,Non-Landslide Grid,"Grid (25.5, 92.0)",0,0.0,1.4653738737106323,18.680034637451172,25.179550170898438,148.94747924804688,0.4356536865234279,0.7768,1362.2994384765625,1410.0,264.5621337890625,7.554808330244862,33.88208370808656,6.750802082738645,0.638888888888889,61.715328216552734,167.0863800048828,48.47831726074219
2022-04-19,24.5,94.0,Non-Landslide Grid,Non-Landslide Grid,"Grid (24.5, 94.0)",0,0.0,16.71965789794922,58.26239013671875,61.52875518798828,75.8052978515625,0.31335449218726535,0.3309,871.6072387695312,739.0,146.46446228027344,3.882956415666678,20.998478770717725,4.831692814791372,0.0,31.758710861206055,100.81731414794922,35.78030014038086
2025-06-19,25.75,93.25,Non-Landslide Grid,Non-Landslide Grid,"Grid (25.75, 93.25)",0,19.133731842041016,57.328975677490234,90.61567687988281,120.02549743652344,281.214111328125,0.461841583251918,0.7669,240.9116668701172,374.0,73.08515930175781,2.4310288845095096,11.502144607010557,1.999552036504579,0.0,20.06298828125,48.11341094970703,14.144377708435059
2022-11-10,25.75,92.0,Non-Landslide Grid,Non-Landslide Grid,"Grid (25.75, 92.0)",0,0.0,0.0,1.175681233406067,4.674086570739746,117.2560806274414,0.40605163574218506,0.7070000000000001,917.2408447265625,859.0,130.39633178710938,4.714470137470853,21.87834296680697,3.6313367608752385,0.0,39.3952522277832,86.12773895263672,23.6353702545166
2022-06-28,29.0,95.25,Non-Landslide Grid,Non-Landslide Grid,"Grid (29.0, 95.25)",0,76.1607437133789,115.380859375,143.52517700195312,266.3408508300781,411.0557861328125,0.42789459228516796,0.2659,3296.288330078125,2693.0,546.5750732421875,17.61262073798802,40.441292529630225,7.068092262748073,3.3333333333333335,142.9497528076172,210.301513671875,39.51340866088867
2022-11-22,23.75,92.0,Non-Landslide Grid,Non-Landslide Grid,"Grid (23.75, 92.0)",0,0.0,0.0,0.0,0.0,24.956470489501953,0.24639892578124237,0.8686,170.00083923339844,357.0,57.49930191040039,2.5374253798396653,17.30229144499008,2.18833912838166,0.0,21.320125579833984,51.54880905151367,15.2173433303833
2020-05-29,25.5,91.75,Meghalaya,East Khasi Hills,18th km of Mawkdok Khadarshnong Road,1,18.26105308532715,83.75630187988281,316.7699890136719,531.8851928710938,660.2841796875,0.45813751220697907,0.8572000000000001,1670.7216796875,913.0,153.39508056640625,5.919859729912694,32.03817497959001,5.573524917136624,0.1388888888888889,48.907474517822266,137.64651489257812,39.82622146606445
2025-05-31,26.25,91.75,Assam,Kamrup Metro,Maligaon Landslide,1,84.89962005615234,152.96542358398438,167.04165649414062,223.528564453125,330.7607116699219,0.4634056091308524,0.7087,67.3949966430664,295.0,37.075172424316406,1.4509254283381814,16.29219827144022,2.417741974738188,0.0,12.47722339630127,53.43284225463867,18.373598098754883
2025-12-12,25.75,90.0,Non-Landslide Grid,Non-Landslide Grid,"Grid (25.75, 90.0)",0,0.0,0.0,0.0,0.0,0.0,0.2008972167969202,0.7124,67.37972259521484,315.0,57.01261520385742,1.074160892015206,13.420996454219074,1.2903401630573892,0.0,8.647370338439941,25.551294326782227,9.001255989074707
2025-07-06,25.5,90.75,Non-Landslide Grid,Non-Landslide Grid,"Grid (25.5, 90.75)",0,2.709914207458496,28.43698501586914,60.416587829589844,82.61370849609375,256.6968078613281,0.41326904296880257,0.8433,390.7541809082031,869.0,137.77670288085938,4.502417572893615,24.515239572592176,3.4412196162224515,0.0,36.87894058227539,86.07024383544922,23.63579559326172
2025-05-31,25.5,91.75,Meghalaya,East Khasi Hills,Mylliem Landslide 12,1,134.42385864257812,282.88494873046875,328.74578857421875,519.0849609375,659.59765625,0.48547363281253125,0.8818,1670.7216796875,913.0,153.39508056640625,5.919859729912694,32.03817497959001,5.573524917136624,0.1388888888888889,48.907474517822266,137.64651489257812,39.82622146606445
2022-02-27,25.75,90.75,Non-Landslide Grid,Non-Landslide Grid,"Grid (25.75, 90.75)",0,0.0,9.647708892822266,16.687580108642578,16.687580108642578,63.41956329345703,0.4274101257323967,0.6861,343.042236328125,612.0,114.87918090820312,4.266481429972291,18.878320236794654,3.253566480746816,0.0,35.23768997192383,73.53412628173828,21.00526237487793
2025-04-22,28.5,96.0,Non-Landslide Grid,Non-Landslide Grid,"Grid (28.5, 96.0)",0,0.0,1.9473793506622314,6.50424861907959,18.900920867919922,36.004310607910156,0.4040374755859737,0.0221,2601.69921875,4050.0,882.2161254882812,23.88337742789405,45.482266726172924,8.349455936904501,26.194444444444443,193.0271453857422,274.674072265625,51.70504379272461
2025-03-30,28.0,95.25,Non-Landslide Grid,Non-Landslide Grid,"Grid (28.0, 95.25)",0,7.414360046386719,15.563192367553711,15.563192367553711,51.506072998046875,112.35545349121094,0.48014068603508864,0.545,427.6138916015625,1703.0,410.9621887207031,5.615311809609629,35.461598133832105,7.38417392350992,0.5277777777777778,43.81952667236328,164.09616088867188,54.56661605834961
2022-02-08,25.25,91.0,Non-Landslide Grid,Non-Landslide Grid,"Grid (25.25, 91.0)",0,0.0,0.0,32.175270080566406,39.56038284301758,53.90061950683594,0.40493011474609336,0.7428,280.16278076171875,898.0,198.5218505859375,4.844563823705283,27.030050112309205,4.273744423013633,0.0,38.694488525390625,96.8629150390625,30.590980529785156
2020-02-18,25.75,92.25,Non-Landslide Grid,Non-Landslide Grid,"Grid (25.75, 92.25)",0,0.0,0.0,0.0,0.0,3.1874606609344482,0.4700889587402368,0.6852,863.1525268554688,623.0,112.7856674194336,4.351224953933891,20.40236602542277,3.2202939845624936,0.0,36.13096618652344,77.72660827636719,21.264589309692383
2020-05-29,25.75,91.5,Non-Landslide Grid,Non-Landslide Grid,"Grid (25.75, 91.5)",0,21.55433464050293,60.189056396484375,137.16879272460938,312.519287109375,442.3267822265625,0.47008514404291607,0.6419,779.7244262695312,1638.0,415.8423767089844,7.1503030250726765,28.164772992194298,5.2331850390914925,0.0,58.803531646728516,130.19166564941406,34.42717742919922
2020-02-03,27.5,92.75,Non-Landslide Grid,Non-Landslide Grid,"Grid (27.5, 92.75)",0,1.3317415714263916,2.003816604614258,3.389213800430298,6.344514846801758,14.22322940826416,0.4196395874023345,0.8531000000000001,1803.6317138671875,2967.0,603.0645751953125,17.73978145129577,37.561653767107956,6.495172339377297,3.166666666666667,139.00157165527344,206.5306854248047,37.23012924194336
2022-03-17,26.5,92.0,Non-Landslide Grid,Non-Landslide Grid,"Grid (26.5, 92.0)",0,0.0,0.0,0.0,0.0,17.014198303222656,0.25981140136717373,0.3689,64.29166412353516,31.0,6.50392484664917,0.1507893828492463,0.648211383490199,0.09358823710904016,0.0,1.4568734169006348,2.598076105117798,0.6090912818908691
2021-11-16,26.25,91.5,Non-Landslide Grid,Non-Landslide Grid,"Grid (26.25, 91.5)",0,0.0,0.0,0.0,0.0,42.04228973388672,0.2905197143554565,0.4143,49.0,112.0,6.012625694274902,0.25657268346405543,6.737422493902714,0.5506100171753268,0.0,2.3954670429229736,5.88430118560791,4.540053844451904
2025-07-24,26.25,93.25,Non-Landslide Grid,Non-Landslide Grid,"Grid (26.25, 93.25)",0,0.0,8.112481117248535,13.700590133666992,18.102581024169922,187.3318634033203,0.45815277099608714,0.8981,421.1025085449219,1197.0,233.43887329101562,5.674969062576112,22.480056599441713,4.336467390033529,0.0,45.47773742675781,97.27072143554688,29.292335510253906
2022-11-17,27.0,95.75,Non-Landslide Grid,Non-Landslide Grid,"Grid (27.0, 95.75)",0,0.0,0.0,0.0,0.0,105.56262969970703,0.3331985473632896,0.8843000000000001,1342.9383544921875,1991.0,453.0468444824219,16.10166883275908,33.87289449042497,6.195499275413429,0.5277777777777778,125.71900939941406,176.2679901123047,32.73480987548828
2025-06-26,26.25,92.75,Non-Landslide Grid,Non-Landslide Grid,"Grid (26.25, 92.75)",0,0.0,38.253395080566406,69.61747741699219,129.13211059570312,305.4785461425781,0.4660835266113238,0.4236,134.39443969726562,739.0,152.9081268310547,2.03556003100252,24.481392636733343,4.03503936010858,0.0,16.41988754272461,94.49658966064453,30.449844360351562
2022-11-13,26.5,90.25,Non-Landslide Grid,Non-Landslide Grid,"Grid (26.5, 90.25)",0,0.0,0.0,0.0,0.0,55.6480712890625,0.33183288574218445,0.6906,59.386112213134766,279.0,14.850844383239746,0.25189229626896753,18.396578822541294,0.9049348328452662,0.0,2.1553163528442383,3.1034224033355713,6.661799430847168
2023-07-26,22.75,92.5,Non-Landslide Grid,Non-Landslide Grid,"Grid (22.75, 92.5)",0,8.648507118225098,53.94343948364258,99.0383529663086,153.8033447265625,232.1189727783203,0.3840332031250664,0.8480000000000001,154.17056274414062,613.0,108.34761047363281,4.160890702588159,22.818560370591143,3.9160354124603094,0.0,34.68327331542969,87.66633605957031,27.292755126953125
2024-12-24,27.25,95.25,Non-Landslide Grid,Non-Landslide Grid,"Grid (27.25, 95.25)",0,0.0,0.0,0.0,0.0,0.0,0.2915534973144963,0.6651,118.54083251953125,211.0,9.696734428405762,0.22504747920484852,11.413607213835506,0.6574771540889619,0.0,2.055091381072998,2.915475845336914,4.99699592590332
2024-01-15,28.75,96.25,Non-Landslide Grid,Non-Landslide Grid,"Grid (28.75, 96.25)",0,0.0,0.0,0.0,0.0,0.0,0.3367080688476956,0.7988000000000001,3210.4736328125,3306.0,719.7034912109375,23.99762422595875,49.53772416743089,8.530394338579427,26.13888888888889,197.56056213378906,283.3199768066406,50.37244415283203
2025-02-04,27.5,92.5,Non-Landslide Grid,Non-Landslide Grid,"Grid (27.5, 92.5)",0,0.0,0.6991748809814453,8.602581024169922,12.042506217956543,15.151808738708496,0.4019012451171942,0.8388,2548.87646484375,3500.0,680.3981323242188,18.073767962706565,38.024779726895495,6.625437122587329,3.861111111111111,142.50108337402344,208.33282470703125,37.379024505615234
2020-09-30,25.75,94.5,Non-Landslide Grid,Non-Landslide Grid,"Grid (25.75, 94.5)",0,0.0,12.88853931427002,25.710254669189453,137.10720825195312,242.0294952392578,0.47888946533213084,0.9051,1396.2308349609375,2013.0,408.9830322265625,16.617851510009896,35.81275418340396,6.12449676554779,0.4166666666666667,128.43576049804688,179.00991821289062,30.28059196472168
2024-07-12,25.5,94.25,Nagaland,Seca Landslide,Khel Kigwema- Mima- Chakhabama Road,1,1.7540549039840698,22.799835205078125,50.557708740234375,191.25515747070312,341.8389587402344,0.4844055175780523,0.7373000000000001,1606.2049560546875,1633.0,336.6394348144531,13.072549325862639,31.529268531106975,5.6083756046100355,0.05555555555555555,101.690673828125,155.21470642089844,33.152103424072266
2020-08-03,22.5,93.0,Mizoram,Lawngtlai,Bazaar_veng1,1,6.3838911056518555,133.8354034423828,165.57786560058594,274.95111083984375,493.0975341796875,0.42999267578124234,0.8691000000000001,878.2855834960938,1778.0,377.2521057128906,14.638061184349539,36.38334612643967,5.925709104680568,0.4444444444444444,117.57864379882812,173.31338500976562,32.15381622314453
2024-04-27,27.75,93.0,Non-Landslide Grid,Non-Landslide Grid,"Grid (27.75, 93.0)",0,4.520576000213623,6.098257541656494,35.4910774230957,48.247276306152344,104.85514831542969,0.4145660400390554,0.7445,1984.37255859375,3240.0,729.3819580078125,19.90465621898461,43.336736680601454,7.790866222869688,10.333333333333334,159.94017028808594,257.6097106933594,50.77695083618164
2021-10-08,22.75,93.0,Non-Landslide Grid,Non-Landslide Grid,"Grid (22.75, 93.0)",0,0.12972916662693024,7.337812900543213,34.212242126464844,98.63081359863281,345.0804138183594,0.3887023925781391,0.8956000000000001,789.2650146484375,1898.0,341.1698913574219,14.561089002221255,36.86079860562968,6.300029884029621,1.027777777777778,116.944091796875,181.39210510253906,35.221229553222656
2020-07-11,27.25,95.5,Non-Landslide Grid,Non-Landslide Grid,"Grid (27.25, 95.5)",0,21.88178253173828,94.39826202392578,183.59762573242188,230.4539794921875,515.2398071289062,0.4983062744141331,0.7457,242.67916870117188,997.0,171.97535705566406,3.1973148800343756,25.240599646989534,4.430299470185494,0.0,25.426071166992188,101.06342315673828,32.91106033325195
2024-10-22,25.75,94.25,Non-Landslide Grid,Non-Landslide Grid,"Grid (25.75, 94.25)",0,0.0,1.9340848922729492,9.14629077911377,40.32112503051758,143.2364959716797,0.46176910400390225,0.8580000000000001,1149.9219970703125,1853.0,357.2713623046875,11.654470318827258,27.181987901759243,5.14388994564552,0.0,92.4559326171875,138.56854248046875,26.550003051757812
2023-05-19,27.5,95.0,Non-Landslide Grid,Non-Landslide Grid,"Grid (27.5, 95.0)",0,0.15121020376682281,20.36472511291504,36.74181365966797,54.21662139892578,155.46539306640625,0.4665679931641397,0.7000000000000001,109.14749908447266,23.0,3.3267719745635986,0.14014115393837162,1.6076592164087455,0.12061702813070416,0.0,1.3319610357284546,2.5495097637176514,0.8533905148506165
2021-08-20,24.5,93.5,Manipur,Churachandpur,S Kholep village,1,14.401877403259277,26.374839782714844,53.226539611816406,94.1731948852539,275.73980712890625,0.4167480468750518,0.9218,860.6122436523438,1596.0,323.1658935546875,12.740277073519893,32.0962411571701,5.9780008142814856,0.16666666666666669,101.66413116455078,167.52369689941406,35.585044860839844
2025-03-16,27.5,94.0,Non-Landslide Grid,Non-Landslide Grid,"Grid (27.5, 94.0)",0,1.2919609546661377,49.53779602050781,59.28425598144531,74.60591888427734,109.80769348144531,0.42837524414060696,0.7655000000000001,1536.2244873046875,2724.0,755.0374755859375,14.933853980813408,40.312445929729115,8.452063097443121,4.722222222222222,119.38636779785156,220.49632263183594,59.01678466796875
2023-04-07,23.75,92.75,Mizoram,Aizawl,Hunthar Landslide Hunthar in western part of Aizawl,1,0.0,22.46660614013672,51.340309143066406,98.11990356445312,122.5473403930664,0.24719238281248473,0.6052000000000001,558.530029296875,1301.0,251.22454833984375,11.561747209331001,33.20981307339313,5.7138444190846345,0.25,94.32711791992188,152.0427703857422,34.32426834106445
2020-06-02,24.75,92.75,Assam,Hailakandi,SDMA/AS/2020/Mohanpur Grant Slide 3,1,83.37828063964844,131.39797973632812,231.48646545410156,280.06488037109375,342.30419921875,0.49015045166017723,0.5917,28.799165725708008,83.0,10.98561954498291,0.49229396524952734,4.339614597493083,0.5527330881797449,0.0,4.288497447967529,12.693502426147461,4.094924449920654
2021-11-14,26.0,91.5,Non-Landslide Grid,Non-Landslide Grid,"Grid (26.0, 91.5)",0,0.0,0.0,0.0,0.0,40.292667388916016,0.29304504394534314,0.5977,140.79083251953125,633.0,141.95619201660156,3.0672199291626563,21.513750580420666,4.1192893226981155,0.0,25.340831756591797,86.41690063476562,30.186782836914062
2020-12-09,24.5,93.25,Non-Landslide Grid,Non-Landslide Grid,"Grid (24.5, 93.25)",0,0.0,0.0,0.0,0.0,0.0,0.25440979003906733,0.8821,358.87945556640625,1108.0,179.823974609375,8.805336483867881,31.15678605754892,5.150216097817887,0.05555555555555555,72.0702133178711,128.0958709716797,32.14580535888672
2024-05-10,24.75,92.5,Non-Landslide Grid,Non-Landslide Grid,"Grid (24.75, 92.5)",0,17.624095916748047,17.624095916748047,71.04981231689453,309.6571960449219,537.02978515625,0.4631729125976054,0.6769000000000001,27.9325008392334,114.0,13.478446006774902,0.5745536247366787,7.060201323014502,0.7546805728025614,0.0,4.88978910446167,15.001809120178223,5.414361953735352
2020-09-26,26.25,93.25,Non-Landslide Grid,Non-Landslide Grid,"Grid (26.25, 93.25)",0,15.870290756225586,32.82107162475586,48.05220031738281,85.1319351196289,192.50897216796875,0.4790649414062761,0.8709,421.1025085449219,1197.0,233.43887329101562,5.674969062576112,22.480056599441713,4.336467390033529,0.0,45.47773742675781,97.27072143554688,29.292335510253906
2024-06-15,25.5,90.25,Meghalaya,Garo Matchurigre Landslide,Tura 7 Road Williamnagar SH,1,97.52465057373047,188.85842895507812,222.22067260742188,494.72052001953125,1062.780517578125,0.45518493652347247,0.9006000000000001,456.1675109863281,1310.0,324.3319091796875,5.398804127806837,29.770511719549223,5.068353584541543,0.0,43.320011138916016,116.16681671142578,35.4824333190918
2022-05-15,25.0,92.75,Assam,Cachar,bandarkhal_north_2 bandarkhal,1,17.392393112182617,209.87167358398438,389.2757263183594,429.9621276855469,673.3184814453125,0.47242736816394554,0.7506,274.126953125,1465.0,315.2989196777344,7.0296151565544855,32.894933863241256,6.950774825954634,0.05555555555555555,56.27210235595703,144.00457763671875,50.87444305419922
2021-06-11,23.75,92.75,Mizoram,Aizawl,Thuampui,1,29.913341522216797,41.35404968261719,77.44818878173828,104.17507934570312,190.96498107910156,0.3911285400390748,0.7454000000000001,558.530029296875,1301.0,251.22454833984375,11.561747209331001,33.20981307339313,5.7138444190846345,0.25,94.32711791992188,152.0427703857422,34.32426834106445
2024-09-06,26.0,91.75,Meghalaya,Shangbangla Landslide,Shangbangla Village NH,1,12.1740083694458,23.62457275390625,98.28202819824219,116.72978210449219,378.1119384765625,0.47579193115234425,0.8924000000000001,323.899169921875,766.0,135.91363525390625,4.957392974049627,20.61693827486847,3.3378267914883613,0.0,42.12355041503906,83.86418151855469,22.39252471923828
2024-06-15,25.25,90.25,Meghalaya,Garo Dopogre Landslide District Landslide Name,Paikan 2 Road Location Tura Dalu NH,1,89.07714080810547,179.7403564453125,212.24151611328125,460.58087158203125,986.9158325195312,0.42585754394533126,0.7372000000000001,73.40249633789062,225.0,46.14529037475586,1.6844911888991303,8.95405354971055,1.6341408856870685,0.0,14.641450881958008,38.95814895629883,12.443431854248047
2020-05-02,26.75,91.75,Non-Landslide Grid,Non-Landslide Grid,"Grid (26.75, 91.75)",0,0.1577066332101822,44.252044677734375,49.534759521484375,100.0335693359375,118.63776397705078,0.29261779785152864,0.7476,163.34722900390625,958.0,114.63761138916016,1.4725231527012836,28.998911576994054,2.624748023467814,0.0,11.794045448303223,60.72380828857422,20.014266967773438
2020-11-27,27.0,93.5,Non-Landslide Grid,Non-Landslide Grid,"Grid (27.0, 93.5)",0,0.0,0.0,0.16446459293365479,3.5618772506713867,10.950942039489746,0.2586364746094325,0.8658,355.9505615234375,1665.0,296.9815979003906,5.933726472852088,32.66514584979479,6.165044312996405,0.1111111111111111,49.377342224121094,140.6566925048828,47.237037658691406
2025-10-21,23.5,93.25,Non-Landslide Grid,Non-Landslide Grid,"Grid (23.5, 93.25)",0,0.0,0.0,0.0,31.517539978027344,81.93156433105469,0.38983917236328963,0.8714000000000001,1168.5150146484375,1179.0,224.37669372558594,11.817134948886705,32.43801863001352,5.679167882227417,0.1111111111111111,95.34366607666016,150.8507080078125,32.57124710083008
2025-04-23,28.75,94.25,Non-Landslide Grid,Non-Landslide Grid,"Grid (28.75, 94.25)",0,25.303255081176758,57.33027648925781,133.7259063720703,162.47659301757812,312.78094482421875,0.4192962646484345,0.7110000000000001,2709.75341796875,3071.0,593.8355102539062,20.5100551214562,43.60840065719184,6.86612326779109,7.305555555555555,161.16683959960938,226.91700744628906,38.465023040771484
2023-04-27,27.0,95.5,Non-Landslide Grid,Non-Landslide Grid,"Grid (27.0, 95.5)",0,0.0,1.3234864473342896,32.69508361816406,93.5179672241211,208.9783172607422,0.45329284667953146,0.6716000000000001,878.2063598632812,2074.0,480.03131103515625,12.628306626968714,39.39458957264711,7.148450419557855,0.8055555555555556,98.7378921508789,179.43768310546875,47.5245246887207
2024-10-06,26.5,90.5,Non-Landslide Grid,Non-Landslide Grid,"Grid (26.5, 90.5)",0,41.616825103759766,78.86975860595703,157.61148071289062,292.3048400878906,302.4308166503906,0.4199218749999953,0.7781,69.98332977294922,398.0,37.99408721923828,1.120852029344632,23.67431856761562,2.9453040239345,0.0,9.506579399108887,66.87983703613281,22.602876663208008
2024-09-30,27.5,92.5,Non-Landslide Grid,Non-Landslide Grid,"Grid (27.5, 92.5)",0,10.887803077697754,32.546390533447266,61.47515869140625,66.4501953125,106.67002868652344,0.422470092773437,0.9009,2548.87646484375,3500.0,680.3981323242188,18.073767962706565,38.024779726895495,6.625437122587329,3.861111111111111,142.50108337402344,208.33282470703125,37.379024505615234
2024-08-21,27.0,95.25,Non-Landslide Grid,Non-Landslide Grid,"Grid (27.0, 95.25)",0,3.5954983234405518,6.147760391235352,15.099156379699707,177.6803436279297,354.5718994140625,0.4979705810546696,0.8846,360.5635986328125,1241.0,234.73947143554688,6.347254151889837,26.816205826252787,5.681313410802673,0.0,50.52357482910156,118.57117462158203,39.50800323486328
2024-12-25,27.5,91.75,Non-Landslide Grid,Non-Landslide Grid,"Grid (27.5, 91.75)",0,0.0,0.0,0.0,0.0,1.2649801969528198,0.31108856201176777,0.659,2484.64453125,3419.0,679.2225341796875,21.62838767833097,43.71481016920231,7.461654150626737,13.361111111111112,170.77972412109375,248.0215606689453,46.129119873046875
2020-11-15,24.5,93.5,Non-Landslide Grid,Non-Landslide Grid,"Grid (24.5, 93.5)",0,0.0,0.0,0.0,79.03109741210938,151.26300048828125,0.32170104980476427,0.9008,860.6122436523438,1596.0,323.1658935546875,12.740277073519893,32.0962411571701,5.9780008142814856,0.16666666666666669,101.66413116455078,167.52369689941406,35.585044860839844
2024-01-21,27.75,92.25,Non-Landslide Grid,Non-Landslide Grid,"Grid (27.75, 92.25)",0,0.0,3.8641469478607178,3.8641469478607178,3.8641469478607178,3.910999059677124,0.29662704467786516,0.15,4753.14111328125,3193.0,500.3550720214844,16.699716847559724,40.642120257495016,8.164041230138745,6.888888888888889,135.24229431152344,225.8867645263672,52.33216857910156
2025-06-19,27.5,93.5,Non-Landslide Grid,Non-Landslide Grid,"Grid (27.5, 93.5)",0,1.1850017309188843,22.71979522705078,27.209125518798828,35.46074295043945,316.4212341308594,0.4218292236328156,0.8402000000000001,1917.9405517578125,2523.0,500.17767333984375,14.147153603782364,31.41134724949093,5.455348304784422,0.2222222222222222,110.25569152832031,166.48976135253906,32.25537872314453
2025-06-28,27.75,92.0,Non-Landslide Grid,Non-Landslide Grid,"Grid (27.75, 92.0)",0,3.027431011199951,14.080562591552734,65.72937774658203,136.50318908691406,284.1637268066406,0.41873931884765003,0.6991,4297.740234375,3118.0,569.5491333007812,17.14904053708627,53.35791702363412,8.924339215195232,8.583333333333334,138.8452911376953,248.68756103515625,63.69837188720703
2024-12-12,28.25,93.25,Non-Landslide Grid,Non-Landslide Grid,"Grid (28.25, 93.25)",0,0.0,0.23701141774654388,1.557342529296875,1.8601040840148926,5.605955600738525,0.3823013305664198,0.7592,2945.052490234375,3942.0,891.7428588867188,21.465205685596576,50.21517958542878,7.566412678581054,13.63888888888889,167.19906616210938,251.53726196289062,47.7122917175293
2023-08-25,27.25,88.25,Sikkim,West Sikkim,Lingzing Landslide Maneybong Dentam constituency,1,55.940696716308594,86.76991271972656,140.18881225585938,290.7206115722656,490.05859375,0.4281463623046874,0.8331000000000001,1501.7489013671875,2997.0,562.7520751953125,20.1096381425214,40.56662648067611,7.081886297460569,6.555555555555556,159.76638793945312,230.42623901367188,40.55621337890625
2024-07-02,25.75,92.0,Meghalaya,Umiam Landslide,"4 GS Road, Ri Bhoi NH",1,48.23434066772461,137.20294189453125,168.66439819335938,256.0296325683594,478.53851318359375,0.4680862426757494,0.7058,917.2408447265625,859.0,130.39633178710938,4.714470137470853,21.87834296680697,3.6313367608752385,0.0,39.3952522277832,86.12773895263672,23.6353702545166
2021-08-31,28.75,94.5,Non-Landslide Grid,Non-Landslide Grid,"Grid (28.75, 94.5)",0,23.329486846923828,177.58924865722656,455.0201110839844,609.7242431640625,844.2479858398438,0.42204284667969116,0.2968,2875.245361328125,3705.0,813.9151000976562,22.60490357523754,45.50286324694302,7.307042541447593,16.13888888888889,178.1750030517578,257.02459716796875,43.789249420166016
2022-04-14,28.25,94.0,Non-Landslide Grid,Non-Landslide Grid,"Grid (28.25, 94.0)",0,55.160072326660156,55.160072326660156,118.8725814819336,350.1739196777344,480.6845397949219,0.42864227294921675,0.8106,1662.87109375,3236.0,655.32568359375,22.501211133020682,44.92387386698158,7.803639257474414,17.22222222222222,179.7222900390625,264.5437316894531,46.65967559814453
2024-02-29,27.75,94.0,Non-Landslide Grid,Non-Landslide Grid,"Grid (27.75, 94.0)",0,1.2210164070129395,1.2210164070129395,10.203458786010742,18.801252365112305,35.552127838134766,0.4063491821288794,0.5013000000000001,1244.3663330078125,2129.0,494.1430969238281,16.013889717688308,36.17063874593479,5.910114147919774,0.9444444444444444,127.07389068603516,186.63514709472656,33.358192443847656
2025-03-28,23.0,93.0,Non-Landslide Grid,Non-Landslide Grid,"Grid (23.0, 93.0)",0,0.0,0.0,0.0,0.0,0.0,0.12557983398441866,0.6556000000000001,813.435546875,1526.0,313.7331237792969,13.910047655436767,36.984187970396455,6.239450011864485,0.4722222222222222,113.52469635009766,177.9695587158203,35.84268569946289
2020-10-15,26.5,94.25,Non-Landslide Grid,Non-Landslide Grid,"Grid (26.5, 94.25)",0,0.0,1.7791037559509277,9.022829055786133,46.39035415649414,153.65228271484375,0.4591751098633494,0.9232,189.35638427734375,810.0,108.3760986328125,2.4571540846781,28.84645973882282,3.593153905716134,0.0,19.35856819152832,70.91165161132812,25.592174530029297
2021-03-23,25.0,94.5,Non-Landslide Grid,Non-Landslide Grid,"Grid (25.0, 94.5)",0,0.0,0.0,0.0,5.434344291687012,13.14842414855957,0.13394165039061204,0.6584,1378.5263671875,2180.0,438.4300842285156,14.554947883626378,35.765322037924,5.378780229956303,0.19444444444444445,114.65390014648438,162.11016845703125,28.52706527709961
2023-03-17,26.25,93.25,Non-Landslide Grid,Non-Landslide Grid,"Grid (26.25, 93.25)",0,0.0,0.9712517261505127,0.9712517261505127,1.9718332290649414,6.326032638549805,0.3309936523438508,0.6085,421.1025085449219,1197.0,233.43887329101562,5.674969062576112,22.480056599441713,4.336467390033529,0.0,45.47773742675781,97.27072143554688,29.292335510253906
2020-07-10,23.75,93.0,Mizoram,Aizawl,Phullen5,1,33.11825180053711,43.69086456298828,70.00656127929688,123.79725646972656,216.20736694335938,0.41289520263671103,0.9144,846.58056640625,1551.0,295.62164306640625,12.443905721054815,41.06645447367599,5.871977630744481,0.8333333333333334,100.92674255371094,161.78762817382812,35.075111389160156
2021-01-20,26.5,95.0,Non-Landslide Grid,Non-Landslide Grid,"Grid (26.5, 95.0)",0,0.5024191737174988,0.5024191737174988,0.5024191737174988,1.345611810684204,1.345611810684204,0.37196350097656955,0.8332,1117.9442138671875,2290.0,539.2392578125,13.935030303286451,29.537497348062463,6.369523827887884,0.0,107.99993133544922,165.35928344726562,37.627197265625
2025-06-15,27.25,93.75,Non-Landslide Grid,Non-Landslide Grid,"Grid (27.25, 93.75)",0,0.0,0.1624508798122406,7.840461730957031,202.63104248046875,466.97088623046875,0.4342956542967509,0.8530000000000001,814.7469482421875,2218.0,532.883056640625,12.053527878270337,33.23254959940221,7.3377975403262505,0.6944444444444444,96.2323226928711,171.03543090820312,49.406044006347656
2024-07-23,28.0,96.25,Non-Landslide Grid,Non-Landslide Grid,"Grid (28.0, 96.25)",0,12.52601432800293,21.3673038482666,27.538537979125977,53.960105895996094,380.29449462890625,0.42211914062499956,0.9336,1010.63916015625,3248.0,717.9768676757812,14.608358823290267,50.58299895207718,11.25750624294583,9.5,115.78157806396484,248.3529510498047,84.56777954101562
2020-07-14,25.5,91.25,Meghalaya,West Khasi Hills,Nongstoin Block C&RD,1,42.555625915527344,345.6295471191406,1296.25732421875,1552.403076171875,3570.6396484375,0.4319763183594031,0.5787,1314.7471923828125,1195.0,194.55389404296875,3.6992724359140388,23.36189833434982,3.001264442394166,0.0,31.342395782470703,79.38065338134766,22.051706314086914
2020-12-23,27.75,92.0,Non-Landslide Grid,Non-Landslide Grid,"Grid (27.75, 92.0)",0,0.0,0.0,0.5166624784469604,0.7294058799743652,2.890347480773926,0.3554992675779674,0.4851,4297.740234375,3118.0,569.5491333007812,17.14904053708627,53.35791702363412,8.924339215195232,8.583333333333334,138.8452911376953,248.68756103515625,63.69837188720703
2025-06-02,26.0,95.0,Non-Landslide Grid,Non-Landslide Grid,"Grid (26.0, 95.0)",0,2.6331400871276855,50.44760513305664,86.0604019165039,161.01332092285156,244.58457946777344,0.42419433593762,0.8433,1610.9891357421875,2688.0,589.7425537109375,16.027499746653127,40.90710192479149,5.811093611007914,1.2222222222222223,125.35421752929688,178.60330200195312,32.72863006591797
2024-01-09,26.0,93.25,Non-Landslide Grid,Non-Landslide Grid,"Grid (26.0, 93.25)",0,0.0,0.0,0.0,0.0,0.0,0.2950515747070389,0.5835,189.2513885498047,451.0,83.03459930419922,2.0104656236977556,16.68519870123601,2.0140117777215854,0.0,16.337059020996094,43.61671447753906,14.256046295166016
2022-05-23,26.5,91.0,Non-Landslide Grid,Non-Landslide Grid,"Grid (26.5, 91.0)",0,0.0,9.597733497619629,190.8131561279297,456.8298645019531,488.7021789550781,0.41503906250000827,0.5697,46.88249969482422,23.0,4.239080429077148,0.16876433319302767,1.0188617306461003,0.11663258871731852,0.0,1.5922232866287231,3.0618622303009033,0.7721940279006958
2024-10-14,24.25,94.25,Non-Landslide Grid,Non-Landslide Grid,"Grid (24.25, 94.25)",0,0.0,1.6194734573364258,15.891420364379883,98.9638671875,170.88961791992188,0.44022750854501275,0.8873000000000001,480.40582275390625,1260.0,290.3222961425781,6.270173512438982,22.01110060871449,4.972308546349556,0.0,50.020259857177734,104.46087646484375,34.80989456176758
2020-06-27,27.5,88.5,Sikkim,North Sikkim,Hee Gyanthang,1,61.33052444458008,169.75730895996094,247.52757263183594,468.8948059082031,740.1098022460938,0.4292449951171872,0.8506,2168.81982421875,3697.0,796.494384765625,23.632660743125502,49.23240538360047,7.919056484581935,20.916666666666668,188.52566528320312,282.9498291015625,52.20234680175781
2025-05-16,28.25,94.0,Non-Landslide Grid,Non-Landslide Grid,"Grid (28.25, 94.0)",0,17.330171585083008,30.231552124023438,36.478851318359375,47.052093505859375,105.10865020751953,0.4176254272460875,0.6212,1662.87109375,3236.0,655.32568359375,22.501211133020682,44.92387386698158,7.803639257474414,17.22222222222222,179.7222900390625,264.5437316894531,46.65967559814453
2022-07-14,27.5,93.5,Non-Landslide Grid,Non-Landslide Grid,"Grid (27.5, 93.5)",0,0.33564773201942444,4.242225646972656,16.768295288085938,119.62491607666016,714.88037109375,0.4277954101562254,0.872,1917.9405517578125,2523.0,500.17767333984375,14.147153603782364,31.41134724949093,5.455348304784422,0.2222222222222222,110.25569152832031,166.48976135253906,32.25537872314453
2020-04-27,27.75,93.5,Non-Landslide Grid,Non-Landslide Grid,"Grid (27.75, 93.5)",0,0.0,6.4839558601379395,39.64307403564453,78.9822998046875,92.87822723388672,0.39804077148434924,0.8229000000000001,1602.0572509765625,2656.0,483.55938720703125,16.271410052414023,38.71420090681496,6.355502250626034,1.25,128.99514770507812,191.6719207763672,36.09746551513672
2023-11-12,22.5,92.75,Non-Landslide Grid,Non-Landslide Grid,"Grid (22.5, 92.75)",0,0.0,0.0,0.0,0.0,41.38041687011719,0.22788238525393,0.8698,417.3094482421875,1056.0,222.3340301513672,9.051629002092756,29.277202621801816,5.429355172156811,0.0,73.64885711669922,131.6678924560547,34.930362701416016
2024-05-10,27.0,95.5,Non-Landslide Grid,Non-Landslide Grid,"Grid (27.0, 95.5)",0,0.5243062376976013,10.501497268676758,23.83262825012207,212.2686004638672,366.1495666503906,0.48948669433579256,0.7416,878.2063598632812,2074.0,480.03131103515625,12.628306626968714,39.39458957264711,7.148450419557855,0.8055555555555556,98.7378921508789,179.43768310546875,47.5245246887207
2022-11-10,28.5,95.75,Non-Landslide Grid,Non-Landslide Grid,"Grid (28.5, 95.75)",0,0.0,0.0,0.0,4.287194728851318,174.33970642089844,0.33683776855471437,0.8897,1452.072509765625,2728.0,539.487060546875,22.310271837469433,43.22261989189705,8.01152758549326,17.333333333333336,182.08642578125,260.0995788574219,44.85043716430664
2024-12-25,23.75,91.75,Non-Landslide Grid,Non-Landslide Grid,"Grid (23.75, 91.75)",0,0.0,0.0,0.392421692609787,0.392421692609787,6.208404541015625,0.18409347534184664,0.8081,123.81305694580078,262.0,43.23754119873047,1.5564138210253045,12.083930312074296,1.4237959496706716,0.0,13.421937942504883,38.834102630615234,10.836121559143066
2025-05-30,25.5,91.75,Meghalaya,East Khasi Hills,Mylliem Landslide 9,1,140.50730895996094,148.46109008789062,196.48526000976562,387.7179260253906,528.7616577148438,0.5165710449218512,0.8818,1670.7216796875,913.0,153.39508056640625,5.919859729912694,32.03817497959001,5.573524917136624,0.1388888888888889,48.907474517822266,137.64651489257812,39.82622146606445
2020-03-20,24.25,94.0,Non-Landslide Grid,Non-Landslide Grid,"Grid (24.25, 94.0)",0,0.0,0.0,0.0,3.795132875442505,12.383198738098145,0.28047180175758435,0.7010000000000001,1108.9971923828125,1186.0,211.2830047607422,9.72204202992706,28.300647142322283,5.399202084474063,0.0,78.39988708496094,132.37979125976562,34.178977966308594
2020-06-08,24.75,93.0,Assam,Cachar,SDMA/AS/2020/SONAI3,1,2.852910280227661,11.8728609085083,147.4499053955078,343.9496154785156,403.38201904296875,0.4176330566406086,0.7334,62.61916732788086,690.0,84.31732177734375,1.6367193980536439,30.097787496872282,3.1067266734390007,0.05555555555555555,13.475712776184082,55.42180252075195,22.83565330505371
2020-05-30,27.5,91.75,Non-Landslide Grid,Non-Landslide Grid,"Grid (27.5, 91.75)",0,1.9123871326446533,9.183862686157227,74.9049301147461,211.19007873535156,281.7126159667969,0.423126220703129,0.8150000000000001,2484.64453125,3419.0,679.2225341796875,21.62838767833097,43.71481016920231,7.461654150626737,13.361111111111112,170.77972412109375,248.0215606689453,46.129119873046875
2022-10-29,24.0,92.75,Non-Landslide Grid,Non-Landslide Grid,"Grid (24.0, 92.75)",0,0.0,0.0,27.497331619262695,49.0534782409668,129.99851989746094,0.3547439575195303,0.8954000000000001,413.1927795410156,1166.0,224.97134399414062,9.87710112852536,28.642389605063794,5.463043876220932,0.0,78.46573638916016,133.672607421875,33.23142623901367
2023-06-23,28.25,95.0,Arunachal Pradesh,West Siang,Pangin Landslide Aalo Pangin Landslide,1,3.050828695297241,123.6302490234375,158.47708129882812,322.8631286621094,377.81304931640625,0.407264709472668,0.8324,910.6333618164062,1889.0,404.7454528808594,17.056438182879226,34.66714758614648,6.508510630460296,1.5555555555555556,135.1522674560547,193.98526000976562,35.65961837768555
2024-06-28,25.5,91.75,Meghalaya,Sohiong Landslide,Mawmaram Road,1,18.802034378051758,54.71991729736328,60.219886779785156,283.3063049316406,792.685302734375,0.46706390380860247,0.7817000000000001,1670.7216796875,913.0,153.39508056640625,5.919859729912694,32.03817497959001,5.573524917136624,0.1388888888888889,48.907474517822266,137.64651489257812,39.82622146606445
2025-05-07,28.0,95.5,Non-Landslide Grid,Non-Landslide Grid,"Grid (28.0, 95.5)",0,0.0,3.7619292736053467,16.148561477661133,195.94883728027344,218.279296875,0.3959503173828313,0.8192,153.6744384765625,120.0,26.328083038330078,0.3271957680866793,1.892378376948654,0.2577120323122031,0.0,2.6049110889434814,6.206344127655029,1.7037417888641357
2024-11-04,26.5,90.75,Non-Landslide Grid,Non-Landslide Grid,"Grid (26.5, 90.75)",0,0.0,1.2711920738220215,43.148807525634766,69.40413665771484,195.19015502929688,0.33479309082034303,0.4708,54.024444580078125,234.0,14.469660758972168,0.37174232379941785,14.821543779722273,1.1144722758464185,0.0,3.3137152194976807,3.9536359310150146,8.71249008178711
2020-01-30,28.0,94.75,Non-Landslide Grid,Non-Landslide Grid,"Grid (28.0, 94.75)",0,0.0,0.0,6.12023401260376,19.602828979492188,47.720523834228516,0.4102478027343348,0.8779,868.9953002929688,1410.0,281.4892883300781,11.962375729382549,31.314883041830033,5.951567221273456,0.08333333333333334,95.5738525390625,158.34274291992188,36.94168472290039
2020-08-20,25.5,94.5,Manipur,Senapati,Laii Village,1,14.654146194458008,52.40571594238281,110.73008728027344,204.76858520507812,282.372802734375,0.4723968505858653,0.8549,1214.94775390625,1524.0,263.10931396484375,13.416159594748445,31.77914876142218,5.575241901226998,0.2222222222222222,104.84436798095703,152.53733825683594,28.473220825195312
2020-11-20,27.75,92.5,Non-Landslide Grid,Non-Landslide Grid,"Grid (27.75, 92.5)",0,3.0441854000091553,8.434528350830078,8.434528350830078,8.434528350830078,48.45210647583008,0.4079895019531717,0.747,4377.3154296875,5194.0,1113.9825439453125,21.100657327369863,63.4159229865863,10.862379104843441,19.666666666666664,173.0258026123047,327.3728942871094,88.62701416015625
2024-10-06,27.25,88.5,Non-Landslide Grid,Non-Landslide Grid,"Grid (27.25, 88.5)",0,1.3478766679763794,48.69374084472656,103.45143127441406,377.7384948730469,496.9483947753906,0.41456604003907127,0.8134,1310.343017578125,2905.0,563.8278198242188,19.43016042352437,44.443769020233006,6.897398642525547,5.361111111111111,150.6671905517578,223.98939514160156,42.2029914855957
2020-05-13,24.25,93.75,Non-Landslide Grid,Non-Landslide Grid,"Grid (24.25, 93.75)",0,0.3902067542076111,0.3902067542076111,1.0777673721313477,52.47540283203125,114.48722839355469,0.36125946044921303,0.7055,994.7269287109375,1043.0,182.2924041748047,7.360570159897605,25.41189288464773,4.916189633151522,0.0,59.225154876708984,113.87767028808594,32.43421936035156
2022-04-17,27.75,97.0,Non-Landslide Grid,Non-Landslide Grid,"Grid (27.75, 97.0)",0,57.215370178222656,159.84259033203125,228.592529296875,496.68475341796875,702.0914306640625,0.42453002929687506,0.7572,2927.447998046875,3348.0,798.8855590820312,23.93215221198625,52.00139621883584,8.939823506109038,27.333333333333332,193.59352111816406,285.50946044921875,55.51548385620117
2022-05-15,25.25,93.0,Assam,Dima Hasao,L7 Near Halflong Railway Station,1,13.70791244506836,171.51666259765625,325.0523681640625,348.9837951660156,558.1865234375,0.47109222412107926,0.7867000000000001,581.3922119140625,1271.0,220.6673126220703,7.95753565762605,30.952647139700577,4.65836575833331,0.027777777777777776,63.11333465576172,118.19319915771484,29.522968292236328
2022-08-28,25.25,91.5,Non-Landslide Grid,Non-Landslide Grid,"Grid (25.25, 91.5)",0,134.38873291015625,135.09237670898438,204.92019653320312,304.9930419921875,574.054443359375,0.4955139160156216,0.8107000000000001,653.3880615234375,1748.0,565.5803833007812,9.294597714521347,34.68336982930679,8.295642727190083,0.6666666666666667,75.68921661376953,180.33497619628906,60.4273567199707
2021-06-29,25.5,93.0,Non-Landslide Grid,Non-Landslide Grid,"Grid (25.5, 93.0)",0,5.93019437789917,14.42066764831543,26.59195899963379,74.76172637939453,123.99237060546875,0.4909057617186369,0.8688,260.9808349609375,528.0,109.60199737548828,3.776929962821571,21.606093697370188,3.0086132985999514,0.0,32.426116943359375,75.30668640136719,21.059011459350586
2023-03-31,23.75,91.75,Tripura,Khowai,Teliamura Landslide 45 mile area of Atharamura hill range,1,9.622602462768555,28.612812042236328,38.850608825683594,65.00330352783203,70.3669662475586,0.3543319702148702,0.6168,123.81305694580078,262.0,43.23754119873047,1.5564138210253045,12.083930312074296,1.4237959496706716,0.0,13.421937942504883,38.834102630615234,10.836121559143066
2025-05-30,25.75,92.0,Meghalaya,Ri Bhoi,Umnget Landslide,1,103.3324966430664,111.45738983154297,142.70361328125,261.2294921875,363.6540222167969,0.5154647827148221,0.6665,917.2408447265625,859.0,130.39633178710938,4.714470137470853,21.87834296680697,3.6313367608752385,0.0,39.3952522277832,86.12773895263672,23.6353702545166
2025-11-22,26.75,90.75,Non-Landslide Grid,Non-Landslide Grid,"Grid (26.75, 90.75)",0,0.0,0.0,0.0,0.0,73.2220458984375,0.1764831542969068,0.8509,397.88916015625,1659.0,368.8592224121094,6.26488665703956,35.0730648698001,8.128569312154193,0.4722222222222222,49.33185577392578,167.44772338867188,61.67043685913086
2024-05-09,25.75,94.75,Non-Landslide Grid,Non-Landslide Grid,"Grid (25.75, 94.75)",0,5.743504047393799,7.433955192565918,30.447629928588867,48.11714553833008,150.76039123535156,0.4089279174801554,0.673,1144.83837890625,2030.0,426.00848388671875,16.093799853557623,38.850931907454914,6.157238975562164,1.1944444444444444,126.68045043945312,188.8299560546875,34.381961822509766
2023-04-03,27.5,91.75,Non-Landslide Grid,Non-Landslide Grid,"Grid (27.5, 91.75)",0,1.8560596704483032,6.321226596832275,31.43771743774414,68.5447769165039,102.44695281982422,0.424835205078132,0.7392000000000001,2484.64453125,3419.0,679.2225341796875,21.62838767833097,43.71481016920231,7.461654150626737,13.361111111111112,170.77972412109375,248.0215606689453,46.129119873046875
2024-05-16,27.75,93.5,Arunachal Pradesh,KurungKu mey,Pach Nallah Landslide Between Leel village and Tagum camp/6 kilo under Sangram circle,1,2.4617533683776855,2.4617533683776855,6.63372802734375,42.708492279052734,137.05360412597656,0.4247970581054653,0.8039000000000001,1602.0572509765625,2656.0,483.55938720703125,16.271410052414023,38.71420090681496,6.355502250626034,1.25,128.99514770507812,191.6719207763672,36.09746551513672
2021-08-06,26.25,91.75,Assam,Kamrup metro,Borbari,1,0.0,0.1559019833803177,16.283748626708984,73.304443359375,146.90476989746094,0.4889640808105272,0.8674000000000001,67.3949966430664,295.0,37.075172424316406,1.4509254283381814,16.29219827144022,2.417741974738188,0.0,12.47722339630127,53.43284225463867,18.373598098754883
2024-04-12,26.5,91.75,Non-Landslide Grid,Non-Landslide Grid,"Grid (26.5, 91.75)",0,0.0,0.0,0.0,13.88025188446045,56.967620849609375,0.3672943115234709,0.5771000000000001,62.77527618408203,27.0,5.656883716583252,0.155229743002666,0.5826327978107191,0.08573889757010468,0.0,1.5102808475494385,2.5,0.5472370982170105
2021-06-12,29.0,95.25,Non-Landslide Grid,Non-Landslide Grid,"Grid (29.0, 95.25)",0,21.890640258789062,27.536943435668945,59.536582946777344,110.74513244628906,464.2191162109375,0.425163269042971,0.0402,3296.288330078125,2693.0,546.5750732421875,17.61262073798802,40.441292529630225,7.068092262748073,3.3333333333333335,142.9497528076172,210.301513671875,39.51340866088867
2022-01-20,27.5,96.5,Non-Landslide Grid,Non-Landslide Grid,"Grid (27.5, 96.5)",0,0.0,0.0,7.604465007781982,44.51443862915039,49.669368743896484,0.433700561523504,0.6149,1077.08056640625,2976.0,465.3326721191406,12.640977201658412,38.92595716757484,7.13953799670703,2.3333333333333335,98.56029510498047,199.70248413085938,50.579246520996094
2025-09-17,26.75,94.0,Non-Landslide Grid,Non-Landslide Grid,"Grid (26.75, 94.0)",0,18.837982177734375,44.377899169921875,81.42501068115234,168.98484802246094,282.0586242675781,0.47010803222654673,0.7851,84.86194610595703,29.0,5.00822639465332,0.17903397817091066,1.3870702743437402,0.1286096935612845,0.0,1.6630210876464844,3.1632628440856934,0.8715327382087708
2023-10-29,26.25,92.75,Non-Landslide Grid,Non-Landslide Grid,"Grid (26.25, 92.75)",0,0.0,0.9445943236351013,1.007567286491394,1.846003770828247,87.87590789794922,0.363094329834002,0.774,134.39443969726562,739.0,152.9081268310547,2.03556003100252,24.481392636733343,4.03503936010858,0.0,16.41988754272461,94.49658966064453,30.449844360351562
2021-09-30,27.0,95.75,Non-Landslide Grid,Non-Landslide Grid,"Grid (27.0, 95.75)",0,0.0,6.415834903717041,6.415834903717041,24.873395919799805,54.03972244262695,0.47100830078128414,0.9331,1342.9383544921875,1991.0,453.0468444824219,16.10166883275908,33.87289449042497,6.195499275413429,0.5277777777777778,125.71900939941406,176.2679901123047,32.73480987548828
2021-07-19,24.75,93.5,Manipur,Tamenglong,8km towards Thingou,1,18.404672622680664,26.70461654663086,46.212928771972656,60.72477722167969,117.14956665039062,0.41778564453128153,0.875,656.288330078125,1534.0,273.30828857421875,13.92695372753795,35.9465555765086,6.308069798004876,0.7777777777777778,110.30641174316406,178.22549438476562,37.871456146240234
2021-01-11,24.0,92.5,Non-Landslide Grid,Non-Landslide Grid,"Grid (24.0, 92.5)",0,0.0,0.0,0.0,0.0,0.0,0.17503356933596015,0.8222,278.63360595703125,864.0,195.9539794921875,7.443317121808474,26.943935612493448,5.500279187235453,0.0,58.76435852050781,123.90907287597656,36.05270004272461
2023-01-08,24.0,92.75,Non-Landslide Grid,Non-Landslide Grid,"Grid (24.0, 92.75)",0,0.0,0.0,0.0,6.479152679443359,6.479152679443359,0.18930053710938352,0.8379000000000001,413.1927795410156,1166.0,224.97134399414062,9.87710112852536,28.642389605063794,5.463043876220932,0.0,78.46573638916016,133.672607421875,33.23142623901367
2021-12-14,26.75,93.0,Non-Landslide Grid,Non-Landslide Grid,"Grid (26.75, 93.0)",0,0.0,0.24236266314983368,0.9579951763153076,0.9579951763153076,7.9911885261535645,0.22653961181645044,0.4604,76.99722290039062,54.0,7.969385147094727,0.20260103374914112,1.2051084865701036,0.15606920765892474,0.0,1.8137434720993042,4.183300018310547,1.0959464311599731
2020-09-05,25.75,94.5,Non-Landslide Grid,Non-Landslide Grid,"Grid (25.75, 94.5)",0,0.0,7.646402359008789,35.39332962036133,72.63945007324219,323.398681640625,0.45443725585939904,0.9051,1396.2308349609375,2013.0,408.9830322265625,16.617851510009896,35.81275418340396,6.12449676554779,0.4166666666666667,128.43576049804688,179.00991821289062,30.28059196472168
2025-05-16,25.5,90.75,Non-Landslide Grid,Non-Landslide Grid,"Grid (25.5, 90.75)",0,11.559235572814941,187.0552215576172,258.55230712890625,301.9996032714844,431.75518798828125,0.47136688232431156,0.7388,390.7541809082031,869.0,137.77670288085938,4.502417572893615,24.515239572592176,3.4412196162224515,0.0,36.87894058227539,86.07024383544922,23.63579559326172
2025-02-18,25.75,91.75,Non-Landslide Grid,Non-Landslide Grid,"Grid (25.75, 91.75)",0,0.0,0.0,0.0,0.0,2.585369110107422,0.2778472900390733,0.6132000000000001,806.6327514648438,1218.0,244.60678100585938,4.8513282190506875,23.125668861377935,3.9623545317341726,0.0,39.709774017333984,96.14913940429688,26.952320098876953
2023-07-12,27.75,92.5,Non-Landslide Grid,Non-Landslide Grid,"Grid (27.75, 92.5)",0,25.579477310180664,73.54244995117188,169.8615264892578,265.9534606933594,427.656982421875,0.4281158447265632,0.0173,4377.3154296875,5194.0,1113.9825439453125,21.100657327369863,63.4159229865863,10.862379104843441,19.666666666666664,173.0258026123047,327.3728942871094,88.62701416015625
2023-03-22,27.75,94.0,Non-Landslide Grid,Non-Landslide Grid,"Grid (27.75, 94.0)",0,1.9710747003555298,11.134645462036133,18.593000411987305,19.054399490356445,45.11589431762695,0.42556762695312955,0.5780000000000001,1244.3663330078125,2129.0,494.1430969238281,16.013889717688308,36.17063874593479,5.910114147919774,0.9444444444444444,127.07389068603516,186.63514709472656,33.358192443847656
2020-06-25,26.0,92.5,Non-Landslide Grid,Non-Landslide Grid,"Grid (26.0, 92.5)",0,31.958946228027344,47.91310119628906,73.73611450195312,125.10297393798828,262.51678466796875,0.48115539550780273,0.9037,353.65972900390625,678.0,190.900390625,4.571070359635543,22.66155124479494,3.7939397398009924,0.0,37.79451370239258,90.0302734375,26.104530334472656
2022-08-28,26.0,91.5,Non-Landslide Grid,Non-Landslide Grid,"Grid (26.0, 91.5)",0,8.832841873168945,20.252471923828125,63.618377685546875,70.41302490234375,346.165771484375,0.4989166259765369,0.6659,140.79083251953125,633.0,141.95619201660156,3.0672199291626563,21.513750580420666,4.1192893226981155,0.0,25.340831756591797,86.41690063476562,30.186782836914062
2023-02-06,26.25,95.0,Non-Landslide Grid,Non-Landslide Grid,"Grid (26.25, 95.0)",0,0.0,0.0,0.0,0.0,0.0649968683719635,0.18313598632839267,0.7867000000000001,1651.8433837890625,2099.0,427.3861389160156,16.836851288160602,35.73543845149518,5.834910603546995,0.6666666666666667,130.60438537597656,183.2027130126953,30.21045684814453
2024-07-23,26.25,90.75,Non-Landslide Grid,Non-Landslide Grid,"Grid (26.25, 90.75)",0,12.779438972473145,56.72899627685547,82.47648620605469,269.88433837890625,553.2774658203125,0.38159179687510003,0.1215,40.997222900390625,246.0,14.89873218536377,0.38377147259691174,15.07324362771753,1.2015252087860544,0.0,3.3882267475128174,8.346028327941895,9.299248695373535
2023-05-08,28.25,93.75,Non-Landslide Grid,Non-Landslide Grid,"Grid (28.25, 93.75)",0,6.5083394050598145,37.443241119384766,66.8031005859375,85.36933898925781,134.73487854003906,0.4269676208496064,0.7601,2163.187744140625,3233.0,651.02685546875,21.59219516730122,43.9618607568965,7.902084776124613,14.63888888888889,170.12351989746094,251.8534393310547,47.64670944213867
2021-03-28,27.0,92.25,Non-Landslide Grid,Non-Landslide Grid,"Grid (27.0, 92.25)",0,0.0,0.0,0.8000935912132263,0.9171804785728455,10.474575996398926,0.3413848876950991,0.7869,1233.8455810546875,2768.0,810.8165893554688,12.77755647404526,38.20715044651788,8.378771528762524,2.2222222222222223,102.58639526367188,202.26300048828125,60.985599517822266
2020-05-27,29.0,95.75,Non-Landslide Grid,Non-Landslide Grid,"Grid (29.0, 95.75)",0,68.4179458618164,358.0451354980469,529.9447631835938,659.6989135742188,740.6026611328125,0.42571258544920987,0.8340000000000001,2693.1171875,2659.0,597.2941284179688,20.04413101306634,46.30535104953282,8.14454990383965,11.277777777777779,157.62924194335938,251.07626342773438,49.54834747314453
2022-07-26,25.25,92.25,Non-Landslide Grid,Non-Landslide Grid,"Grid (25.25, 92.25)",0,1.6867854595184326,49.55727767944336,102.12985229492188,134.4453125,233.48081970214844,0.47962188720694676,0.735,776.0238647460938,1322.0,357.3675231933594,5.895885341126151,25.47091491614314,4.7990301285115855,0.0,47.91184997558594,115.95841217041016,34.28144836425781
2023-08-27,26.0,91.0,Non-Landslide Grid,Non-Landslide Grid,"Grid (26.0, 91.0)",0,26.203847885131836,48.85929870605469,77.64839935302734,141.56390380859375,250.65936279296875,0.4750366210937693,0.7448,71.23139190673828,516.0,73.41050720214844,1.2930697934097897,23.16556601795955,3.108993288451381,0.0,10.812939643859863,62.34619903564453,22.8721923828125
2023-12-12,26.5,90.0,Non-Landslide Grid,Non-Landslide Grid,"Grid (26.5, 90.0)",0,0.0,0.0,2.707230806350708,2.707230806350708,2.707230806350708,0.2168884277345128,0.5596,56.6533317565918,52.0,9.820548057556152,0.14294568489143822,1.6674019570925946,0.12519815859582314,0.0,1.2561147212982178,2.7838821411132812,0.8265275359153748
2024-06-26,27.0,92.5,Arunachal Pradesh,West Kameng,Tippi Landslide Road connecting Bomdila-Seppa- Tawang.,1,44.41921615600586,106.03366088867188,118.43234252929688,181.56231689453125,356.80218505859375,0.42785644531259176,0.8589,741.2086181640625,3050.0,695.518798828125,9.641513969355696,38.87096797564732,8.623184388668472,1.5,77.50574493408203,186.1094207763672,64.16087341308594
2020-04-27,27.0,92.75,Non-Landslide Grid,Non-Landslide Grid,"Grid (27.0, 92.75)",0,0.0,6.650030136108398,51.04021453857422,73.74620819091797,84.55872344970703,0.3594055175780758,0.5996,255.40916442871094,1151.0,220.32513427734375,4.391100052618022,30.847493056603906,5.430744113028418,0.027777777777777776,34.97422409057617,121.67218017578125,40.59346008300781
2021-01-26,25.0,93.0,Non-Landslide Grid,Non-Landslide Grid,"Grid (25.0, 93.0)",0,0.0,0.0,7.996086597442627,7.996086597442627,7.996086597442627,0.18078613281253514,0.8384,384.5722351074219,1608.0,385.2471923828125,8.070900757120183,30.662939686285355,7.316109477494315,0.027777777777777776,64.66639709472656,154.00979614257812,53.41328811645508
2020-03-13,25.75,91.0,Non-Landslide Grid,Non-Landslide Grid,"Grid (25.75, 91.0)",0,0.0,0.0,10.971430778503418,22.116687774658203,44.02635955810547,0.36872100830081134,0.7036,612.0349731445312,1050.0,238.98846435546875,5.518916070345803,23.40411643741614,4.103124402802134,0.0,45.028480529785156,96.34597778320312,25.762800216674805
2024-05-28,24.75,93.75,Manipur,Imphal Landslide,Imphal Jiribam Road,1,68.68081665039062,113.2792739868164,113.42556762695312,120.01826477050781,260.0349426269531,0.48325347900402704,0.7985,961.0741577148438,1622.0,285.96246337890625,8.732390351927053,32.08217257943746,7.811996970500874,0.08333333333333334,67.09193420410156,153.63829040527344,56.0186767578125
2023-03-03,27.5,94.5,Non-Landslide Grid,Non-Landslide Grid,"Grid (27.5, 94.5)",0,0.0,0.0,6.607520580291748,64.11714935302734,86.90768432617188,0.2868804931642093,0.4612,154.8491668701172,849.0,136.64370727539062,2.0181369604907906,31.548979054872365,4.708029144356517,0.05555555555555555,16.22595977783203,111.13555908203125,36.23345947265625
2022-04-12,28.0,92.75,Non-Landslide Grid,Non-Landslide Grid,"Grid (28.0, 92.75)",0,0.0,7.51387882232666,27.154800415039062,99.47496032714844,170.88052368164062,0.39327239990243334,-0.0192,4814.02685546875,3975.0,845.1657104492188,21.301964424701307,48.84623300066791,8.704132388893726,17.11111111111111,170.64649963378906,271.9714660644531,58.69367599487305
2022-05-15,25.25,93.0,Assam,Dima Hasao,"L30 Near Kendri Vidyalaya, Halflong",1,13.70791244506836,171.51666259765625,325.0523681640625,348.9837951660156,558.1865234375,0.47109222412107926,0.7867000000000001,581.3922119140625,1271.0,220.6673126220703,7.95753565762605,30.952647139700577,4.65836575833331,0.027777777777777776,63.11333465576172,118.19319915771484,29.522968292236328
2025-04-20,28.25,93.75,Non-Landslide Grid,Non-Landslide Grid,"Grid (28.25, 93.75)",0,2.3609683513641357,2.4783740043640137,9.356575012207031,26.35546875,34.25008010864258,0.41691207885741716,0.7079000000000001,2163.187744140625,3233.0,651.02685546875,21.59219516730122,43.9618607568965,7.902084776124613,14.63888888888889,170.12351989746094,251.8534393310547,47.64670944213867
2022-07-29,26.25,90.25,Non-Landslide Grid,Non-Landslide Grid,"Grid (26.25, 90.25)",0,2.647221326828003,7.923883438110352,65.99296569824219,134.5685272216797,162.20130920410156,0.4229736328124808,0.6578,46.04166793823242,345.0,37.442012786865234,0.7831241559738612,18.369590637491665,2.120966203950077,0.0,6.556437015533447,43.48411560058594,15.787139892578125
2022-11-10,26.0,94.25,Non-Landslide Grid,Non-Landslide Grid,"Grid (26.0, 94.25)",0,0.0,0.0,0.0,0.0,46.667945861816406,0.3875122070312573,0.8141,885.2597045898438,1675.0,304.77520751953125,11.490526964431924,35.483394617014326,4.835898006153164,0.05555555555555555,89.0573959350586,133.66107177734375,26.900562286376953
2023-10-06,26.25,91.75,Assam,Kamrup Metro,Bamunimaidam Landslide Bamunimaidam area,1,35.33826446533203,99.84735870361328,120.7785873413086,155.64413452148438,226.9127197265625,0.46958923339848535,0.8729,67.3949966430664,295.0,37.075172424316406,1.4509254283381814,16.29219827144022,2.417741974738188,0.0,12.47722339630127,53.43284225463867,18.373598098754883
2021-06-10,26.0,91.75,Non-Landslide Grid,Non-Landslide Grid,"Grid (26.0, 91.75)",0,0.0,11.271310806274414,63.95940017700195,136.26075744628906,234.34645080566406,0.4713668823241959,0.8933000000000001,323.899169921875,766.0,135.91363525390625,4.957392974049627,20.61693827486847,3.3378267914883613,0.0,42.12355041503906,83.86418151855469,22.39252471923828
2022-10-25,25.75,93.5,Non-Landslide Grid,Non-Landslide Grid,"Grid (25.75, 93.5)",0,33.54896545410156,40.12460708618164,43.230506896972656,62.02942657470703,119.88323974609375,0.4865036010742064,0.8802000000000001,227.40277099609375,203.0,31.68953514099121,1.0207360884141397,5.919642534555406,0.6974274536843569,0.0,8.528032302856445,17.773048400878906,4.812337875366211
2024-04-28,25.75,91.25,Non-Landslide Grid,Non-Landslide Grid,"Grid (25.75, 91.25)",0,0.0,0.0,0.0,14.263409614562988,41.73875427246094,0.3613815307617141,0.5871000000000001,792.6266479492188,1677.0,434.1313781738281,6.670281381604456,25.678172357585424,4.56527595296834,0.0,53.652339935302734,111.09485626220703,29.337688446044922
2022-11-26,26.5,91.75,Non-Landslide Grid,Non-Landslide Grid,"Grid (26.5, 91.75)",0,0.0,0.0,0.0,0.0,0.17232932150363922,0.29303741455078214,0.5534,62.77527618408203,27.0,5.656883716583252,0.155229743002666,0.5826327978107191,0.08573889757010468,0.0,1.5102808475494385,2.5,0.5472370982170105
2024-11-02,27.5,94.0,Non-Landslide Grid,Non-Landslide Grid,"Grid (27.5, 94.0)",0,0.0,20.94322967529297,37.56169128417969,41.41328430175781,277.5924377441406,0.3870239257812158,0.7819,1536.2244873046875,2724.0,755.0374755859375,14.933853980813408,40.312445929729115,8.452063097443121,4.722222222222222,119.38636779785156,220.49632263183594,59.01678466796875
2023-01-02,27.75,88.5,Non-Landslide Grid,Non-Landslide Grid,"Grid (27.75, 88.5)",0,0.0,0.7597472667694092,2.285114288330078,4.67984676361084,4.67984676361084,0.3802261352539054,0.3318,4100.16064453125,3807.0,734.4197387695312,22.412003436090288,53.38754478648244,8.808319435315765,20.61111111111111,181.06277465820312,281.6011657714844,58.148677825927734
2023-03-19,25.25,94.0,Non-Landslide Grid,Non-Landslide Grid,"Grid (25.25, 94.0)",0,0.4483388662338257,1.875558614730835,4.254196643829346,4.254196643829346,4.734663486480713,0.2654876708988466,0.4869,1435.4375,1921.0,378.2546081542969,12.086842826308223,43.383133090803064,5.811415353223593,0.6944444444444444,94.75314331054688,156.38818359375,36.18202209472656
2022-04-06,26.25,94.5,Non-Landslide Grid,Non-Landslide Grid,"Grid (26.25, 94.5)",0,1.4262346029281616,11.678446769714355,18.323139190673828,28.13953399658203,29.08911895751953,0.4891128540039323,0.7116,989.822509765625,1674.0,315.20281982421875,10.74273685959458,30.503507972756235,4.9305374882720026,0.027777777777777776,83.37834930419922,135.6664276123047,28.81993293762207
2024-05-03,25.0,92.75,Assam,Damcherra,Landslide Badarpur Pahar line,1,16.428098678588867,113.80401611328125,169.09976196289062,336.457275390625,349.02899169921875,0.42326354980480296,0.7839,274.126953125,1465.0,315.2989196777344,7.0296151565544855,32.894933863241256,6.950774825954634,0.05555555555555555,56.27210235595703,144.00457763671875,50.87444305419922
2025-05-30,26.0,91.75,Meghalaya,Ri Bhoi,Byrnihat Landslide 2,1,63.76811981201172,76.97537231445312,92.93867492675781,169.11962890625,273.59130859375,0.5051498413085942,0.7742,323.899169921875,766.0,135.91363525390625,4.957392974049627,20.61693827486847,3.3378267914883613,0.0,42.12355041503906,83.86418151855469,22.39252471923828
2020-11-20,28.5,95.0,Non-Landslide Grid,Non-Landslide Grid,"Grid (28.5, 95.0)",0,1.006323218345642,12.653522491455078,12.653522491455078,16.779401779174805,81.76988220214844,0.3460083007813492,0.8943000000000001,1234.52197265625,2357.0,553.1590576171875,18.97321622403712,39.05771946505936,7.2058900485037585,5.611111111111111,149.1695556640625,215.672607421875,41.325218200683594
2025-03-05,28.0,93.25,Non-Landslide Grid,Non-Landslide Grid,"Grid (28.0, 93.25)",0,1.4922267198562622,5.787435531616211,16.978862762451172,35.217952728271484,62.6986198425293,0.4264373779296917,0.7323000000000001,1965.9844970703125,3492.0,621.1699829101562,19.39743554027697,42.119196939304246,7.237502995633268,6.861111111111111,153.54193115234375,228.49781799316406,42.730045318603516
2021-07-30,28.5,95.0,Non-Landslide Grid,Non-Landslide Grid,"Grid (28.5, 95.0)",0,25.46629524230957,32.53757858276367,66.07003784179688,81.38713836669922,207.53262329101562,0.4217376708984481,0.9105,1234.52197265625,2357.0,553.1590576171875,18.97321622403712,39.05771946505936,7.2058900485037585,5.611111111111111,149.1695556640625,215.672607421875,41.325218200683594
2021-02-12,23.75,93.25,Non-Landslide Grid,Non-Landslide Grid,"Grid (23.75, 93.25)",0,0.0,0.0,0.0,0.0,4.77180814743042,0.16240310668944222,0.7011000000000001,1111.324951171875,1782.0,321.77630615234375,12.857450198377249,40.77219974472245,6.40346406325916,1.3333333333333335,104.22640991210938,170.38052368164062,39.146873474121094
2024-08-05,25.5,92.5,Non-Landslide Grid,Non-Landslide Grid,"Grid (25.5, 92.5)",0,0.18744918704032898,2.1484830379486084,10.287747383117676,20.046710968017578,91.83065795898438,0.45297241210939215,0.893,969.8897094726562,683.0,158.5126953125,3.1441726540432247,14.250806381451117,2.194718806802864,0.0,26.396629333496094,57.00822067260742,15.704524040222168
2025-03-15,27.0,92.5,Non-Landslide Grid,Non-Landslide Grid,"Grid (27.0, 92.5)",0,0.0,13.942994117736816,19.047657012939453,20.514799118041992,23.793773651123047,0.40634155273452166,0.7496,741.2086181640625,3050.0,695.518798828125,9.641513969355696,38.87096797564732,8.623184388668472,1.5,77.50574493408203,186.1094207763672,64.16087341308594
2025-04-29,24.25,92.25,Non-Landslide Grid,Non-Landslide Grid,"Grid (24.25, 92.25)",0,23.743488311767578,24.430282592773438,24.900991439819336,84.14173889160156,122.35047912597656,0.38037109375002576,0.5147,82.42166900634766,394.0,35.173553466796875,1.271962195878752,16.83205201693353,1.3873413647789359,0.0,10.692564964294434,26.742700576782227,10.098943710327148
2024-04-13,27.75,96.5,Non-Landslide Grid,Non-Landslide Grid,"Grid (27.75, 96.5)",0,0.0,0.0,72.7799072265625,237.62098693847656,316.6862487792969,0.4109725952148588,0.7797000000000001,1912.2774658203125,3015.0,640.3836669921875,21.45163246151097,40.459199193143306,7.178409802011485,10.75,171.69166564941406,237.52938842773438,40.915340423583984
2023-05-14,26.5,93.5,Non-Landslide Grid,Non-Landslide Grid,"Grid (26.5, 93.5)",0,0.0,0.0,0.32270586490631104,19.4266357421875,51.48929214477539,0.4383087158203109,0.8003,360.2744445800781,783.0,185.83135986328125,5.735065078245441,23.76211334867683,4.362436401030866,0.0,48.01420974731445,101.02499389648438,30.54395294189453
2025-09-03,28.25,97.25,Non-Landslide Grid,Non-Landslide Grid,"Grid (28.25, 97.25)",0,0.0,0.6005830764770508,7.920531749725342,37.58283996582031,78.06147766113281,0.3859596252441271,0.5862,4038.578857421875,2853.0,494.0306396484375,19.4569575784893,55.43572074199703,8.481996318199133,12.611111111111112,158.35350036621094,249.64828491210938,51.696624755859375
2024-06-10,28.75,95.5,Non-Landslide Grid,Non-Landslide Grid,"Grid (28.75, 95.5)",0,0.0,0.14275939762592316,7.215085029602051,113.85902404785156,125.51751708984375,0.42088317871092223,0.7699,2814.7041015625,2566.0,517.5949096679688,17.756420548127217,41.784986840461634,7.09236317665413,4.194444444444445,139.83053588867188,213.91949462890625,43.74800491333008
2022-12-27,25.5,91.0,Non-Landslide Grid,Non-Landslide Grid,"Grid (25.5, 91.0)",0,8.822399139404297,8.996940612792969,8.996940612792969,8.996940612792969,8.996940612792969,0.3513488769531965,0.7871,700.3352661132812,904.0,197.0113983154297,3.9853455760401912,18.673013942057693,2.572380468470659,0.0,33.65732955932617,68.69902038574219,17.522661209106445
2020-09-11,25.25,94.25,Non-Landslide Grid,Non-Landslide Grid,"Grid (25.25, 94.25)",0,2.7514960765838623,19.086545944213867,30.840843200683594,66.8549575805664,248.6272430419922,0.472991943359231,0.8169000000000001,1430.0185546875,1384.0,287.5816345214844,11.674566235110182,28.340971183162768,5.219642748494721,0.0,90.2953109741211,142.03536987304688,29.378387451171875
2022-06-12,27.75,95.75,Non-Landslide Grid,Non-Landslide Grid,"Grid (27.75, 95.75)",0,12.158092498779297,39.45934295654297,98.84272766113281,128.7255859375,477.0569763183594,0.49197387695309946,0.4342,135.81472778320312,29.0,5.7640509605407715,0.18216602711762214,1.387874253946801,0.14190128771812477,0.0,1.645431399345398,3.4278273582458496,0.9563491344451904
2021-05-12,28.0,88.5,Non-Landslide Grid,Non-Landslide Grid,"Grid (28.0, 88.5)",0,33.44438171386719,56.130428314208984,105.57603454589844,140.69888305664062,251.29396057128906,0.35314941406249134,-0.037,5095.7900390625,4396.0,387.92755126953125,13.349086794565135,73.70894448368757,8.435456979019474,3.944444444444444,106.86685943603516,213.61180114746094,80.8809585571289
2023-01-20,25.75,93.25,Non-Landslide Grid,Non-Landslide Grid,"Grid (25.75, 93.25)",0,0.0,0.0,0.0,0.0,7.787845611572266,0.301708221435591,0.5482,240.9116668701172,374.0,73.08515930175781,2.4310288845095096,11.502144607010557,1.999552036504579,0.0,20.06298828125,48.11341094970703,14.144377708435059
2021-05-09,25.5,94.25,Non-Landslide Grid,Non-Landslide Grid,"Grid (25.5, 94.25)",0,2.5735526084899902,18.292875289916992,42.02535629272461,44.3891716003418,49.914283752441406,0.4993286132812736,0.7809,1606.2049560546875,1633.0,336.6394348144531,13.072549325862639,31.529268531106975,5.6083756046100355,0.05555555555555555,101.690673828125,155.21470642089844,33.152103424072266
2021-05-23,26.75,91.0,Non-Landslide Grid,Non-Landslide Grid,"Grid (26.75, 91.0)",0,0.7357625365257263,2.3414251804351807,32.18124008178711,113.22637939453125,185.830078125,0.2725067138672075,0.7509,209.35694885253906,1093.0,235.961669921875,4.619528506983893,33.33968646707087,6.94730700933174,0.08333333333333334,36.985107421875,148.1363983154297,53.425750732421875
2021-10-05,28.25,96.25,Non-Landslide Grid,Non-Landslide Grid,"Grid (28.25, 96.25)",0,4.145233154296875,7.79836368560791,8.226594924926758,17.22222137451172,63.99256896972656,0.42551803588867243,0.4426,2700.932861328125,3465.0,729.9940185546875,23.57243030144863,51.886077120855624,8.016388485014025,21.666666666666668,190.74913024902344,271.5876770019531,47.71710205078125
2021-07-07,27.0,95.25,Non-Landslide Grid,Non-Landslide Grid,"Grid (27.0, 95.25)",0,10.1885404586792,31.67697525024414,76.00882720947266,180.9449005126953,364.980712890625,0.47621917724610263,0.944,360.5635986328125,1241.0,234.73947143554688,6.347254151889837,26.816205826252787,5.681313410802673,0.0,50.52357482910156,118.57117462158203,39.50800323486328
2020-08-06,27.25,88.25,Sikkim,South Sikkim,Jorengthang Landslide,1,55.63119125366211,75.6866683959961,176.2014617919922,351.0416259765625,657.9837036132812,0.41006088256836015,0.7923,1501.7489013671875,2997.0,562.7520751953125,20.1096381425214,40.56662648067611,7.081886297460569,6.555555555555556,159.76638793945312,230.42623901367188,40.55621337890625
2024-09-17,26.5,90.0,Non-Landslide Grid,Non-Landslide Grid,"Grid (26.5, 90.0)",0,0.0,43.493919372558594,58.80682373046875,178.29519653320312,257.9920349121094,0.38339233398446937,0.7822,56.6533317565918,52.0,9.820548057556152,0.14294568489143822,1.6674019570925946,0.12519815859582314,0.0,1.2561147212982178,2.7838821411132812,0.8265275359153748
2025-12-28,27.25,92.5,Non-Landslide Grid,Non-Landslide Grid,"Grid (27.25, 92.5)",0,0.0,0.15973833203315735,0.15973833203315735,0.15973833203315735,0.15973833203315735,0.3253402709960122,0.6977,1794.7828369140625,2906.0,505.7755126953125,17.855747137024938,38.0996504030799,6.6024004892937915,2.666666666666667,142.90359497070312,204.2445526123047,35.54497146606445
2020-07-24,24.0,93.0,Non-Landslide Grid,Non-Landslide Grid,"Grid (24.0, 93.0)",0,25.806455612182617,46.670982360839844,69.65180206298828,175.82647705078125,354.555419921875,0.4062957763671992,0.4283,652.5986328125,1538.0,274.19122314453125,13.282334633206922,33.1519089677372,5.594494055648118,0.2222222222222222,106.63568878173828,165.07130432128906,31.688812255859375
2023-08-13,24.5,94.0,Non-Landslide Grid,Non-Landslide Grid,"Grid (24.5, 94.0)",0,3.2077558040618896,6.649316787719727,28.189006805419922,54.22068405151367,82.79994201660156,0.4732818603513906,0.7254,871.6072387695312,739.0,146.46446228027344,3.882956415666678,20.998478770717725,4.831692814791372,0.0,31.758710861206055,100.81731414794922,35.78030014038086
2024-06-29,28.25,95.0,Arunachal Pradesh,Siang District,Babuk Landslide highway between Babuk and Kebang Village,1,106.5445785522461,169.73269653320312,236.1522216796875,338.19000244140625,478.5198669433594,0.4278182983398495,0.7805000000000001,910.6333618164062,1889.0,404.7454528808594,17.056438182879226,34.66714758614648,6.508510630460296,1.5555555555555556,135.1522674560547,193.98526000976562,35.65961837768555
2020-02-01,28.0,93.75,Non-Landslide Grid,Non-Landslide Grid,"Grid (28.0, 93.75)",0,0.11567652225494385,4.309798240661621,4.309798240661621,19.676311492919922,48.45811462402344,0.4079971313476639,0.8376,1455.862548828125,2434.0,492.0262756347656,20.263911744532226,40.810849556333466,7.4306715903592595,9.86111111111111,164.10630798339844,239.4039764404297,42.79767990112305
2021-10-19,24.5,92.5,Non-Landslide Grid,Non-Landslide Grid,"Grid (24.5, 92.5)",0,5.020751476287842,5.020751476287842,5.020751476287842,29.782724380493164,154.00888061523438,0.3560638427734784,0.8908,50.25694274902344,307.0,36.682586669921875,1.0936103779500521,13.123697827867113,1.5810928079540425,0.0,8.989489555358887,33.870338439941406,11.444992065429688
2023-07-29,27.75,88.75,Non-Landslide Grid,Non-Landslide Grid,"Grid (27.75, 88.75)",0,22.448673248291016,23.165538787841797,86.63681030273438,155.4361114501953,483.3064270019531,0.42492675781249933,0.8559,4340.54052734375,3671.0,701.1093139648438,22.058517394334256,51.09030549442803,9.564728520521404,22.083333333333332,176.6709442138672,290.73370361328125,63.35601043701172
2025-11-13,24.0,93.25,Non-Landslide Grid,Non-Landslide Grid,"Grid (24.0, 93.25)",0,0.0,0.0,6.074185371398926,22.85411834716797,22.85411834716797,0.32951354980465764,0.9082,905.4602661132812,1648.0,312.1431579589844,14.391767358776677,39.84091543188265,6.405996319269908,0.9444444444444444,114.75102233886719,183.78115844726562,38.22748565673828
2022-08-19,28.25,96.25,Non-Landslide Grid,Non-Landslide Grid,"Grid (28.25, 96.25)",0,3.2795307636260986,3.2795307636260986,37.967247009277344,80.50120544433594,151.89926147460938,0.41806030273438155,0.8605,2700.932861328125,3465.0,729.9940185546875,23.57243030144863,51.886077120855624,8.016388485014025,21.666666666666668,190.74913024902344,271.5876770019531,47.71710205078125
2024-10-08,27.75,92.25,Non-Landslide Grid,Non-Landslide Grid,"Grid (27.75, 92.25)",0,19.24664306640625,39.28216552734375,121.14234924316406,179.65594482421875,199.51889038085938,0.3968811035156424,0.3561,4753.14111328125,3193.0,500.3550720214844,16.699716847559724,40.642120257495016,8.164041230138745,6.888888888888889,135.24229431152344,225.8867645263672,52.33216857910156
2025-01-21,24.25,92.5,Non-Landslide Grid,Non-Landslide Grid,"Grid (24.25, 92.5)",0,0.0,0.0,0.0,0.0,0.0,0.1561355590820195,0.6882,133.27944946289062,525.0,98.21791076660156,3.9419843846183813,20.36428950917837,3.955636841696392,0.0,31.272674560546875,87.31401062011719,26.571542739868164
2024-03-05,26.5,90.25,Non-Landslide Grid,Non-Landslide Grid,"Grid (26.5, 90.25)",0,0.0,0.0,0.0,0.32197555899620056,2.574631929397583,0.25022888183592595,0.5185000000000001,59.386112213134766,279.0,14.850844383239746,0.25189229626896753,18.396578822541294,0.9049348328452662,0.0,2.1553163528442383,3.1034224033355713,6.661799430847168
2021-04-28,27.25,92.25,Arunachal Pradesh,West Kameng,between Membachur and Garbow,1,0.0,1.2587988376617432,1.4186373949050903,15.148825645446777,31.297714233398438,0.41792297363280195,0.5782,2524.25830078125,2412.0,462.11126708984375,17.175085721954495,37.77787775844631,6.853860959481779,2.888888888888889,137.6384735107422,207.30628967285156,40.15293502807617
2022-05-15,25.25,93.0,Assam,Dima Hasao,L4 Near Halflong Railway Station,1,13.70791244506836,171.51666259765625,325.0523681640625,348.9837951660156,558.1865234375,0.47109222412107926,0.7867000000000001,581.3922119140625,1271.0,220.6673126220703,7.95753565762605,30.952647139700577,4.65836575833331,0.027777777777777776,63.11333465576172,118.19319915771484,29.522968292236328
2022-05-07,28.0,94.5,Non-Landslide Grid,Non-Landslide Grid,"Grid (28.0, 94.5)",0,0.0,5.711988925933838,55.68083953857422,135.94931030273438,235.79061889648438,0.38636779785155373,0.8352,911.5819702148438,1760.0,309.78753662109375,13.328593092786441,33.05167063851376,5.77641490364223,0.25,106.9828872680664,164.1502685546875,33.62059020996094
2024-02-07,27.75,91.75,Non-Landslide Grid,Non-Landslide Grid,"Grid (27.75, 91.75)",0,0.0,0.6373995542526245,0.9177873134613037,1.5572997331619263,3.50776743888855,0.356101989746074,0.1297,3811.190673828125,3426.0,719.0172119140625,21.427624015103362,46.613342239590125,9.426926135794474,19.52777777777778,172.4033966064453,277.4831237792969,62.34989547729492
2021-02-28,26.0,90.0,Non-Landslide Grid,Non-Landslide Grid,"Grid (26.0, 90.0)",0,0.0,0.0,0.0,0.0,0.0,0.08477783203135174,0.3459,28.898611068725586,63.0,3.724393844604492,0.16355472571313043,4.5485220386263,0.26157735444069063,0.0,1.4790419340133667,3.221024751663208,1.801880955696106
2020-02-04,28.5,96.0,Non-Landslide Grid,Non-Landslide Grid,"Grid (28.5, 96.0)",0,0.0,5.046417236328125,16.27459144592285,34.29880142211914,54.42026901245117,0.4099426269530508,0.0004,2601.69921875,4050.0,882.2161254882812,23.88337742789405,45.482266726172924,8.349455936904501,26.194444444444443,193.0271453857422,274.674072265625,51.70504379272461
2024-07-27,26.25,92.25,Non-Landslide Grid,Non-Landslide Grid,"Grid (26.25, 92.25)",0,0.0,0.5912719368934631,46.12779998779297,124.74803161621094,452.49554443359375,0.4598922729492207,0.3177,59.86111068725586,207.0,13.151198387145996,0.35479978572270676,11.394239433231547,0.9882699964642461,0.0,3.147531747817993,12.287154197692871,7.643882751464844
2020-06-04,24.75,93.0,Assam,Cachar,SDMA/AS/2020/SONAI5,1,12.2584228515625,99.12601470947266,218.0415802001953,328.2308654785156,361.3126220703125,0.4546508789061972,0.7334,62.61916732788086,690.0,84.31732177734375,1.6367193980536439,30.097787496872282,3.1067266734390007,0.05555555555555555,13.475712776184082,55.42180252075195,22.83565330505371
2021-10-18,26.25,94.75,Non-Landslide Grid,Non-Landslide Grid,"Grid (26.25, 94.75)",0,0.0,1.081996202468872,8.09422492980957,45.28662109375,92.01236724853516,0.4797134399414445,0.9175,1417.0350341796875,2034.0,418.3023986816406,14.77367780465528,35.49002360140349,5.790601926520244,0.16666666666666669,115.44833374023438,163.91787719726562,29.32769775390625
2024-08-15,24.25,92.25,Non-Landslide Grid,Non-Landslide Grid,"Grid (24.25, 92.25)",0,1.31437087059021,13.950421333312988,35.522701263427734,226.0778045654297,469.5973815917969,0.3999404907226587,0.8326,82.42166900634766,394.0,35.173553466796875,1.271962195878752,16.83205201693353,1.3873413647789359,0.0,10.692564964294434,26.742700576782227,10.098943710327148
2024-08-26,26.0,93.75,Non-Landslide Grid,Non-Landslide Grid,"Grid (26.0, 93.75)",0,8.427251815795898,16.969650268554688,49.36357116699219,89.44852447509766,264.2887268066406,0.47678375244134263,0.7467,170.7897186279297,836.0,66.41282653808594,0.7315379951505613,17.308978020483142,1.6631596125564576,0.0,5.739075660705566,16.6248722076416,11.79712200164795
2024-07-03,26.0,93.5,Non-Landslide Grid,Non-Landslide Grid,"Grid (26.0, 93.5)",0,8.288911819458008,74.28115844726562,97.69721984863281,206.71481323242188,230.65481567382812,0.489700317382643,0.8443,371.9755554199219,1096.0,267.4538269042969,3.459753534020174,22.106422323825157,3.726696997471574,0.0,27.03520965576172,77.51903533935547,26.014020919799805
2022-04-06,27.25,97.0,Non-Landslide Grid,Non-Landslide Grid,"Grid (27.25, 97.0)",0,58.90354919433594,204.03468322753906,309.3961181640625,404.6983642578125,408.91705322265625,0.4344558715819806,0.7424000000000001,1968.4161376953125,2898.0,674.0406494140625,17.165417753651425,45.64517225282971,8.324720797645515,6.055555555555555,135.86988830566406,222.66241455078125,56.98417663574219
2020-06-02,24.75,92.75,Assam,Hailakandi,SDMA/AS/2020/Mohanpur Grant Slide 1,1,83.37828063964844,131.39797973632812,231.48646545410156,280.06488037109375,342.30419921875,0.49015045166017723,0.5917,28.799165725708008,83.0,10.98561954498291,0.49229396524952734,4.339614597493083,0.5527330881797449,0.0,4.288497447967529,12.693502426147461,4.094924449920654
2024-08-01,29.0,94.5,Non-Landslide Grid,Non-Landslide Grid,"Grid (29.0, 94.5)",0,0.6898060441017151,1.2389285564422607,43.91994094848633,147.04025268554688,478.3066101074219,0.4134826660156173,0.8783000000000001,3005.808837890625,3730.0,810.688720703125,23.84019762663832,48.639709440021086,7.924152675156946,21.63888888888889,187.22267150878906,267.10906982421875,46.24726867675781
2021-06-11,28.5,93.5,Non-Landslide Grid,Non-Landslide Grid,"Grid (28.5, 93.5)",0,7.248525142669678,13.727709770202637,58.49164962768555,118.43619537353516,311.4225158691406,0.418106079101563,0.3285,3411.674560546875,3765.0,826.7841796875,20.60021656963089,52.52021406191496,8.94526016023897,14.416666666666666,156.19125366210938,259.6390686035156,63.15973663330078
2023-09-03,26.75,94.25,Non-Landslide Grid,Non-Landslide Grid,"Grid (26.75, 94.25)",0,0.0,0.0675550326704979,3.3003311157226562,129.3674774169922,296.9665832519531,0.41997909545897083,0.6835,97.47916412353516,58.0,10.624689102172852,0.17975465983875877,1.1893239571718413,0.1345856899134309,0.0,1.674749493598938,3.181980609893799,0.9176729917526245
2024-02-22,27.5,91.75,Non-Landslide Grid,Non-Landslide Grid,"Grid (27.5, 91.75)",0,2.458050489425659,6.375449180603027,9.228496551513672,9.228496551513672,11.340840339660645,0.4033203125000189,0.6664,2484.64453125,3419.0,679.2225341796875,21.62838767833097,43.71481016920231,7.461654150626737,13.361111111111112,170.77972412109375,248.0215606689453,46.129119873046875
2021-10-14,25.75,91.25,Non-Landslide Grid,Non-Landslide Grid,"Grid (25.75, 91.25)",0,0.0,0.0,28.831085205078125,85.86381530761719,168.25169372558594,0.46030426025388815,0.8540000000000001,792.6266479492188,1677.0,434.1313781738281,6.670281381604456,25.678172357585424,4.56527595296834,0.0,53.652339935302734,111.09485626220703,29.337688446044922
2025-09-19,27.75,93.75,Arunachal Pradesh,Kra Daadi,Palin–Koloriang road,1,7.471268177032471,39.17969512939453,106.72286987304688,196.373779296875,330.5830383300781,0.425384521484381,0.8893000000000001,1453.1263427734375,1994.0,357.58099365234375,15.182590486794677,36.29878503196507,6.710351564314028,1.5277777777777777,120.02904510498047,194.6954803466797,42.93043518066406
2021-08-22,25.5,90.5,Non-Landslide Grid,Non-Landslide Grid,"Grid (25.5, 90.5)",0,2.5984046459198,55.9017448425293,179.38792419433594,800.6642456054688,1032.6048583984375,0.5048828124999865,0.8805000000000001,543.5358276367188,1175.0,224.3740997314453,5.480898761902344,28.045471172004955,4.568385134784606,0.0,43.9293327331543,112.02342224121094,32.36680221557617
2023-01-07,23.25,92.5,Non-Landslide Grid,Non-Landslide Grid,"Grid (23.25, 92.5)",0,0.0,0.0,0.0,7.299548625946045,7.299548625946045,0.15939331054689845,0.8500000000000001,415.3550109863281,1211.0,250.8226318359375,8.165654514477371,29.74318079250643,5.423421745520645,0.0,65.99642944335938,124.5242691040039,36.29525375366211
2021-08-13,28.0,95.25,Arunachal Pradesh,East Siang,near Sirki waterfall,1,88.29792022705078,150.74342346191406,281.41265869140625,346.65533447265625,408.82171630859375,0.5124130249023878,0.6038,427.6138916015625,1703.0,410.9621887207031,5.615311809609629,35.461598133832105,7.38417392350992,0.5277777777777778,43.81952667236328,164.09616088867188,54.56661605834961
2023-06-29,28.0,97.25,Non-Landslide Grid,Non-Landslide Grid,"Grid (28.0, 97.25)",0,0.46278247237205505,4.303872585296631,6.617778301239014,151.4208221435547,232.2152557373047,0.4162216186524006,0.0914,4023.047607421875,2686.0,461.84613037109375,20.34153891437583,51.195782848450456,8.652962843079873,14.472222222222223,166.00582885742188,249.61373901367188,50.428245544433594
2023-07-16,28.0,95.25,Arunachal Pradesh,Siang district,Pangin Landslide Pangin Pasighat road section,1,32.17184066772461,83.85527038574219,363.12042236328125,627.4652709960938,1007.2244873046875,0.5018310546874953,0.5740000000000001,427.6138916015625,1703.0,410.9621887207031,5.615311809609629,35.461598133832105,7.38417392350992,0.5277777777777778,43.81952667236328,164.09616088867188,54.56661605834961
2021-03-16,27.5,95.0,Non-Landslide Grid,Non-Landslide Grid,"Grid (27.5, 95.0)",0,0.0,1.3811891078948975,1.3811891078948975,31.14339828491211,34.94712448120117,0.40710449218743927,0.4953,109.14749908447266,23.0,3.3267719745635986,0.14014115393837162,1.6076592164087455,0.12061702813070416,0.0,1.3319610357284546,2.5495097637176514,0.8533905148506165
2021-11-23,28.25,94.25,Non-Landslide Grid,Non-Landslide Grid,"Grid (28.25, 94.25)",0,9.743914604187012,10.087433815002441,10.24444580078125,10.401458740234375,25.08780860900879,0.3593063354492141,0.9008,1888.3660888671875,3573.0,785.7053833007812,19.692724875259685,42.70369433344942,6.757839891531304,5.305555555555555,155.3228302001953,222.8927459716797,38.04297637939453
2022-09-09,26.5,91.75,Non-Landslide Grid,Non-Landslide Grid,"Grid (26.5, 91.75)",0,0.0,5.348806858062744,37.39131164550781,54.50634002685547,71.9776611328125,0.4466171264648589,0.7744000000000001,62.77527618408203,27.0,5.656883716583252,0.155229743002666,0.5826327978107191,0.08573889757010468,0.0,1.5102808475494385,2.5,0.5472370982170105
2020-02-07,26.5,93.75,Non-Landslide Grid,Non-Landslide Grid,"Grid (26.5, 93.75)",0,0.0,2.1870510578155518,2.1870510578155518,11.782171249389648,15.246528625488281,0.44874572753905584,0.5393,198.44972229003906,871.0,170.5171356201172,2.833090595938026,23.320525903760775,4.231543302082891,0.0,23.3657283782959,95.2550048828125,31.480823516845703
2020-06-25,26.25,91.75,Assam,Kamrup Rural,SDMA/AS/2020/Amingaon Slide 01,1,33.32538604736328,40.5894775390625,66.27523803710938,145.94873046875,250.1192626953125,0.4901542663575128,0.7918000000000001,67.3949966430664,295.0,37.075172424316406,1.4509254283381814,16.29219827144022,2.417741974738188,0.0,12.47722339630127,53.43284225463867,18.373598098754883
2023-10-03,27.25,95.25,Non-Landslide Grid,Non-Landslide Grid,"Grid (27.25, 95.25)",0,38.98690414428711,74.51614379882812,74.51614379882812,194.04566955566406,240.5979461669922,0.4737434387207727,0.8368,118.54083251953125,211.0,9.696734428405762,0.22504747920484852,11.413607213835506,0.6574771540889619,0.0,2.055091381072998,2.915475845336914,4.99699592590332
2022-05-15,25.25,93.0,Assam,Dima Hasao,L6 Near Halflong Railway Station,1,13.70791244506836,171.51666259765625,325.0523681640625,348.9837951660156,558.1865234375,0.47109222412107926,0.7867000000000001,581.3922119140625,1271.0,220.6673126220703,7.95753565762605,30.952647139700577,4.65836575833331,0.027777777777777776,63.11333465576172,118.19319915771484,29.522968292236328
2023-02-07,27.0,93.0,Non-Landslide Grid,Non-Landslide Grid,"Grid (27.0, 93.0)",0,0.1309170424938202,0.5797754526138306,0.5797754526138306,0.5797754526138306,2.2455248832702637,0.2408142089844108,0.7672,468.3388977050781,1635.0,355.15875244140625,7.352648615656198,33.22468867105141,6.523761778166748,0.05555555555555555,58.91574478149414,146.1652069091797,48.73173904418945
2020-11-13,25.25,91.75,Non-Landslide Grid,Non-Landslide Grid,"Grid (25.25, 91.75)",0,0.0,0.0,0.0,22.418933868408203,434.0692443847656,0.3732337951660175,0.7067,684.6930541992188,1771.0,526.1378173828125,11.198190983867946,34.69450691676559,8.788339983989749,1.1666666666666667,90.1303482055664,189.36473083496094,63.86445617675781
2020-02-27,25.75,93.0,Non-Landslide Grid,Non-Landslide Grid,"Grid (25.75, 93.0)",0,0.0,3.0880303382873535,3.0880303382873535,3.0880303382873535,3.0880303382873535,0.4292068481445092,0.7549,152.81971740722656,298.0,59.06819152832031,1.7275602753606332,10.624935907251787,1.5943327614363987,0.0,14.700528144836426,38.704246520996094,12.037955284118652
2020-06-29,26.75,92.75,Non-Landslide Grid,Non-Landslide Grid,"Grid (26.75, 92.75)",0,24.806686401367188,65.9296646118164,177.3845977783203,332.27264404296875,601.8239135742188,0.44202041625976374,0.7190000000000001,78.5072250366211,48.0,8.69530200958252,0.18634304238490484,1.212334917409625,0.14402690851859568,0.0,1.683570384979248,3.571587324142456,0.9807701110839844
2020-04-29,28.0,94.5,Non-Landslide Grid,Non-Landslide Grid,"Grid (28.0, 94.5)",0,4.890687465667725,7.013118743896484,45.89308166503906,89.10126495361328,122.85023498535156,0.4149780273437596,0.7938000000000001,911.5819702148438,1760.0,309.78753662109375,13.328593092786441,33.05167063851376,5.77641490364223,0.25,106.9828872680664,164.1502685546875,33.62059020996094
2023-03-01,24.0,92.25,Non-Landslide Grid,Non-Landslide Grid,"Grid (24.0, 92.25)",0,0.0,0.0,0.0,0.0,0.0,0.1459960937499613,0.6671,179.16360473632812,730.0,141.9304656982422,4.1304345365304584,21.81166598581612,4.911130345915189,0.0,32.45446014404297,108.56443786621094,33.974525451660156
2024-07-22,26.0,94.25,Nagaland,Tchuyiro colony Landslide,Tchuyiro colony Wokha area in Town,1,4.691370487213135,8.657682418823242,50.56376647949219,186.10003662109375,458.8280029296875,0.49403381347646397,0.8825000000000001,885.2597045898438,1675.0,304.77520751953125,11.490526964431924,35.483394617014326,4.835898006153164,0.05555555555555555,89.0573959350586,133.66107177734375,26.900562286376953
2020-05-24,25.75,92.5,Non-Landslide Grid,Non-Landslide Grid,"Grid (25.75, 92.5)",0,12.174288749694824,32.4939079284668,42.85627746582031,48.717716217041016,73.79288482666016,0.4820251464843783,0.8526,738.6011352539062,679.0,142.65077209472656,3.8275343470338763,19.825334028605862,2.7996771163455216,0.0,32.71930694580078,70.06192779541016,19.187610626220703
2025-05-31,25.5,91.75,Meghalaya,East Khasi Hills,Laitkroh Landslide,1,134.42385864257812,282.88494873046875,328.74578857421875,519.0849609375,659.59765625,0.48547363281253125,0.8818,1670.7216796875,913.0,153.39508056640625,5.919859729912694,32.03817497959001,5.573524917136624,0.1388888888888889,48.907474517822266,137.64651489257812,39.82622146606445
2022-05-15,25.25,92.75,Assam,Dima Hasao,doloi_chunga_s3 doloi chunga,1,13.491990089416504,218.3403778076172,403.6387023925781,433.88177490234375,692.2595825195312,0.47227859497074953,0.6979000000000001,1091.2467041015625,1373.0,231.5597381591797,7.584705907355589,34.43482800660637,4.5059173844757305,0.1111111111111111,60.79730224609375,117.44474792480469,29.72018051147461
2020-01-31,27.75,92.5,Non-Landslide Grid,Non-Landslide Grid,"Grid (27.75, 92.5)",0,2.0838770866394043,2.0838770866394043,2.0838770866394043,2.81168532371521,14.12636947631836,0.3873367309570158,0.1468,4377.3154296875,5194.0,1113.9825439453125,21.100657327369863,63.4159229865863,10.862379104843441,19.666666666666664,173.0258026123047,327.3728942871094,88.62701416015625
2023-09-08,23.75,92.75,Mizoram,Aizawl,Hunthar Landslide Western outskirts of Aizawl,1,5.31074857711792,7.665153503417969,39.48345184326172,125.8853759765625,251.30966186523438,0.42447662353515514,0.8488,558.530029296875,1301.0,251.22454833984375,11.561747209331001,33.20981307339313,5.7138444190846345,0.25,94.32711791992188,152.0427703857422,34.32426834106445
2025-11-17,27.75,88.25,Non-Landslide Grid,Non-Landslide Grid,"Grid (27.75, 88.25)",0,0.0,0.0,0.0,3.7437808513641357,108.10784149169922,0.32059097290036154,-0.0399,5411.60888671875,5965.0,825.2498779296875,22.587880344897407,58.60195193055539,12.185762183943721,26.805555555555554,189.22482299804688,384.72686767578125,101.63878631591797
2020-10-16,27.5,94.0,Non-Landslide Grid,Non-Landslide Grid,"Grid (27.5, 94.0)",0,0.0,0.0,0.0,168.9808807373047,454.55389404296875,0.352401733398428,0.8789,1536.2244873046875,2724.0,755.0374755859375,14.933853980813408,40.312445929729115,8.452063097443121,4.722222222222222,119.38636779785156,220.49632263183594,59.01678466796875
2022-05-02,29.25,94.75,Non-Landslide Grid,Non-Landslide Grid,"Grid (29.25, 94.75)",0,1.8599801063537598,9.044910430908203,74.22640228271484,167.54718017578125,545.3871459960938,0.4255027770996097,0.0233,3773.289794921875,3683.0,621.8638305664062,24.133872295535596,50.9206981070001,7.8956235715722505,22.25,190.63909912109375,259.74749755859375,41.57487487792969
2024-11-23,24.0,93.0,Non-Landslide Grid,Non-Landslide Grid,"Grid (24.0, 93.0)",0,0.34504735469818115,2.2853896617889404,2.2853896617889404,2.2853896617889404,11.67377758026123,0.34092712402345393,0.9076,652.5986328125,1538.0,274.19122314453125,13.282334633206922,33.1519089677372,5.594494055648118,0.2222222222222222,106.63568878173828,165.07130432128906,31.688812255859375
2024-05-13,25.25,91.75,Non-Landslide Grid,Non-Landslide Grid,"Grid (25.25, 91.75)",0,1.1802257299423218,25.748079299926758,63.31547927856445,252.61297607421875,395.3115539550781,0.4828872680664102,0.7476,684.6930541992188,1771.0,526.1378173828125,11.198190983867946,34.69450691676559,8.788339983989749,1.1666666666666667,90.1303482055664,189.36473083496094,63.86445617675781
2023-09-14,27.25,88.75,Non-Landslide Grid,Non-Landslide Grid,"Grid (27.25, 88.75)",0,6.967529773712158,27.43688201904297,82.32884216308594,125.48163604736328,482.1390380859375,0.4180145263671888,0.8888,2281.115234375,3875.0,931.9912719726562,19.22510805217614,39.47537466975562,6.940427131364258,5.138888888888888,149.77212524414062,222.42568969726562,41.1932373046875
2024-08-19,23.25,91.5,Tripura,Debipur Landslide,Debipur region 23.167876,1,38.99415588378906,113.15826416015625,126.28844451904297,253.97364807128906,608.7954711914062,0.47344970703134415,0.6880000000000001,38.200279235839844,115.0,20.5236759185791,0.6370969238191169,3.304631628350103,0.5353421781181678,0.0,5.406652450561523,13.076696395874023,3.765470266342163
2021-06-16,25.0,94.25,Manipur,Ukhrul,Mini Secretariat Complex,1,0.4610867500305176,7.038290023803711,10.570499420166016,28.290231704711914,59.26780700683594,0.43898010253888187,0.8617,1233.2835693359375,1244.0,265.4721984863281,10.62303176740798,27.88183800191073,4.826559786669395,0.0,82.0025634765625,128.76394653320312,27.49030303955078
2024-06-15,25.5,91.75,Meghalaya,West Lummawbah Hills Landslide,South Hills West Khasi,1,25.298324584960938,121.2459945678711,135.05596923828125,340.67108154296875,839.2056884765625,0.47884368896487534,0.7817000000000001,1670.7216796875,913.0,153.39508056640625,5.919859729912694,32.03817497959001,5.573524917136624,0.1388888888888889,48.907474517822266,137.64651489257812,39.82622146606445
2020-03-26,28.25,96.75,Non-Landslide Grid,Non-Landslide Grid,"Grid (28.25, 96.75)",0,0.0,0.0,2.2437503337860107,8.902206420898438,26.541423797607422,0.4095268249512467,0.7533000000000001,3192.26220703125,3760.0,777.3504028320312,25.01511828936123,51.8135373565446,9.044560316308626,32.861111111111114,207.51364135742188,299.4259033203125,54.75053405761719
2024-08-19,28.5,93.5,Non-Landslide Grid,Non-Landslide Grid,"Grid (28.5, 93.5)",0,0.0,4.739184856414795,18.148160934448242,76.96533966064453,145.13214111328125,0.4204101562499907,0.8135,3411.674560546875,3765.0,826.7841796875,20.60021656963089,52.52021406191496,8.94526016023897,14.416666666666666,156.19125366210938,259.6390686035156,63.15973663330078
2024-06-15,25.5,90.25,Meghalaya,Garo Dinasagre Landslide,Paikan 1 Road Tura Dalu NH,1,97.52465057373047,188.85842895507812,222.22067260742188,494.72052001953125,1062.780517578125,0.45518493652347247,0.9006000000000001,456.1675109863281,1310.0,324.3319091796875,5.398804127806837,29.770511719549223,5.068353584541543,0.0,43.320011138916016,116.16681671142578,35.4824333190918
2024-04-09,24.5,93.0,Non-Landslide Grid,Non-Landslide Grid,"Grid (24.5, 93.0)",0,0.0,4.214605808258057,21.676443099975586,88.56385040283203,105.8887939453125,0.28317260742179107,0.8493,199.3169403076172,900.0,190.72097778320312,5.500342727895433,27.18743015094595,5.209598479718961,0.0,44.432010650634766,116.27139282226562,37.216575622558594
2025-08-16,27.25,94.0,Non-Landslide Grid,Non-Landslide Grid,"Grid (27.25, 94.0)",0,0.0,6.860081672668457,195.6846466064453,384.90081787109375,621.709228515625,0.35887908935544505,0.756,180.665283203125,1383.0,181.9029998779297,2.438772057464298,32.53731372794104,4.801649722757222,0.16666666666666669,19.482275009155273,96.9761962890625,36.374298095703125
2023-05-25,28.0,96.0,Non-Landslide Grid,Non-Landslide Grid,"Grid (28.0, 96.0)",0,0.0,1.2261050939559937,23.32684898376465,54.95288848876953,148.89352416992188,0.45040893554656136,0.8667,391.51806640625,1954.0,339.81634521484375,4.393053346582743,34.44358316238441,7.031902439364601,0.25,33.459617614746094,157.1775360107422,52.24351501464844
2025-02-11,29.0,95.25,Non-Landslide Grid,Non-Landslide Grid,"Grid (29.0, 95.25)",0,2.2087674140930176,2.421152353286743,13.927080154418945,29.319002151489258,41.09337615966797,0.395568847656209,0.0209,3296.288330078125,2693.0,546.5750732421875,17.61262073798802,40.441292529630225,7.068092262748073,3.3333333333333335,142.9497528076172,210.301513671875,39.51340866088867
2024-08-22,23.5,91.75,Tripura,Nutan Bazar Landslide found in Tripura,Near Nutan bazar water treatment plant SDMA 23.423169 Report.,1,67.95429992675781,366.7947998046875,459.56842041015625,502.20294189453125,721.2127075195312,0.4271240234374973,0.8327,97.3919448852539,319.0,43.598297119140625,1.3999958346849113,14.119482577744533,1.6445455420576163,0.0,11.92961597442627,40.302757263183594,12.326164245605469
2023-04-24,26.75,92.75,Non-Landslide Grid,Non-Landslide Grid,"Grid (26.75, 92.75)",0,5.081884384155273,19.198654174804688,46.90473937988281,46.90473937988281,104.27813720703125,0.4018096923827468,0.5524,78.5072250366211,48.0,8.69530200958252,0.18634304238490484,1.212334917409625,0.14402690851859568,0.0,1.683570384979248,3.571587324142456,0.9807701110839844
2024-07-29,25.0,93.5,Manipur,Dimthanlong andslide,"L Dimthanlong Tamenglong 3 village, Ward No.",1,0.0,5.613373756408691,20.93464469909668,52.109886169433594,311.7020568847656,0.39840698242184946,0.86,752.8841552734375,1640.0,374.96832275390625,13.41413890352393,40.09010912252311,6.554713269349096,1.7777777777777777,104.00732421875,182.24261474609375,41.744476318359375
2025-05-30,25.75,92.0,Meghalaya,East Khasi Hills,Umiam Landslide 12,1,103.3324966430664,111.45738983154297,142.70361328125,261.2294921875,363.6540222167969,0.5154647827148221,0.6665,917.2408447265625,859.0,130.39633178710938,4.714470137470853,21.87834296680697,3.6313367608752385,0.0,39.3952522277832,86.12773895263672,23.6353702545166
2021-12-18,28.25,97.0,Non-Landslide Grid,Non-Landslide Grid,"Grid (28.25, 97.0)",0,0.0,0.0,0.0,4.310035705566406,15.309517860412598,0.25033569335948785,0.7023,2937.380615234375,3915.0,898.3536987304688,25.401639802241334,57.30023526726715,9.746530013211483,36.19444444444444,207.5095672607422,316.9516296386719,67.75711059570312
2020-04-22,27.75,91.75,Non-Landslide Grid,Non-Landslide Grid,"Grid (27.75, 91.75)",0,7.1541290283203125,41.8954963684082,96.1488037109375,107.27433776855469,116.60870361328125,0.4048309326171844,0.2541,3811.190673828125,3426.0,719.0172119140625,21.427624015103362,46.613342239590125,9.426926135794474,19.52777777777778,172.4033966064453,277.4831237792969,62.34989547729492
2025-10-01,24.25,94.0,Non-Landslide Grid,Non-Landslide Grid,"Grid (24.25, 94.0)",0,0.6106995940208435,0.6106995940208435,4.160915374755859,27.118431091308594,156.5531768798828,0.4682998657225381,0.8862,1108.9971923828125,1186.0,211.2830047607422,9.72204202992706,28.300647142322283,5.399202084474063,0.0,78.39988708496094,132.37979125976562,34.178977966308594
2022-03-07,27.75,93.0,Non-Landslide Grid,Non-Landslide Grid,"Grid (27.75, 93.0)",0,0.0,0.0,3.225003719329834,14.420734405517578,29.572965621948242,0.3959960937499447,0.8512000000000001,1984.37255859375,3240.0,729.3819580078125,19.90465621898461,43.336736680601454,7.790866222869688,10.333333333333334,159.94017028808594,257.6097106933594,50.77695083618164
2025-04-09,25.25,92.5,Non-Landslide Grid,Non-Landslide Grid,"Grid (25.25, 92.5)",0,0.0,15.744823455810547,16.65595054626465,19.475690841674805,46.20833969116211,0.3599014282226415,0.6484,819.6777954101562,1530.0,334.9479675292969,8.272812286185768,39.33030515212594,6.5070393989689945,1.0555555555555556,65.47273254394531,169.72897338867188,46.98260498046875
2022-07-09,25.5,90.5,Non-Landslide Grid,Non-Landslide Grid,"Grid (25.5, 90.5)",0,0.0,0.5448269844055176,33.64419937133789,266.2501525878906,1892.8570556640625,0.4732971191406238,0.8474,543.5358276367188,1175.0,224.3740997314453,5.480898761902344,28.045471172004955,4.568385134784606,0.0,43.9293327331543,112.02342224121094,32.36680221557617
2021-01-20,25.75,93.75,Non-Landslide Grid,Non-Landslide Grid,"Grid (25.75, 93.75)",0,0.0,0.0,0.0,0.1358623206615448,0.1358623206615448,0.3094520568847776,0.7448,323.7869567871094,1453.0,169.9934844970703,3.137159307419787,28.946238016299887,3.842826353315334,0.0,25.070592880249023,84.23445892333984,28.07028579711914
2022-02-22,29.0,94.25,Non-Landslide Grid,Non-Landslide Grid,"Grid (29.0, 94.25)",0,0.0,33.09285354614258,34.672760009765625,67.51530456542969,173.02371215820312,0.34147644042969294,0.5493,3643.857666015625,2815.0,498.7054138183594,20.568498689017602,44.0719968704354,8.143864848690667,11.444444444444445,164.49147033691406,245.8472900390625,47.924293518066406
2025-02-07,25.5,90.0,Non-Landslide Grid,Non-Landslide Grid,"Grid (25.5, 90.0)",0,0.0,0.0,0.0,0.0,0.0,0.14007568359387365,0.5703,83.89027404785156,562.0,60.985748291015625,1.6985494366384757,18.375420595071056,1.8545637645266666,0.0,14.301230430603027,37.069862365722656,12.967105865478516
2020-02-14,27.25,96.0,Non-Landslide Grid,Non-Landslide Grid,"Grid (27.25, 96.0)",0,0.0,0.0,0.1850900650024414,7.870719909667969,28.307979583740234,0.4238052368164468,0.8642000000000001,630.7230834960938,1881.0,400.9184265136719,8.979290868713843,30.2655513053063,6.4156578390951085,0.027777777777777776,69.11734008789062,144.3175811767578,43.464378356933594
2021-09-09,27.75,94.0,Arunachal Pradesh,Lower Subansiri,Raga headquarters,1,1.1314291954040527,17.19027328491211,22.730819702148438,126.1219482421875,435.8642883300781,0.4180679321288944,0.8092,1244.3663330078125,2129.0,494.1430969238281,16.013889717688308,36.17063874593479,5.910114147919774,0.9444444444444444,127.07389068603516,186.63514709472656,33.358192443847656
2021-07-27,27.5,92.75,Non-Landslide Grid,Non-Landslide Grid,"Grid (27.5, 92.75)",0,4.586838245391846,13.098991394042969,26.845476150512695,139.95672607421875,390.19091796875,0.4211273193359387,0.8353,1803.6317138671875,2967.0,603.0645751953125,17.73978145129577,37.561653767107956,6.495172339377297,3.166666666666667,139.00157165527344,206.5306854248047,37.23012924194336
2022-07-19,26.75,94.0,Non-Landslide Grid,Non-Landslide Grid,"Grid (26.75, 94.0)",0,14.074606895446777,32.980010986328125,57.6246452331543,131.74363708496094,298.7832946777344,0.4801254272460987,0.6338,84.86194610595703,29.0,5.00822639465332,0.17903397817091066,1.3870702743437402,0.1286096935612845,0.0,1.6630210876464844,3.1632628440856934,0.8715327382087708
2024-06-14,25.75,91.75,Meghalaya,Ri Palei Landslide,Ri Bhoi region NH,1,10.327150344848633,40.260467529296875,51.27522277832031,194.2716064453125,537.2095947265625,0.4502487182616587,0.8743000000000001,806.6327514648438,1218.0,244.60678100585938,4.8513282190506875,23.125668861377935,3.9623545317341726,0.0,39.709774017333984,96.14913940429688,26.952320098876953
2020-10-16,28.75,95.5,Non-Landslide Grid,Non-Landslide Grid,"Grid (28.75, 95.5)",0,0.0,0.0,0.0,98.49893188476562,481.0537109375,0.36998748779295215,0.8387,2814.7041015625,2566.0,517.5949096679688,17.756420548127217,41.784986840461634,7.09236317665413,4.194444444444445,139.83053588867188,213.91949462890625,43.74800491333008
2022-11-08,27.25,96.0,Non-Landslide Grid,Non-Landslide Grid,"Grid (27.25, 96.0)",0,0.0,0.0,0.0,90.01624298095703,168.23187255859375,0.37049102783207766,0.8718,630.7230834960938,1881.0,400.9184265136719,8.979290868713843,30.2655513053063,6.4156578390951085,0.027777777777777776,69.11734008789062,144.3175811767578,43.464378356933594
2025-04-14,27.25,96.0,Arunachal Pradesh,Changlang,Jotin Joda under Manmao circle,1,0.21248969435691833,0.21248969435691833,7.867600917816162,21.032527923583984,130.4530487060547,0.46314239501962057,0.8141,630.7230834960938,1881.0,400.9184265136719,8.979290868713843,30.2655513053063,6.4156578390951085,0.027777777777777776,69.11734008789062,144.3175811767578,43.464378356933594
2020-08-18,24.75,93.5,Non-Landslide Grid,Non-Landslide Grid,"Grid (24.75, 93.5)",0,2.800668716430664,14.903904914855957,34.70785903930664,129.99989318847656,177.22084045410156,0.4284210205078415,0.9132,656.288330078125,1534.0,273.30828857421875,13.92695372753795,35.9465555765086,6.308069798004876,0.7777777777777778,110.30641174316406,178.22549438476562,37.871456146240234
2023-06-17,25.25,92.0,Meghalaya,West Jaintia Hills,Darrang Landslide Darrang Village area,1,62.754295349121094,198.96624755859375,341.4070739746094,404.745849609375,489.91009521484375,0.4833984374999652,0.8389000000000001,590.8108520507812,1570.0,435.5477600097656,8.655130744459786,36.39337693572617,8.119865728794037,0.5833333333333334,68.98914337158203,174.39125061035156,59.300682067871094
2024-08-07,24.75,93.25,Manipur,Kaimai Landslide,Kaimai Village area,1,22.677104949951172,72.15702819824219,153.96762084960938,223.5082550048828,303.2198181152344,0.4231376647949275,0.8439000000000001,391.63970947265625,1431.0,303.173828125,9.487265584750292,34.49709226203304,6.790725772983349,0.3611111111111111,75.60086822509766,152.48123168945312,46.09552001953125
2020-07-11,24.0,92.5,Mizoram,Mamit,Mamit2,1,14.792407035827637,39.94021224975586,75.57980346679688,160.78257751464844,262.9578552246094,0.40084838867187117,0.9078,278.63360595703125,864.0,195.9539794921875,7.443317121808474,26.943935612493448,5.500279187235453,0.0,58.76435852050781,123.90907287597656,36.05270004272461
2022-10-04,28.25,95.25,Non-Landslide Grid,Non-Landslide Grid,"Grid (28.25, 95.25)",0,0.2654765248298645,0.2654765248298645,1.7187604904174805,111.00328063964844,255.964599609375,0.4219245910644792,0.9061,1166.863037109375,2884.0,591.3910522460938,18.461342525873718,39.600421735234114,7.487837493051796,5.472222222222222,147.8409423828125,221.23622131347656,46.0212287902832
2024-09-18,25.25,94.5,Non-Landslide Grid,Non-Landslide Grid,"Grid (25.25, 94.5)",0,22.030380249023438,25.302101135253906,39.27503204345703,111.5517578125,219.38246154785156,0.44031524658196486,0.7712,1632.8397216796875,1869.0,348.2572326660156,12.750900990098021,29.15857245354523,5.04513226459475,0.0,99.7847900390625,144.70455932617188,25.71609115600586
2021-06-27,28.25,95.25,Arunachal Pradesh,East Siang,Rotung Village at Kebang,1,20.7260799407959,69.97924041748047,159.3061981201172,259.43902587890625,466.1424560546875,0.43709945678715323,0.907,1166.863037109375,2884.0,591.3910522460938,18.461342525873718,39.600421735234114,7.487837493051796,5.472222222222222,147.8409423828125,221.23622131347656,46.0212287902832
2025-08-23,23.0,93.0,Non-Landslide Grid,Non-Landslide Grid,"Grid (23.0, 93.0)",0,3.6442923545837402,11.800731658935547,37.79766845703125,121.60096740722656,335.731689453125,0.3999023437500408,0.8466,813.435546875,1526.0,313.7331237792969,13.910047655436767,36.984187970396455,6.239450011864485,0.4722222222222222,113.52469635009766,177.9695587158203,35.84268569946289
2024-11-18,27.5,88.75,Non-Landslide Grid,Non-Landslide Grid,"Grid (27.5, 88.75)",0,0.0,0.0,0.3181826174259186,0.6508510112762451,49.736106872558594,0.3689193725585741,0.4086,3655.463623046875,3785.0,916.703857421875,20.971574388527277,46.42993270893594,8.447305502800985,15.611111111111112,171.92767333984375,259.5278625488281,51.53205490112305
2022-08-22,22.75,93.0,Non-Landslide Grid,Non-Landslide Grid,"Grid (22.75, 93.0)",0,20.363000869750977,25.47688865661621,28.13323402404785,101.81977081298828,321.97161865234375,0.42999267578125,0.8967,789.2650146484375,1898.0,341.1698913574219,14.561089002221255,36.86079860562968,6.300029884029621,1.027777777777778,116.944091796875,181.39210510253906,35.221229553222656
2023-04-04,27.5,93.75,Non-Landslide Grid,Non-Landslide Grid,"Grid (27.5, 93.75)",0,0.3313775360584259,49.197723388671875,53.34072494506836,102.76681518554688,127.57946014404297,0.4250335693359163,0.7319,1403.812255859375,1825.0,359.3349914550781,10.438109203008903,37.90955894955613,6.252872853036605,0.75,80.70602416992188,157.44125366210938,42.59994888305664
2025-03-08,24.75,92.75,Non-Landslide Grid,Non-Landslide Grid,"Grid (24.75, 92.75)",0,0.0,0.0,0.0,0.1947517991065979,4.54420804977417,0.289104461669897,0.4588,28.799165725708008,83.0,10.98561954498291,0.49229396524952734,4.339614597493083,0.5527330881797449,0.0,4.288497447967529,12.693502426147461,4.094924449920654
2023-02-20,28.75,96.0,Non-Landslide Grid,Non-Landslide Grid,"Grid (28.75, 96.0)",0,1.6229182481765747,1.6229182481765747,1.856492042541504,49.835243225097656,49.835243225097656,0.37781524658203514,0.7252000000000001,2497.4091796875,3651.0,782.8612670898438,22.067963141205666,44.771191436200475,8.098994007816286,16.694444444444446,176.60426330566406,255.8905029296875,48.057762145996094
2020-06-06,24.5,92.5,Non-Landslide Grid,Non-Landslide Grid,"Grid (24.5, 92.5)",0,0.3126453161239624,45.65302276611328,195.42234802246094,372.9603576660156,402.2505187988281,0.40676879882813405,0.8307,50.25694274902344,307.0,36.682586669921875,1.0936103779500521,13.123697827867113,1.5810928079540425,0.0,8.989489555358887,33.870338439941406,11.444992065429688
2024-10-03,27.75,96.5,Non-Landslide Grid,Non-Landslide Grid,"Grid (27.75, 96.5)",0,2.735901117324829,5.591864109039307,14.413922309875488,20.793296813964844,36.13943099975586,0.48567962646484386,0.8729,1912.2774658203125,3015.0,640.3836669921875,21.45163246151097,40.459199193143306,7.178409802011485,10.75,171.69166564941406,237.52938842773438,40.915340423583984
2022-06-18,25.75,91.0,Non-Landslide Grid,Non-Landslide Grid,"Grid (25.75, 91.0)",0,36.821144104003906,535.274169921875,1060.631591796875,1334.8126220703125,1507.30517578125,0.47663879394530334,0.8027000000000001,612.0349731445312,1050.0,238.98846435546875,5.518916070345803,23.40411643741614,4.103124402802134,0.0,45.028480529785156,96.34597778320312,25.762800216674805
2023-12-23,26.5,93.0,Non-Landslide Grid,Non-Landslide Grid,"Grid (26.5, 93.0)",0,0.0,0.0,0.0,5.169736385345459,22.005889892578125,0.3511810302734682,0.7295,168.4308319091797,661.0,166.31455993652344,2.8684557130330925,24.76766018774044,4.400372428445073,0.0,23.470603942871094,100.2459487915039,32.69191360473633
2022-04-13,25.25,92.5,Meghalaya,Jaintia Hills,HP_petrol_pump_tongseng_2 behind HP Petrol Pump Tongseng,1,4.2119927406311035,15.343467712402344,20.91499900817871,66.46891784667969,231.5885467529297,0.4930801391601514,0.7032,819.6777954101562,1530.0,334.9479675292969,8.272812286185768,39.33030515212594,6.5070393989689945,1.0555555555555556,65.47273254394531,169.72897338867188,46.98260498046875
2023-01-31,25.5,93.75,Non-Landslide Grid,Non-Landslide Grid,"Grid (25.5, 93.75)",0,0.0,0.0,0.0,0.0,0.0,0.23008728027321912,0.8445,1053.5872802734375,2037.0,386.0133056640625,14.16904624860355,41.285730438317074,7.158854539432471,1.6111111111111112,110.56718444824219,187.04185485839844,46.31894302368164
2020-02-15,27.25,93.25,Non-Landslide Grid,Non-Landslide Grid,"Grid (27.25, 93.25)",0,2.4305903911590576,2.4305903911590576,2.4305903911590576,9.635473251342773,37.95768356323242,0.38208389282232336,0.8469,1699.124755859375,2124.0,379.8884582519531,12.975082879107026,33.22601564727641,5.46034466835552,0.1388888888888889,103.07848358154297,157.81167602539062,32.20867156982422
2021-11-16,24.5,94.25,Non-Landslide Grid,Non-Landslide Grid,"Grid (24.5, 94.25)",0,0.0,0.14854417741298676,0.14854417741298676,0.14854417741298676,51.40186309814453,0.394767761230461,0.8724000000000001,899.6219482421875,1397.0,310.79998779296875,11.557319884351068,26.65659757223812,4.995448423921887,0.0,94.45654296875,135.67987060546875,26.132293701171875
2020-10-11,27.25,88.25,Non-Landslide Grid,Non-Landslide Grid,"Grid (27.25, 88.25)",0,0.0,0.0,3.4188990592956543,29.30824089050293,283.4810791015625,0.3593330383300805,0.8498,1501.7489013671875,2997.0,562.7520751953125,20.1096381425214,40.56662648067611,7.081886297460569,6.555555555555556,159.76638793945312,230.42623901367188,40.55621337890625
2025-05-06,23.5,93.25,Non-Landslide Grid,Non-Landslide Grid,"Grid (23.5, 93.25)",0,4.868947982788086,8.372011184692383,26.889036178588867,35.42029571533203,79.21337127685547,0.2584838867187649,0.7377,1168.5150146484375,1179.0,224.37669372558594,11.817134948886705,32.43801863001352,5.679167882227417,0.1111111111111111,95.34366607666016,150.8507080078125,32.57124710083008
2025-08-20,25.25,92.0,Non-Landslide Grid,Non-Landslide Grid,"Grid (25.25, 92.0)",0,5.687019348144531,10.632266998291016,35.98905944824219,93.68363952636719,356.0938415527344,0.48320007324226827,0.8201,590.8108520507812,1570.0,435.5477600097656,8.655130744459786,36.39337693572617,8.119865728794037,0.5833333333333334,68.98914337158203,174.39125061035156,59.300682067871094
2024-03-24,27.5,94.25,Non-Landslide Grid,Non-Landslide Grid,"Grid (27.5, 94.25)",0,3.877551317214966,70.50146484375,73.97746276855469,128.3726806640625,147.24752807617188,0.38411712646480123,0.4421,303.2066650390625,2091.0,285.65545654296875,6.221316673598025,42.203397172712286,7.66932678313445,0.5833333333333334,50.407501220703125,155.6992950439453,58.014652252197266
2021-11-27,24.5,93.0,Non-Landslide Grid,Non-Landslide Grid,"Grid (24.5, 93.0)",0,0.0,0.0,0.0,0.0,0.5406578183174133,0.255264282226545,0.8877,199.3169403076172,900.0,190.72097778320312,5.500342727895433,27.18743015094595,5.209598479718961,0.0,44.432010650634766,116.27139282226562,37.216575622558594
2023-05-23,28.75,94.75,Non-Landslide Grid,Non-Landslide Grid,"Grid (28.75, 94.75)",0,0.8395529985427856,66.78914642333984,110.20783996582031,215.9373779296875,419.121337890625,0.39854812622070546,0.7934,1346.776611328125,2496.0,500.8155822753906,21.126720099482604,42.692614624157635,7.449301184118711,10.222222222222223,167.07745361328125,231.20486450195312,38.11601638793945
2025-05-31,25.5,91.75,Meghalaya,East Khasi Hills,Mylliem Landslide 7,1,134.42385864257812,282.88494873046875,328.74578857421875,519.0849609375,659.59765625,0.48547363281253125,0.8818,1670.7216796875,913.0,153.39508056640625,5.919859729912694,32.03817497959001,5.573524917136624,0.1388888888888889,48.907474517822266,137.64651489257812,39.82622146606445
2022-03-08,27.0,95.0,Non-Landslide Grid,Non-Landslide Grid,"Grid (27.0, 95.0)",0,0.0,0.0,0.0,8.92919921875,25.43927574157715,0.32191467285143804,0.4688,125.8324966430664,406.0,45.368919372558594,1.146625009343904,20.283662862547203,2.4844667045483537,0.0,9.403852462768555,50.658660888671875,18.543424606323242
2025-10-28,27.5,88.75,Non-Landslide Grid,Non-Landslide Grid,"Grid (27.5, 88.75)",0,0.0,0.0,0.0,0.0,96.07947540283203,0.38144683837888926,0.5422,3655.463623046875,3785.0,916.703857421875,20.971574388527277,46.42993270893594,8.447305502800985,15.611111111111112,171.92767333984375,259.5278625488281,51.53205490112305
2024-06-03,26.25,91.75,Assam,Gramya,"Nagar Landslide Gramya Nagar Path, Pandu",1,51.32978820800781,70.03955078125,184.04302978515625,213.44761657714844,246.5642852783203,0.4925651550292892,0.8191,67.3949966430664,295.0,37.075172424316406,1.4509254283381814,16.29219827144022,2.417741974738188,0.0,12.47722339630127,53.43284225463867,18.373598098754883
2023-07-14,27.25,88.5,Sikkim,South Sikkim,Rafung Khola Landslide Rafung Khola area,1,68.99287414550781,133.7371826171875,213.7338104248047,489.56011962890625,900.5924072265625,0.4132232666015683,0.9266,1310.343017578125,2905.0,563.8278198242188,19.43016042352437,44.443769020233006,6.897398642525547,5.361111111111111,150.6671905517578,223.98939514160156,42.2029914855957
2020-08-12,26.5,93.25,Non-Landslide Grid,Non-Landslide Grid,"Grid (26.5, 93.25)",0,2.8450138568878174,9.361478805541992,16.05280113220215,69.4121322631836,199.84280395507812,0.4623794555663198,0.9041,358.2972106933594,770.0,243.78945922851562,4.421381017122808,24.279744144814494,4.451682343253157,0.0,36.2896614074707,101.02350616455078,31.975385665893555
2021-07-16,24.25,94.25,Non-Landslide Grid,Non-Landslide Grid,"Grid (24.25, 94.25)",0,0.0,19.199527740478516,33.49882507324219,38.798789978027344,119.39363098144531,0.44514846801761776,0.8747,480.40582275390625,1260.0,290.3222961425781,6.270173512438982,22.01110060871449,4.972308546349556,0.0,50.020259857177734,104.46087646484375,34.80989456176758
2023-05-28,26.75,94.0,Non-Landslide Grid,Non-Landslide Grid,"Grid (26.75, 94.0)",0,2.405158758163452,47.39549255371094,72.60370635986328,205.5461883544922,227.13526916503906,0.4250640869140091,0.6143000000000001,84.86194610595703,29.0,5.00822639465332,0.17903397817091066,1.3870702743437402,0.1286096935612845,0.0,1.6630210876464844,3.1632628440856934,0.8715327382087708
2020-07-14,26.5,94.0,Non-Landslide Grid,Non-Landslide Grid,"Grid (26.5, 94.0)",0,16.761825561523438,32.04778289794922,69.01431274414062,124.06487274169922,305.41278076171875,0.4799652099608758,0.7474000000000001,99.54611206054688,41.0,6.083729267120361,0.206291623045438,1.4451307569681917,0.16176084901716478,0.0,1.8473849296569824,3.8078866004943848,1.0516762733459473
2024-10-31,24.25,92.75,Non-Landslide Grid,Non-Landslide Grid,"Grid (24.25, 92.75)",0,29.010971069335938,29.010971069335938,30.12646484375,55.32011413574219,164.32444763183594,0.35195541381836926,0.8334,251.05860900878906,821.0,166.82513427734375,6.891413606248748,23.3031321838253,5.0838525551102505,0.0,55.972328186035156,116.29582214355469,32.777156829833984
2022-05-09,23.5,91.25,Non-Landslide Grid,Non-Landslide Grid,"Grid (23.5, 91.25)",0,7.780829429626465,7.9081292152404785,40.22005844116211,64.06814575195312,212.7797393798828,0.47917175292974423,0.6118,26.968889236450195,85.0,15.423418045043945,0.44307256544506757,2.57445963988811,0.3728517547208096,0.0,3.7814159393310547,8.732481956481934,2.660675287246704
2020-11-14,27.75,96.25,Non-Landslide Grid,Non-Landslide Grid,"Grid (27.75, 96.25)",0,0.0,0.0,0.0,37.33821105957031,125.13446044921875,0.4053421020507257,0.7613000000000001,378.3680419921875,1771.0,262.791259765625,3.628177258111446,34.886002428398726,6.243721849866636,0.3055555555555556,26.976634979248047,144.90283203125,45.608177185058594
2020-07-14,25.25,93.0,Non-Landslide Grid,Non-Landslide Grid,"Grid (25.25, 93.0)",0,12.736824035644531,43.19126892089844,86.09783172607422,137.63792419433594,307.4244079589844,0.48312377929687067,0.8792000000000001,581.3922119140625,1271.0,220.6673126220703,7.95753565762605,30.952647139700577,4.65836575833331,0.027777777777777776,63.11333465576172,118.19319915771484,29.522968292236328
2024-03-24,26.75,94.0,Non-Landslide Grid,Non-Landslide Grid,"Grid (26.75, 94.0)",0,3.1809887886047363,15.48454475402832,16.22746467590332,17.00335121154785,17.00335121154785,0.42072296142571686,0.5014000000000001,84.86194610595703,29.0,5.00822639465332,0.17903397817091066,1.3870702743437402,0.1286096935612845,0.0,1.6630210876464844,3.1632628440856934,0.8715327382087708
2023-03-04,27.5,94.25,Assam,Dhemaji,Subansiri Lower Hydroelectric Project Gerukamukh,1,0.0,0.0,0.5909327268600464,58.178924560546875,73.7983169555664,0.31163787841789814,0.492,303.2066650390625,2091.0,285.65545654296875,6.221316673598025,42.203397172712286,7.66932678313445,0.5833333333333334,50.407501220703125,155.6992950439453,58.014652252197266
2021-12-09,26.75,92.75,Non-Landslide Grid,Non-Landslide Grid,"Grid (26.75, 92.75)",0,0.0,0.0,0.0,0.0,2.41441011428833,0.2122077941894479,0.5098,78.5072250366211,48.0,8.69530200958252,0.18634304238490484,1.212334917409625,0.14402690851859568,0.0,1.683570384979248,3.571587324142456,0.9807701110839844
2023-08-25,25.75,95.0,Nagaland,Kiphire,Mimi Landslide Indo-Myanmar Border area around,1,20.140945434570312,38.02897644042969,84.15792083740234,155.72540283203125,429.71142578125,0.45240020751975774,0.3122,2020.5455322265625,3087.0,537.7276000976562,18.753234031214408,39.29192585682716,6.476647085143816,3.75,146.69252014160156,212.79164123535156,37.31854248046875
2025-02-22,27.25,93.0,Non-Landslide Grid,Non-Landslide Grid,"Grid (27.25, 93.0)",0,4.940623760223389,5.232898235321045,5.389674186706543,46.9300422668457,77.60076904296875,0.37328338623055235,0.7947000000000001,1055.2911376953125,1795.0,369.5699157714844,14.651790736714245,36.79736456471443,6.273287109789744,1.0833333333333335,117.70903015136719,182.6220245361328,37.93098068237305
2020-04-16,27.5,94.0,Non-Landslide Grid,Non-Landslide Grid,"Grid (27.5, 94.0)",0,0.0,0.0,9.889690399169922,19.93988037109375,44.44608688354492,0.4179382324218365,0.8109000000000001,1536.2244873046875,2724.0,755.0374755859375,14.933853980813408,40.312445929729115,8.452063097443121,4.722222222222222,119.38636779785156,220.49632263183594,59.01678466796875
2020-06-02,24.75,92.5,Assam,Karimganj,SDMA/AS/2020/Karimpur Slide 2,1,117.86911010742188,225.42633056640625,337.00067138671875,411.8692932128906,479.50164794921875,0.5017623901367049,0.7691,27.9325008392334,114.0,13.478446006774902,0.5745536247366787,7.060201323014502,0.7546805728025614,0.0,4.88978910446167,15.001809120178223,5.414361953735352
2021-05-25,24.75,94.0,Non-Landslide Grid,Non-Landslide Grid,"Grid (24.75, 94.0)",0,4.767813682556152,4.767813682556152,20.490230560302734,57.71174240112305,98.12759399414062,0.3383712768556673,0.435,825.2747192382812,715.0,86.79336547851562,2.826579707596773,24.518171520500573,3.987665973213985,0.0,23.277711868286133,84.06521606445312,29.67618179321289
2022-04-10,25.0,92.5,Assam,Cachar,"Malidor_meghalaya_1 Malidor, Meghalaya near bridge",1,5.4661335945129395,5.4661335945129395,26.501270294189453,86.05489349365234,194.15150451660156,0.421936035156217,0.6105,204.9633331298828,1224.0,275.96075439453125,5.487831143215172,34.94692623136583,7.116754878189429,0.4166666666666667,44.536964416503906,142.9350128173828,54.15533447265625
2022-04-13,25.25,92.5,Meghalaya,Jaintia Hills,Nongsning_12 Near Nongsning,1,4.2119927406311035,15.343467712402344,20.91499900817871,66.46891784667969,231.5885467529297,0.4930801391601514,0.7032,819.6777954101562,1530.0,334.9479675292969,8.272812286185768,39.33030515212594,6.5070393989689945,1.0555555555555556,65.47273254394531,169.72897338867188,46.98260498046875
2025-05-26,25.25,90.25,Non-Landslide Grid,Non-Landslide Grid,"Grid (25.25, 90.25)",0,19.935646057128906,20.445873260498047,308.4700622558594,674.2713012695312,800.1876220703125,0.42623901367193306,0.7417,73.40249633789062,225.0,46.14529037475586,1.6844911888991303,8.95405354971055,1.6341408856870685,0.0,14.641450881958008,38.95814895629883,12.443431854248047
2024-11-19,26.0,92.5,Non-Landslide Grid,Non-Landslide Grid,"Grid (26.0, 92.5)",0,0.0,0.0,0.0,3.23026704788208,19.46236801147461,0.32731628417964803,0.8792000000000001,353.65972900390625,678.0,190.900390625,4.571070359635543,22.66155124479494,3.7939397398009924,0.0,37.79451370239258,90.0302734375,26.104530334472656
2022-04-16,26.25,92.75,Non-Landslide Grid,Non-Landslide Grid,"Grid (26.25, 92.75)",0,30.76209259033203,50.606422424316406,94.02958679199219,195.10037231445312,237.39584350585938,0.48392868041994097,0.4134,134.39443969726562,739.0,152.9081268310547,2.03556003100252,24.481392636733343,4.03503936010858,0.0,16.41988754272461,94.49658966064453,30.449844360351562
2022-04-13,25.25,92.5,Meghalaya,Jaintia Hills,Byndihati-Umtyra_8 Between Byndihati and Umtyra,1,4.2119927406311035,15.343467712402344,20.91499900817871,66.46891784667969,231.5885467529297,0.4930801391601514,0.7032,819.6777954101562,1530.0,334.9479675292969,8.272812286185768,39.33030515212594,6.5070393989689945,1.0555555555555556,65.47273254394531,169.72897338867188,46.98260498046875
2021-11-19,24.25,94.0,Non-Landslide Grid,Non-Landslide Grid,"Grid (24.25, 94.0)",0,0.0,0.0,0.1404794454574585,0.1404794454574585,22.91230583190918,0.4504699707029238,0.8912,1108.9971923828125,1186.0,211.2830047607422,9.72204202992706,28.300647142322283,5.399202084474063,0.0,78.39988708496094,132.37979125976562,34.178977966308594
2024-12-13,26.75,94.5,Non-Landslide Grid,Non-Landslide Grid,"Grid (26.75, 94.5)",0,0.0,0.0,0.0,0.0,2.373910427093506,0.2795639038085677,0.6459,152.64083862304688,816.0,111.94622802734375,1.8494915913344705,25.33835269579095,3.853828538313039,0.0,14.316750526428223,88.5917739868164,27.788942337036133
2021-06-30,28.25,95.25,Arunachal Pradesh,Upper Siang,Pasighat to Yingkiong (100 kms away),1,73.3663101196289,271.644775390625,356.9088134765625,521.0740356445312,727.3313598632812,0.4341659545898928,0.907,1166.863037109375,2884.0,591.3910522460938,18.461342525873718,39.600421735234114,7.487837493051796,5.472222222222222,147.8409423828125,221.23622131347656,46.0212287902832
2022-08-07,24.0,94.0,Non-Landslide Grid,Non-Landslide Grid,"Grid (24.0, 94.0)",0,0.0,5.199954032897949,29.69967269897461,96.10054016113281,121.6015625,0.41777038574242714,0.7257,1112.3905029296875,1970.0,384.6387023925781,13.368118460135134,30.430661338561226,5.088212487763951,0.027777777777777776,107.17179870605469,151.6919403076172,26.42008399963379
2023-12-06,27.0,92.5,Arunachal Pradesh,West Kameng,Tippi Landslide Balipara-Chariduar-Tawang Road (Tippi,1,0.0,0.0,0.0,10.064244270324707,10.157654762268066,0.22023010253921063,0.8527,741.2086181640625,3050.0,695.518798828125,9.641513969355696,38.87096797564732,8.623184388668472,1.5,77.50574493408203,186.1094207763672,64.16087341308594
2021-06-06,26.0,91.0,Non-Landslide Grid,Non-Landslide Grid,"Grid (26.0, 91.0)",0,28.89600944519043,92.7343978881836,151.4065399169922,169.72535705566406,264.9498596191406,0.475555419921883,0.5438000000000001,71.23139190673828,516.0,73.41050720214844,1.2930697934097897,23.16556601795955,3.108993288451381,0.0,10.812939643859863,62.34619903564453,22.8721923828125
2020-08-27,22.0,93.0,Non-Landslide Grid,Non-Landslide Grid,"Grid (22.0, 93.0)",0,0.9163322448730469,22.45563316345215,62.75965881347656,129.05303955078125,389.09893798828125,0.41076660156250155,0.8033,572.5257568359375,1567.0,321.3743896484375,12.176271376170295,30.392085710422396,6.128209234688854,0.07575757575757576,97.53862762451172,157.82260131835938,37.147457122802734
2023-07-14,25.75,92.25,Non-Landslide Grid,Non-Landslide Grid,"Grid (25.75, 92.25)",0,5.3326873779296875,18.71292495727539,31.03505516052246,100.9100112915039,254.83143615722656,0.47866821289067385,0.7032,863.1525268554688,623.0,112.7856674194336,4.351224953933891,20.40236602542277,3.2202939845624936,0.0,36.13096618652344,77.72660827636719,21.264589309692383
2025-05-30,25.75,92.0,Meghalaya,Ri Bhoi,Umsamlem Landslide,1,103.3324966430664,111.45738983154297,142.70361328125,261.2294921875,363.6540222167969,0.5154647827148221,0.6665,917.2408447265625,859.0,130.39633178710938,4.714470137470853,21.87834296680697,3.6313367608752385,0.0,39.3952522277832,86.12773895263672,23.6353702545166
2021-06-30,27.75,94.75,Arunachal Pradesh,West Siang,"near Garu, 25 km from Likabali",1,6.236984729766846,30.50657081604004,78.22311401367188,169.69247436523438,361.74774169921875,0.4215812683105289,0.7846000000000001,500.0322265625,1511.0,326.0230407714844,8.518411246684085,33.117979039440804,6.495407946808469,0.05555555555555555,69.726318359375,148.8292694091797,46.75351333618164
2020-06-27,27.5,88.5,Sikkim,North Sikkim,Barfok-Lingdok GPU,1,61.33052444458008,169.75730895996094,247.52757263183594,468.8948059082031,740.1098022460938,0.4292449951171872,0.8506,2168.81982421875,3697.0,796.494384765625,23.632660743125502,49.23240538360047,7.919056484581935,20.916666666666668,188.52566528320312,282.9498291015625,52.20234680175781
2024-06-01,27.25,88.5,Sikkim,Tashi Landslide,Gangtok Road Mangan,1,1.7127681970596313,54.04496765136719,113.10659790039062,194.0082550048828,258.5298156738281,0.40591430664063277,0.8236,1310.343017578125,2905.0,563.8278198242188,19.43016042352437,44.443769020233006,6.897398642525547,5.361111111111111,150.6671905517578,223.98939514160156,42.2029914855957
2022-05-15,25.25,93.0,Assam,Dima Hasao,"L12 Near Kendri Vidyalaya, Halflong",1,13.70791244506836,171.51666259765625,325.0523681640625,348.9837951660156,558.1865234375,0.47109222412107926,0.7867000000000001,581.3922119140625,1271.0,220.6673126220703,7.95753565762605,30.952647139700577,4.65836575833331,0.027777777777777776,63.11333465576172,118.19319915771484,29.522968292236328
2025-01-30,26.25,89.75,Non-Landslide Grid,Non-Landslide Grid,"Grid (26.25, 89.75)",0,0.0,0.0,0.0,0.0,0.0,0.1450424194335977,0.4543,35.02750015258789,27.0,3.171674966812134,0.12091396660067759,1.3983699101035267,0.0958937748490908,0.0,1.1745604276657104,2.1794495582580566,0.6618771553039551
2022-04-23,25.25,91.75,Non-Landslide Grid,Non-Landslide Grid,"Grid (25.25, 91.75)",0,0.0,1.297034740447998,84.16194915771484,387.94403076171875,930.3263549804688,0.49858093261718384,0.7496,684.6930541992188,1771.0,526.1378173828125,11.198190983867946,34.69450691676559,8.788339983989749,1.1666666666666667,90.1303482055664,189.36473083496094,63.86445617675781
2022-08-19,25.75,95.0,Non-Landslide Grid,Non-Landslide Grid,"Grid (25.75, 95.0)",0,7.601205825805664,8.160052299499512,13.956151962280273,54.03864288330078,175.10609436035156,0.42679595947293125,0.7956000000000001,2020.5455322265625,3087.0,537.7276000976562,18.753234031214408,39.29192585682716,6.476647085143816,3.75,146.69252014160156,212.79164123535156,37.31854248046875
2022-11-04,27.5,92.0,Non-Landslide Grid,Non-Landslide Grid,"Grid (27.5, 92.0)",0,0.0,0.0,0.0,156.0778045654297,219.3402099609375,0.3598785400390755,0.7326,3475.0341796875,3058.0,652.0191040039062,18.466368893188104,37.90957696530571,7.294949739263102,4.75,145.92019653320312,217.28733825683594,43.05392074584961
2023-05-19,27.5,88.75,Sikkim,North Sikkim,Chungthang Landslide Chungthang_Lachung_Road,1,4.209071159362793,20.209388732910156,35.01357650756836,166.12107849121094,321.303466796875,0.4222564697265627,0.3534,3655.463623046875,3785.0,916.703857421875,20.971574388527277,46.42993270893594,8.447305502800985,15.611111111111112,171.92767333984375,259.5278625488281,51.53205490112305
2022-09-05,26.0,93.75,Non-Landslide Grid,Non-Landslide Grid,"Grid (26.0, 93.75)",0,0.3857133984565735,5.848189353942871,14.91343879699707,61.58564376831055,115.5877914428711,0.45600891113298603,0.7464000000000001,170.7897186279297,836.0,66.41282653808594,0.7315379951505613,17.308978020483142,1.6631596125564576,0.0,5.739075660705566,16.6248722076416,11.79712200164795
2025-05-31,27.5,94.25,Non-Landslide Grid,Non-Landslide Grid,"Grid (27.5, 94.25)",0,112.57604217529297,172.98837280273438,174.3897705078125,201.39227294921875,493.8861083984375,0.42905426025389737,0.6325000000000001,303.2066650390625,2091.0,285.65545654296875,6.221316673598025,42.203397172712286,7.66932678313445,0.5833333333333334,50.407501220703125,155.6992950439453,58.014652252197266
2022-05-20,25.5,91.0,Non-Landslide Grid,Non-Landslide Grid,"Grid (25.5, 91.0)",0,64.83200073242188,358.1801452636719,1491.8475341796875,2081.865478515625,2236.117919921875,0.4810485839844143,0.7249,700.3352661132812,904.0,197.0113983154297,3.9853455760401912,18.673013942057693,2.572380468470659,0.0,33.65732955932617,68.69902038574219,17.522661209106445
2021-09-25,26.0,90.25,Non-Landslide Grid,Non-Landslide Grid,"Grid (26.0, 90.25)",0,0.0,1.493159532546997,8.080313682556152,38.68220520019531,212.25059509277344,0.38657379150385063,0.7729,50.90361022949219,310.0,41.2567024230957,0.7424694772682515,13.43728086740383,1.4107051372004447,0.0,6.2733612060546875,31.28388023376465,10.727988243103027
2021-10-03,27.0,93.0,Non-Landslide Grid,Non-Landslide Grid,"Grid (27.0, 93.0)",0,3.1942992210388184,3.1942992210388184,5.867836952209473,47.683837890625,154.6349334716797,0.44328308105469544,0.8329000000000001,468.3388977050781,1635.0,355.15875244140625,7.352648615656198,33.22468867105141,6.523761778166748,0.05555555555555555,58.91574478149414,146.1652069091797,48.73173904418945
2025-11-04,25.5,94.5,Non-Landslide Grid,Non-Landslide Grid,"Grid (25.5, 94.5)",0,0.0,7.271877288818359,7.910007476806641,11.958830833435059,65.88729858398438,0.4196472167967946,0.8441000000000001,1214.94775390625,1524.0,263.10931396484375,13.416159594748445,31.77914876142218,5.575241901226998,0.2222222222222222,104.84436798095703,152.53733825683594,28.473220825195312
2025-03-21,27.75,96.75,Non-Landslide Grid,Non-Landslide Grid,"Grid (27.75, 96.75)",0,0.0,9.746245384216309,60.357357025146484,86.82461547851562,132.02813720703125,0.42868423461912963,0.7934,2939.690185546875,3381.0,679.4791870117188,23.2617787175157,48.74501991318944,7.818991507373922,19.72222222222222,188.0431671142578,260.81427001953125,44.29112243652344
2022-05-15,25.0,92.75,Assam,Dima Hasao,bungkhang_1 bungkhang,1,17.392393112182617,209.87167358398438,389.2757263183594,429.9621276855469,673.3184814453125,0.47242736816394554,0.7506,274.126953125,1465.0,315.2989196777344,7.0296151565544855,32.894933863241256,6.950774825954634,0.05555555555555555,56.27210235595703,144.00457763671875,50.87444305419922
2022-12-26,26.5,92.75,Non-Landslide Grid,Non-Landslide Grid,"Grid (26.5, 92.75)",0,0.0,0.0,0.0,0.0,0.0,0.2460632324216976,0.6323000000000001,67.26055908203125,45.0,3.955291748046875,0.21812827862361991,3.6425544289920397,0.23393955851429973,0.0,2.0826833248138428,4.731539249420166,1.9147090911865234
2025-05-30,25.75,92.0,Meghalaya,Ri Bhoi,Umsning Landslide 2,1,103.3324966430664,111.45738983154297,142.70361328125,261.2294921875,363.6540222167969,0.5154647827148221,0.6665,917.2408447265625,859.0,130.39633178710938,4.714470137470853,21.87834296680697,3.6313367608752385,0.0,39.3952522277832,86.12773895263672,23.6353702545166
2020-12-04,23.75,93.25,Non-Landslide Grid,Non-Landslide Grid,"Grid (23.75, 93.25)",0,0.0,0.0,0.0,0.5740277767181396,2.580639362335205,0.2683029174804624,0.8363,1111.324951171875,1782.0,321.77630615234375,12.857450198377249,40.77219974472245,6.40346406325916,1.3333333333333335,104.22640991210938,170.38052368164062,39.146873474121094
2024-05-28,25.5,94.25,Nagaland,Rekizu Landslide,Rekizu Ward,1,49.742408752441406,79.13899230957031,107.04083251953125,119.74878692626953,169.00872802734375,0.4856033325194506,0.7561,1606.2049560546875,1633.0,336.6394348144531,13.072549325862639,31.529268531106975,5.6083756046100355,0.05555555555555555,101.690673828125,155.21470642089844,33.152103424072266
2020-05-23,27.25,92.25,Non-Landslide Grid,Non-Landslide Grid,"Grid (27.25, 92.25)",0,55.79833984375,175.7305450439453,185.3429718017578,210.31076049804688,309.3331604003906,0.42321777343749695,0.8356,2524.25830078125,2412.0,462.11126708984375,17.175085721954495,37.77787775844631,6.853860959481779,2.888888888888889,137.6384735107422,207.30628967285156,40.15293502807617
2024-05-16,26.5,91.75,Non-Landslide Grid,Non-Landslide Grid,"Grid (26.5, 91.75)",0,0.0,0.0,1.2966251373291016,17.308818817138672,53.570091247558594,0.3146209716796837,0.6013000000000001,62.77527618408203,27.0,5.656883716583252,0.155229743002666,0.5826327978107191,0.08573889757010468,0.0,1.5102808475494385,2.5,0.5472370982170105
2023-10-01,28.25,95.25,Non-Landslide Grid,Non-Landslide Grid,"Grid (28.25, 95.25)",0,0.0,0.0,5.569371223449707,142.53343200683594,155.6348876953125,0.3735160827637378,0.8364,1166.863037109375,2884.0,591.3910522460938,18.461342525873718,39.600421735234114,7.487837493051796,5.472222222222222,147.8409423828125,221.23622131347656,46.0212287902832
2020-07-16,24.5,94.0,Non-Landslide Grid,Non-Landslide Grid,"Grid (24.5, 94.0)",0,16.290489196777344,49.356285095214844,60.59527587890625,98.27752685546875,176.28952026367188,0.4851531982419875,0.7173,871.6072387695312,739.0,146.46446228027344,3.882956415666678,20.998478770717725,4.831692814791372,0.0,31.758710861206055,100.81731414794922,35.78030014038086
2020-05-25,28.5,95.75,Arunachal Pradesh,Dibang Valley,Aarzoo Village,1,146.58554077148438,224.3563232421875,293.321044921875,415.3382873535156,487.7783203125,0.42871093749999467,0.887,1452.072509765625,2728.0,539.487060546875,22.310271837469433,43.22261989189705,8.01152758549326,17.333333333333336,182.08642578125,260.0995788574219,44.85043716430664
2022-04-03,26.5,91.75,Non-Landslide Grid,Non-Landslide Grid,"Grid (26.5, 91.75)",0,4.386435508728027,42.206336975097656,63.02545166015625,110.24327850341797,110.24327850341797,0.4757232666015614,0.5693,62.77527618408203,27.0,5.656883716583252,0.155229743002666,0.5826327978107191,0.08573889757010468,0.0,1.5102808475494385,2.5,0.5472370982170105
2024-06-15,25.5,90.25,Meghalaya,Garo Matchurigre Landslide,Tura 6 Road Williamnagar SH,1,97.52465057373047,188.85842895507812,222.22067260742188,494.72052001953125,1062.780517578125,0.45518493652347247,0.9006000000000001,456.1675109863281,1310.0,324.3319091796875,5.398804127806837,29.770511719549223,5.068353584541543,0.0,43.320011138916016,116.16681671142578,35.4824333190918
2025-09-18,23.25,92.75,Non-Landslide Grid,Non-Landslide Grid,"Grid (23.25, 92.75)",0,1.6407009363174438,9.0291109085083,82.62826538085938,177.0148162841797,342.6268615722656,0.3969039916992231,0.9141,639.630859375,1260.0,200.76295471191406,9.799972649391158,29.03776753010941,5.627017276240316,0.0,80.92599487304688,137.27716064453125,33.788272857666016
2020-06-02,24.75,92.5,Assam,Hailakandi,SDMA/AS/2020/Chandipur Grant Slide,1,117.86911010742188,225.42633056640625,337.00067138671875,411.8692932128906,479.50164794921875,0.5017623901367049,0.7691,27.9325008392334,114.0,13.478446006774902,0.5745536247366787,7.060201323014502,0.7546805728025614,0.0,4.88978910446167,15.001809120178223,5.414361953735352
2022-12-01,27.5,94.25,Non-Landslide Grid,Non-Landslide Grid,"Grid (27.5, 94.25)",0,0.0,0.0,0.0,1.2890223264694214,2.025606632232666,0.17210388183585962,0.5186000000000001,303.2066650390625,2091.0,285.65545654296875,6.221316673598025,42.203397172712286,7.66932678313445,0.5833333333333334,50.407501220703125,155.6992950439453,58.014652252197266
2025-12-31,27.5,94.75,Non-Landslide Grid,Non-Landslide Grid,"Grid (27.5, 94.75)",0,0.0,1.9181519746780396,1.9181519746780396,1.9181519746780396,1.9181519746780396,0.20705413818385382,0.5896,104.59388732910156,38.0,5.581822395324707,0.1302345706068359,1.1555514767930655,0.1032864828524461,0.0,1.1642005443572998,2.423840045928955,0.6909770369529724
2024-09-30,27.25,88.25,Sikkim,RibdiBhareng Landslide Landslide Name,Between Bhareng Location Ribdi and NH/SH Latitude Affected,1,2.7572102546691895,136.1826629638672,269.44598388671875,294.5964050292969,357.3465270996094,0.42462158203125644,0.8738,1501.7489013671875,2997.0,562.7520751953125,20.1096381425214,40.56662648067611,7.081886297460569,6.555555555555556,159.76638793945312,230.42623901367188,40.55621337890625
2022-05-15,25.25,93.0,Assam,Dima Hasao,"L16 Near Kendri Vidyalaya, Halflong",1,13.70791244506836,171.51666259765625,325.0523681640625,348.9837951660156,558.1865234375,0.47109222412107926,0.7867000000000001,581.3922119140625,1271.0,220.6673126220703,7.95753565762605,30.952647139700577,4.65836575833331,0.027777777777777776,63.11333465576172,118.19319915771484,29.522968292236328
2025-05-18,29.0,95.0,Non-Landslide Grid,Non-Landslide Grid,"Grid (29.0, 95.0)",0,19.836645126342773,82.79501342773438,188.22122192382812,249.80653381347656,452.3771057128906,0.4265899658203125,0.7922,1590.050537109375,2735.0,588.6205444335938,19.140469185211224,45.018074712876675,7.64267866918072,8.055555555555555,150.3131561279297,230.77151489257812,46.59003829956055
2024-07-22,27.5,88.75,Sikkim,Toong Landslide,Between Rel Ward Naga and areas,1,21.184160232543945,67.68006896972656,161.04469299316406,328.468505859375,590.7103881835938,0.4256820678710912,0.6381,3655.463623046875,3785.0,916.703857421875,20.971574388527277,46.42993270893594,8.447305502800985,15.611111111111112,171.92767333984375,259.5278625488281,51.53205490112305
2022-05-15,25.25,93.0,Assam,Dima Hasao,"L26 Near Kendri Vidyalaya, Halflong",1,13.70791244506836,171.51666259765625,325.0523681640625,348.9837951660156,558.1865234375,0.47109222412107926,0.7867000000000001,581.3922119140625,1271.0,220.6673126220703,7.95753565762605,30.952647139700577,4.65836575833331,0.027777777777777776,63.11333465576172,118.19319915771484,29.522968292236328
2022-09-26,25.75,90.75,Non-Landslide Grid,Non-Landslide Grid,"Grid (25.75, 90.75)",0,1.3800381422042847,8.624497413635254,32.74705505371094,92.74298858642578,281.0932312011719,0.49699783325194874,0.8817,343.042236328125,612.0,114.87918090820312,4.266481429972291,18.878320236794654,3.253566480746816,0.0,35.23768997192383,73.53412628173828,21.00526237487793
2023-04-14,25.5,91.75,Non-Landslide Grid,Non-Landslide Grid,"Grid (25.5, 91.75)",0,0.0,0.0,0.0,20.768835067749023,139.05238342285156,0.33576965332029685,0.5941000000000001,1670.7216796875,913.0,153.39508056640625,5.919859729912694,32.03817497959001,5.573524917136624,0.1388888888888889,48.907474517822266,137.64651489257812,39.82622146606445
2025-05-18,27.25,95.75,Non-Landslide Grid,Non-Landslide Grid,"Grid (27.25, 95.75)",0,11.727249145507812,24.116432189941406,40.70603561401367,97.9001235961914,224.8457794189453,0.46843719482410445,0.8165,402.3658447265625,1416.0,295.2882995605469,7.01128463465975,28.806016082308474,6.958265903993761,0.0,55.06111145019531,146.06954956054688,49.84526443481445
2022-07-02,28.5,94.5,Non-Landslide Grid,Non-Landslide Grid,"Grid (28.5, 94.5)",0,0.0,27.96573257446289,189.4038848876953,268.3756103515625,539.4808349609375,0.41111755371092645,0.8528,1978.379150390625,3601.0,703.2435913085938,21.6545655778802,47.30829583288325,7.47810168845436,12.88888888888889,170.44126892089844,247.89407348632812,43.76173400878906
2023-08-15,24.5,94.0,Non-Landslide Grid,Non-Landslide Grid,"Grid (24.5, 94.0)",0,1.928311824798584,5.254046440124512,23.017051696777344,54.98100662231445,72.734375,0.4854583740232477,0.7254,871.6072387695312,739.0,146.46446228027344,3.882956415666678,20.998478770717725,4.831692814791372,0.0,31.758710861206055,100.81731414794922,35.78030014038086
2022-05-14,23.25,91.75,Non-Landslide Grid,Non-Landslide Grid,"Grid (23.25, 91.75)",0,30.574466705322266,64.36624145507812,115.28062438964844,160.72454833984375,262.2754821777344,0.4506378173826617,0.7825000000000001,83.91638946533203,225.0,33.92729187011719,1.2443996127615193,8.236260822728928,1.1561737433334793,0.0,10.26632022857666,26.470144271850586,7.961842060089111
2024-10-31,23.0,92.5,Non-Landslide Grid,Non-Landslide Grid,"Grid (23.0, 92.5)",0,2.976168155670166,2.976168155670166,10.189277648925781,11.442483901977539,52.84672164916992,0.26799011230468633,0.9104,194.51889038085938,710.0,145.86865234375,5.483978886517111,27.751427262465327,4.990859089538417,0.0,44.943424224853516,109.03978729248047,34.9382438659668
2020-02-21,25.75,90.0,Non-Landslide Grid,Non-Landslide Grid,"Grid (25.75, 90.0)",0,0.0,0.0,0.0,4.582406997680664,4.582406997680664,0.14941406250006709,0.5774,67.37972259521484,315.0,57.01261520385742,1.074160892015206,13.420996454219074,1.2903401630573892,0.0,8.647370338439941,25.551294326782227,9.001255989074707
2024-12-10,25.25,90.25,Non-Landslide Grid,Non-Landslide Grid,"Grid (25.25, 90.25)",0,0.0,0.0,0.0,0.0,0.0,0.2132644653321005,0.6994,73.40249633789062,225.0,46.14529037475586,1.6844911888991303,8.95405354971055,1.6341408856870685,0.0,14.641450881958008,38.95814895629883,12.443431854248047
2023-05-02,26.75,92.0,Non-Landslide Grid,Non-Landslide Grid,"Grid (26.75, 92.0)",0,0.0,17.896076202392578,22.001728057861328,85.08271026611328,127.5128402709961,0.4397354125976077,0.5835,136.9066619873047,439.0,66.59944915771484,0.697257570514572,10.005710728666225,1.2263725883885819,0.0,5.371273994445801,25.79478645324707,9.173100471496582
2023-05-23,29.0,94.5,Non-Landslide Grid,Non-Landslide Grid,"Grid (29.0, 94.5)",0,0.10116513073444366,61.620025634765625,156.6417236328125,345.6764221191406,715.0673828125,0.39428710937500744,0.8102,3005.808837890625,3730.0,810.688720703125,23.84019762663832,48.639709440021086,7.924152675156946,21.63888888888889,187.22267150878906,267.10906982421875,46.24726867675781
2025-12-19,25.5,92.25,Non-Landslide Grid,Non-Landslide Grid,"Grid (25.5, 92.25)",0,0.0,0.0,0.0,0.0,0.0,0.2834472656250459,0.6063000000000001,1260.42578125,597.0,102.87409210205078,2.808655381871295,17.212804623042103,2.215269176666288,0.0,23.935148239135742,55.71966552734375,15.806341171264648
2024-08-29,27.25,93.5,Non-Landslide Grid,Non-Landslide Grid,"Grid (27.25, 93.5)",0,1.3167847394943237,44.99879455566406,57.65903091430664,95.71517944335938,313.7246398925781,0.4618148803710357,0.6843,1506.97412109375,2357.0,400.4650573730469,13.490002771301448,35.73032569319689,5.876769363504501,0.3888888888888889,106.12234497070312,172.48289489746094,35.388729095458984
2024-09-27,26.75,93.25,Non-Landslide Grid,Non-Landslide Grid,"Grid (26.75, 93.25)",0,4.9630584716796875,24.666078567504883,27.055835723876953,27.055835723876953,103.6422119140625,0.47923660278319147,0.7934,81.1066665649414,54.0,10.197127342224121,0.27788773466572253,1.4366760606726385,0.20565343808305273,0.0,2.466463565826416,5.442885398864746,1.4107826948165894
2022-06-09,25.5,90.0,Meghalaya,South West Garo Hills,"Betasingh_landslide Samati village, Betasingh block",1,93.43229675292969,172.44287109375,452.82763671875,479.13470458984375,1436.5194091796875,0.4183959960938309,0.8221,83.89027404785156,562.0,60.985748291015625,1.6985494366384757,18.375420595071056,1.8545637645266666,0.0,14.301230430603027,37.069862365722656,12.967105865478516
2023-06-27,22.75,92.75,Non-Landslide Grid,Non-Landslide Grid,"Grid (22.75, 92.75)",0,9.122878074645996,10.141361236572266,39.3135986328125,169.00439453125,323.8707275390625,0.39403152465821545,0.7925000000000001,471.7497253417969,1379.0,257.7286682128906,9.469634715442576,26.744698660572194,5.39070092400143,0.0,78.04711151123047,139.4850311279297,33.80046844482422
2022-11-05,25.75,90.25,Non-Landslide Grid,Non-Landslide Grid,"Grid (25.75, 90.25)",0,0.0,0.0,0.0,174.1361846923828,454.1009521484375,0.37266540527343694,0.8209000000000001,268.25360107421875,694.0,145.89248657226562,2.6266826104787047,13.143420707951513,2.0358751126267824,0.0,21.159591674804688,51.440372467041016,13.796658515930176
2025-06-26,28.0,88.5,Non-Landslide Grid,Non-Landslide Grid,"Grid (28.0, 88.5)",0,14.315518379211426,30.420238494873047,72.55614471435547,110.55512237548828,254.0134735107422,0.4281463623046855,0.2492,5095.7900390625,4396.0,387.92755126953125,13.349086794565135,73.70894448368757,8.435456979019474,3.944444444444444,106.86685943603516,213.61180114746094,80.8809585571289
2023-03-16,26.25,94.5,Non-Landslide Grid,Non-Landslide Grid,"Grid (26.25, 94.5)",0,1.2378525733947754,1.6292883157730103,1.6292883157730103,1.6292883157730103,2.7711868286132812,0.4341201782226079,0.653,989.822509765625,1674.0,315.20281982421875,10.74273685959458,30.503507972756235,4.9305374882720026,0.027777777777777776,83.37834930419922,135.6664276123047,28.81993293762207
2021-12-01,26.25,90.0,Non-Landslide Grid,Non-Landslide Grid,"Grid (26.25, 90.0)",0,0.0,0.0,0.0,0.5484826564788818,0.5484826564788818,0.1721496582031233,0.7816000000000001,45.26305389404297,37.0,8.158735275268555,0.34390336090684603,1.6093711256081877,0.2893858910089453,0.0,2.9364027976989746,6.661924839019775,1.9231786727905273
2023-06-18,27.25,88.25,Sikkim,West Sikkim,Dentam Landslide Dentam Sub Division under Gyalshing,1,33.70075607299805,88.85813903808594,180.36874389648438,184.41696166992188,307.82440185546875,0.4282341003417991,0.7972,1501.7489013671875,2997.0,562.7520751953125,20.1096381425214,40.56662648067611,7.081886297460569,6.555555555555556,159.76638793945312,230.42623901367188,40.55621337890625
2020-05-11,27.75,96.25,Non-Landslide Grid,Non-Landslide Grid,"Grid (27.75, 96.25)",0,0.0,0.4296587407588959,8.151948928833008,79.60395812988281,175.18557739257812,0.4089622497559319,0.7395,378.3680419921875,1771.0,262.791259765625,3.628177258111446,34.886002428398726,6.243721849866636,0.3055555555555556,26.976634979248047,144.90283203125,45.608177185058594
2024-06-02,27.75,92.75,Non-Landslide Grid,Non-Landslide Grid,"Grid (27.75, 92.75)",0,18.678316116333008,37.272239685058594,122.1236801147461,131.81764221191406,196.17185974121094,0.4293136596679664,0.0525,2777.78857421875,4468.0,873.0940551757812,20.95534962571717,46.83326311687205,7.829214708175818,11.777777777777777,166.9709930419922,250.79298400878906,48.583499908447266
2020-11-11,28.0,93.75,Non-Landslide Grid,Non-Landslide Grid,"Grid (28.0, 93.75)",0,0.0,0.0,11.853528022766113,41.673439025878906,90.33069610595703,0.36463165283203824,0.8893000000000001,1455.862548828125,2434.0,492.0262756347656,20.263911744532226,40.810849556333466,7.4306715903592595,9.86111111111111,164.10630798339844,239.4039764404297,42.79767990112305
2020-06-16,29.25,96.0,Non-Landslide Grid,Non-Landslide Grid,"Grid (29.25, 96.0)",0,39.21178436279297,58.86671829223633,70.66734313964844,529.561279296875,1113.257568359375,0.42626190185546947,0.0204,3878.079833984375,3163.0,629.399658203125,22.63858601854045,55.29292804553204,10.433435911884475,24.666666666666668,186.75059509277344,314.1125183105469,69.53962707519531
2024-03-10,27.25,92.25,Non-Landslide Grid,Non-Landslide Grid,"Grid (27.25, 92.25)",0,0.0,0.3223752975463867,4.831351280212402,4.831351280212402,10.382767677307129,0.39421463012697777,0.5499,2524.25830078125,2412.0,462.11126708984375,17.175085721954495,37.77787775844631,6.853860959481779,2.888888888888889,137.6384735107422,207.30628967285156,40.15293502807617
2025-06-29,27.0,92.5,Arunachal Pradesh,West Kameng,road connecting Tippi and Elephant Flat,1,20.799226760864258,28.85692596435547,144.20545959472656,223.0867156982422,384.0773010253906,0.39060974121114445,0.8331000000000001,741.2086181640625,3050.0,695.518798828125,9.641513969355696,38.87096797564732,8.623184388668472,1.5,77.50574493408203,186.1094207763672,64.16087341308594
2024-06-15,25.25,91.5,Meghalaya,West Mawkyrwat Hills Landslide,Mawkyrwat block,1,426.4563903808594,669.3486328125,761.1590576171875,1184.69677734375,2756.188232421875,0.49925231933589376,0.7241000000000001,653.3880615234375,1748.0,565.5803833007812,9.294597714521347,34.68336982930679,8.295642727190083,0.6666666666666667,75.68921661376953,180.33497619628906,60.4273567199707
2022-11-23,22.25,93.0,Non-Landslide Grid,Non-Landslide Grid,"Grid (22.25, 93.0)",0,0.0,0.0,0.0,0.0,12.301136016845703,0.24502563476560216,0.8916000000000001,830.5391845703125,1713.0,368.15631103515625,13.951789397076686,32.145788573499885,5.829028624295589,0.16666666666666669,110.75762176513672,168.91220092773438,31.81842803955078
2025-05-31,25.5,91.75,Meghalaya,East Khasi Hills,Umtyngar Landslide,1,134.42385864257812,282.88494873046875,328.74578857421875,519.0849609375,659.59765625,0.48547363281253125,0.8818,1670.7216796875,913.0,153.39508056640625,5.919859729912694,32.03817497959001,5.573524917136624,0.1388888888888889,48.907474517822266,137.64651489257812,39.82622146606445
2022-12-22,25.75,94.5,Non-Landslide Grid,Non-Landslide Grid,"Grid (25.75, 94.5)",0,0.0,1.1268885135650635,1.8311938047409058,1.8311938047409058,1.8311938047409058,0.4092864990233028,0.7773,1396.2308349609375,2013.0,408.9830322265625,16.617851510009896,35.81275418340396,6.12449676554779,0.4166666666666667,128.43576049804688,179.00991821289062,30.28059196472168
2024-04-20,25.75,92.0,Non-Landslide Grid,Non-Landslide Grid,"Grid (25.75, 92.0)",0,7.611408233642578,7.611408233642578,14.557902336120605,18.537519454956055,50.11551284790039,0.4702606201171902,0.5059,917.2408447265625,859.0,130.39633178710938,4.714470137470853,21.87834296680697,3.6313367608752385,0.0,39.3952522277832,86.12773895263672,23.6353702545166
2025-08-04,28.5,94.25,Arunachal Pradesh,Shi-Yomi,Tato-Menchuka road,1,1.1240383386611938,10.938454627990723,22.419721603393555,83.44019317626953,131.15208435058594,0.42716979980468606,0.2038,2700.009765625,2854.0,589.1089477539062,19.1652531345547,45.85836536600699,7.829222579117078,8.333333333333332,149.95729064941406,244.7657470703125,52.62324523925781
2025-03-17,25.25,93.5,Non-Landslide Grid,Non-Landslide Grid,"Grid (25.25, 93.5)",0,0.0,1.644888162612915,3.1167702674865723,3.2338075637817383,8.869766235351562,0.41243743896459356,0.7779,1060.439697265625,1873.0,360.42626953125,14.593124141851856,38.8512187305665,6.712043642214799,2.083333333333333,115.01531219482422,190.64218139648438,41.82122039794922
2024-12-20,27.75,91.75,Non-Landslide Grid,Non-Landslide Grid,"Grid (27.75, 91.75)",0,0.0,0.0,0.0,0.15575459599494934,1.305027961730957,0.36664581298828647,0.5932000000000001,3811.190673828125,3426.0,719.0172119140625,21.427624015103362,46.613342239590125,9.426926135794474,19.52777777777778,172.4033966064453,277.4831237792969,62.34989547729492
2021-10-07,24.0,93.25,Non-Landslide Grid,Non-Landslide Grid,"Grid (24.0, 93.25)",0,0.0,13.84981918334961,21.730350494384766,38.184478759765625,163.82383728027344,0.38282775878905795,0.9167,905.4602661132812,1648.0,312.1431579589844,14.391767358776677,39.84091543188265,6.405996319269908,0.9444444444444444,114.75102233886719,183.78115844726562,38.22748565673828
2022-05-15,25.25,93.0,Assam,Dima Hasao,"L15 Near Kendri Vidyalaya, Halflong",1,13.70791244506836,171.51666259765625,325.0523681640625,348.9837951660156,558.1865234375,0.47109222412107926,0.7867000000000001,581.3922119140625,1271.0,220.6673126220703,7.95753565762605,30.952647139700577,4.65836575833331,0.027777777777777776,63.11333465576172,118.19319915771484,29.522968292236328
2020-09-04,28.0,93.5,Non-Landslide Grid,Non-Landslide Grid,"Grid (28.0, 93.5)",0,2.186843156814575,23.589080810546875,66.13367462158203,154.96104431152344,417.02947998046875,0.4155273437500022,0.9037,1484.33642578125,2599.0,493.2527160644531,19.551023521149574,43.518193096968105,7.1927422143998125,7.638888888888889,155.8037567138672,234.24903869628906,41.94073486328125
2022-07-28,28.0,96.0,Non-Landslide Grid,Non-Landslide Grid,"Grid (28.0, 96.0)",0,1.5024129152297974,23.37130355834961,46.6136360168457,166.2902069091797,360.0927429199219,0.4648284912108102,0.8617,391.51806640625,1954.0,339.81634521484375,4.393053346582743,34.44358316238441,7.031902439364601,0.25,33.459617614746094,157.1775360107422,52.24351501464844
2020-09-08,27.25,88.5,Sikkim,East Sikkim,Gai Dhara Landslide,1,65.3880386352539,152.53646850585938,209.45867919921875,277.1556396484375,499.0437316894531,0.4185791015625025,0.8756,1310.343017578125,2905.0,563.8278198242188,19.43016042352437,44.443769020233006,6.897398642525547,5.361111111111111,150.6671905517578,223.98939514160156,42.2029914855957
2022-10-28,23.5,91.5,Non-Landslide Grid,Non-Landslide Grid,"Grid (23.5, 91.5)",0,0.0,0.0,57.19627380371094,75.12309265136719,230.7798309326172,0.4192810058593184,0.6821,56.6069450378418,199.0,28.764816284179688,0.9478303748513243,9.569014472456242,0.903505507840783,0.0,8.022164344787598,19.110843658447266,6.463800430297852
2020-07-04,23.75,92.75,Mizoram,Aizawl,Bawngkawn_2,1,11.747422218322754,30.746788024902344,60.96894073486328,71.22688293457031,194.41082763671875,0.42629623413087125,0.37,558.530029296875,1301.0,251.22454833984375,11.561747209331001,33.20981307339313,5.7138444190846345,0.25,94.32711791992188,152.0427703857422,34.32426834106445
2022-03-29,28.0,88.5,Non-Landslide Grid,Non-Landslide Grid,"Grid (28.0, 88.5)",0,1.3240752220153809,1.3240752220153809,69.37458801269531,95.07485961914062,130.47906494140625,0.35124206542967934,-0.0244,5095.7900390625,4396.0,387.92755126953125,13.349086794565135,73.70894448368757,8.435456979019474,3.944444444444444,106.86685943603516,213.61180114746094,80.8809585571289
2021-10-28,25.0,94.5,Non-Landslide Grid,Non-Landslide Grid,"Grid (25.0, 94.5)",0,0.24670709669589996,0.24670709669589996,4.457798957824707,41.1548957824707,91.27715301513672,0.3134460449219245,0.8390000000000001,1378.5263671875,2180.0,438.4300842285156,14.554947883626378,35.765322037924,5.378780229956303,0.19444444444444445,114.65390014648438,162.11016845703125,28.52706527709961
2020-06-28,26.25,91.75,Assam,Kamrup metro,Guwahati Landslide,1,25.684114456176758,59.23176574707031,101.12540435791016,166.00669860839844,280.61676025390625,0.47629547119143045,0.7918000000000001,67.3949966430664,295.0,37.075172424316406,1.4509254283381814,16.29219827144022,2.417741974738188,0.0,12.47722339630127,53.43284225463867,18.373598098754883
2024-06-11,26.75,93.75,Non-Landslide Grid,Non-Landslide Grid,"Grid (26.75, 93.75)",0,13.834518432617188,15.996099472045898,16.241575241088867,200.6826934814453,241.30374145507812,0.4501609802245843,0.466,79.88694763183594,33.0,4.447814464569092,0.20153104782965536,1.4253626526077632,0.16471250869762122,0.0,1.8683192729949951,4.092676162719727,1.143751621246338
2023-12-14,28.5,95.75,Non-Landslide Grid,Non-Landslide Grid,"Grid (28.5, 95.75)",0,9.749746322631836,9.749746322631836,17.651958465576172,17.651958465576172,20.685096740722656,0.40319061279297186,0.8539,1452.072509765625,2728.0,539.487060546875,22.310271837469433,43.22261989189705,8.01152758549326,17.333333333333336,182.08642578125,260.0995788574219,44.85043716430664
2021-06-18,26.25,91.75,Assam,Kamrup metro,Water Works Colony,1,3.052168607711792,8.85329532623291,37.21226119995117,116.97789764404297,180.4545440673828,0.4718399047851653,0.7573000000000001,67.3949966430664,295.0,37.075172424316406,1.4509254283381814,16.29219827144022,2.417741974738188,0.0,12.47722339630127,53.43284225463867,18.373598098754883
2024-06-11,27.75,88.5,Sikkim,Zeema Landslide,Zeema region North Sikkim in,1,43.231143951416016,69.14478302001953,126.33047485351562,306.4735412597656,375.1637878417969,0.428352355957032,0.0392,4100.16064453125,3807.0,734.4197387695312,22.412003436090288,53.38754478648244,8.808319435315765,20.61111111111111,181.06277465820312,281.6011657714844,58.148677825927734
2021-02-13,28.5,96.0,Non-Landslide Grid,Non-Landslide Grid,"Grid (28.5, 96.0)",0,0.0,0.0,1.157816767692566,7.504241943359375,39.944549560546875,0.32824707031254374,0.0418,2601.69921875,4050.0,882.2161254882812,23.88337742789405,45.482266726172924,8.349455936904501,26.194444444444443,193.0271453857422,274.674072265625,51.70504379272461
2024-10-31,26.0,90.0,Non-Landslide Grid,Non-Landslide Grid,"Grid (26.0, 90.0)",0,6.044411659240723,6.6114654541015625,18.827396392822266,24.99884796142578,179.58045959472656,0.2829589843751249,0.5827,28.898611068725586,63.0,3.724393844604492,0.16355472571313043,4.5485220386263,0.26157735444069063,0.0,1.4790419340133667,3.221024751663208,1.801880955696106
2020-02-12,27.0,94.75,Non-Landslide Grid,Non-Landslide Grid,"Grid (27.0, 94.75)",0,0.0,0.0,5.299070835113525,12.665854454040527,27.66505241394043,0.37071228027340575,0.4876,97.49222564697266,242.0,8.532743453979492,0.22257384310659808,13.43503472197707,0.5166710304381316,0.0,2.0250585079193115,3.3726844787597656,3.8105945587158203
2020-10-08,23.75,92.0,Mizoram,Dhalai,Phullen4,1,0.0,40.04982376098633,160.4607696533203,185.01226806640625,328.40899658203125,0.3940277099609358,0.8976000000000001,170.00083923339844,357.0,57.49930191040039,2.5374253798396653,17.30229144499008,2.18833912838166,0.0,21.320125579833984,51.54880905151367,15.2173433303833
2023-09-20,25.25,92.25,Non-Landslide Grid,Non-Landslide Grid,"Grid (25.25, 92.25)",0,16.41748809814453,27.646482467651367,27.646482467651367,63.28379440307617,174.05191040039062,0.49111557006838813,0.8190000000000001,776.0238647460938,1322.0,357.3675231933594,5.895885341126151,25.47091491614314,4.7990301285115855,0.0,47.91184997558594,115.95841217041016,34.28144836425781
2020-03-13,26.75,94.75,Non-Landslide Grid,Non-Landslide Grid,"Grid (26.75, 94.75)",0,0.0,3.995863437652588,7.6631317138671875,21.64411735534668,44.10207748413086,0.3879928588866862,0.6213000000000001,300.79888916015625,1311.0,238.7985076904297,6.248032468997579,27.469179200102825,6.258762224316587,0.0,48.02571105957031,125.76162719726562,44.185550689697266
2021-02-20,26.25,93.5,Non-Landslide Grid,Non-Landslide Grid,"Grid (26.25, 93.5)",0,0.0,0.0,0.2029186189174652,0.2029186189174652,2.911616086959839,0.27934265136721975,0.8628,764.4630737304688,1115.0,187.61453247070312,7.408891703312911,22.040349152055608,4.4865629752927605,0.0,59.740875244140625,111.79059600830078,28.440887451171875
2020-10-01,25.0,93.25,Non-Landslide Grid,Non-Landslide Grid,"Grid (25.0, 93.25)",0,0.0,0.0,28.00128936767578,114.56048583984375,165.61582946777344,0.3709869384766461,0.8762000000000001,388.9544372558594,1577.0,313.54296875,8.403385222002298,40.00247247916611,6.875988133093646,0.5833333333333334,66.5434341430664,151.4106903076172,48.10566329956055
2024-02-05,27.0,93.0,Non-Landslide Grid,Non-Landslide Grid,"Grid (27.0, 93.0)",0,0.4536672830581665,1.658934473991394,13.08474349975586,13.901344299316406,13.901344299316406,0.33326721191412206,0.764,468.3388977050781,1635.0,355.15875244140625,7.352648615656198,33.22468867105141,6.523761778166748,0.05555555555555555,58.91574478149414,146.1652069091797,48.73173904418945
2024-06-15,25.25,90.25,Meghalaya,Garo Santogre Landslide,Paikan 2 Road Tura Dalu NH,1,89.07714080810547,179.7403564453125,212.24151611328125,460.58087158203125,986.9158325195312,0.42585754394533126,0.7372000000000001,73.40249633789062,225.0,46.14529037475586,1.6844911888991303,8.95405354971055,1.6341408856870685,0.0,14.641450881958008,38.95814895629883,12.443431854248047
2022-07-11,28.0,93.75,Non-Landslide Grid,Non-Landslide Grid,"Grid (28.0, 93.75)",0,0.0,0.0,6.796089172363281,205.21170043945312,588.9835205078125,0.41566467285156067,0.8268000000000001,1455.862548828125,2434.0,492.0262756347656,20.263911744532226,40.810849556333466,7.4306715903592595,9.86111111111111,164.10630798339844,239.4039764404297,42.79767990112305
2025-04-11,27.0,92.5,Non-Landslide Grid,Non-Landslide Grid,"Grid (27.0, 92.5)",0,3.7408738136291504,8.131190299987793,15.103540420532227,16.15860939025879,38.257850646972656,0.3963317871095154,0.7797000000000001,741.2086181640625,3050.0,695.518798828125,9.641513969355696,38.87096797564732,8.623184388668472,1.5,77.50574493408203,186.1094207763672,64.16087341308594
2023-02-20,25.0,94.5,Non-Landslide Grid,Non-Landslide Grid,"Grid (25.0, 94.5)",0,0.0,0.0,0.0,0.0,0.0,0.1390228271484305,0.7111000000000001,1378.5263671875,2180.0,438.4300842285156,14.554947883626378,35.765322037924,5.378780229956303,0.19444444444444445,114.65390014648438,162.11016845703125,28.52706527709961
2021-06-30,26.0,93.5,Non-Landslide Grid,Non-Landslide Grid,"Grid (26.0, 93.5)",0,0.0,1.4363596439361572,23.87088394165039,96.82646942138672,173.1928253173828,0.48767089843748695,0.8794000000000001,371.9755554199219,1096.0,267.4538269042969,3.459753534020174,22.106422323825157,3.726696997471574,0.0,27.03520965576172,77.51903533935547,26.014020919799805
2022-07-06,25.75,91.75,Non-Landslide Grid,Non-Landslide Grid,"Grid (25.75, 91.75)",0,0.8755318522453308,8.98902702331543,41.96550369262695,80.70541381835938,488.92010498046875,0.4787826538086285,0.8026000000000001,806.6327514648438,1218.0,244.60678100585938,4.8513282190506875,23.125668861377935,3.9623545317341726,0.0,39.709774017333984,96.14913940429688,26.952320098876953
2023-02-18,28.25,94.25,Non-Landslide Grid,Non-Landslide Grid,"Grid (28.25, 94.25)",0,0.0,0.0,22.887470245361328,47.784950256347656,47.855289459228516,0.3451499938965135,0.8140000000000001,1888.3660888671875,3573.0,785.7053833007812,19.692724875259685,42.70369433344942,6.757839891531304,5.305555555555555,155.3228302001953,222.8927459716797,38.04297637939453
2025-04-01,28.0,96.75,Non-Landslide Grid,Non-Landslide Grid,"Grid (28.0, 96.75)",0,0.0,11.220330238342285,22.33740234375,60.95668029785156,127.649169921875,0.385383605957004,0.7384000000000001,2343.101318359375,3668.0,819.2395629882812,24.44451092859459,44.491718187459,7.8590097378516806,25.75,195.9915313720703,268.7579345703125,45.308929443359375
2025-11-07,28.75,95.25,Non-Landslide Grid,Non-Landslide Grid,"Grid (28.75, 95.25)",0,0.0,0.0,35.5299072265625,49.547706604003906,113.87238311767578,0.39152526855470404,0.8612000000000001,2736.5224609375,3024.0,680.1970825195312,21.292541129227764,46.450576090691925,7.699032234102267,12.694444444444445,169.8072052001953,251.97125244140625,46.55298614501953
2024-07-05,28.75,94.25,Arunachal Pradesh,Shi Yomi,Shi Yomi Landslide,1,53.43759536743164,113.33334350585938,219.38006591796875,328.60491943359375,523.226806640625,0.42779541015625044,0.4125,2709.75341796875,3071.0,593.8355102539062,20.5100551214562,43.60840065719184,6.86612326779109,7.305555555555555,161.16683959960938,226.91700744628906,38.465023040771484
2023-07-28,26.75,91.5,Non-Landslide Grid,Non-Landslide Grid,"Grid (26.75, 91.5)",0,0.0,1.0052692890167236,9.981164932250977,80.6292495727539,215.71670532226562,0.28076934814468457,0.7497,210.33778381347656,1310.0,207.87440490722656,3.043138950212208,33.61424590157977,5.138474649153563,0.1111111111111111,24.42031478881836,110.85054016113281,39.45051956176758
2024-02-23,28.25,97.25,Non-Landslide Grid,Non-Landslide Grid,"Grid (28.25, 97.25)",0,56.17616653442383,122.89715576171875,122.89715576171875,126.10026550292969,189.48147583007812,0.34932327270498387,0.0171,4038.578857421875,2853.0,494.0306396484375,19.4569575784893,55.43572074199703,8.481996318199133,12.611111111111112,158.35350036621094,249.64828491210938,51.696624755859375
2024-11-14,25.25,90.75,Non-Landslide Grid,Non-Landslide Grid,"Grid (25.25, 90.75)",0,0.0,0.0,0.0,0.0,35.92033386230469,0.3446388244629153,0.8607,220.2130584716797,990.0,198.9566192626953,5.50720102468387,27.625152906350095,4.717735264599902,0.0,45.642330169677734,112.03004455566406,33.80620574951172
2022-01-21,24.25,92.0,Non-Landslide Grid,Non-Landslide Grid,"Grid (24.25, 92.0)",0,0.0,0.0,0.15636712312698364,1.135451316833496,2.886753559112549,0.22619628906249173,0.5915,68.33444213867188,234.0,36.19500732421875,1.3081239000365223,10.326522372387192,1.3754621604284945,0.0,10.753236770629883,33.304649353027344,10.289295196533203
2024-10-08,28.0,93.75,Non-Landslide Grid,Non-Landslide Grid,"Grid (28.0, 93.75)",0,12.635947227478027,31.103084564208984,134.42648315429688,157.58804321289062,181.1295623779297,0.41990661621093006,0.8519,1455.862548828125,2434.0,492.0262756347656,20.263911744532226,40.810849556333466,7.4306715903592595,9.86111111111111,164.10630798339844,239.4039764404297,42.79767990112305
2024-07-25,26.5,91.0,Non-Landslide Grid,Non-Landslide Grid,"Grid (26.5, 91.0)",0,0.5806685090065002,39.59773635864258,105.09688568115234,283.6684875488281,586.630859375,0.40164184570311523,0.7361000000000001,46.88249969482422,23.0,4.239080429077148,0.16876433319302767,1.0188617306461003,0.11663258871731852,0.0,1.5922232866287231,3.0618622303009033,0.7721940279006958
2021-11-11,27.5,93.75,Non-Landslide Grid,Non-Landslide Grid,"Grid (27.5, 93.75)",0,0.0,0.0,0.0,1.878965139389038,83.24392700195312,0.33403778076164625,0.7655000000000001,1403.812255859375,1825.0,359.3349914550781,10.438109203008903,37.90955894955613,6.252872853036605,0.75,80.70602416992188,157.44125366210938,42.59994888305664
2024-12-22,25.0,93.5,Non-Landslide Grid,Non-Landslide Grid,"Grid (25.0, 93.5)",0,0.0,0.0,0.0,0.0,3.502863883972168,0.22224426269532407,0.8214,752.8841552734375,1640.0,374.96832275390625,13.41413890352393,40.09010912252311,6.554713269349096,1.7777777777777777,104.00732421875,182.24261474609375,41.744476318359375
2020-04-16,25.25,92.0,Non-Landslide Grid,Non-Landslide Grid,"Grid (25.25, 92.0)",0,26.987201690673828,26.987201690673828,34.343902587890625,39.03626251220703,42.66080856323242,0.324913024902356,0.6338,590.8108520507812,1570.0,435.5477600097656,8.655130744459786,36.39337693572617,8.119865728794037,0.5833333333333334,68.98914337158203,174.39125061035156,59.300682067871094
2022-06-04,23.5,91.25,Non-Landslide Grid,Non-Landslide Grid,"Grid (23.5, 91.25)",0,4.287863731384277,6.143241882324219,24.900226593017578,125.17345428466797,323.46563720703125,0.46638488769538855,0.7177,26.968889236450195,85.0,15.423418045043945,0.44307256544506757,2.57445963988811,0.3728517547208096,0.0,3.7814159393310547,8.732481956481934,2.660675287246704
2024-07-05,27.75,93.75,Arunachal Pradesh,KraDaadi,Palin Landslide Palin- Taraklengdi Road,1,33.883426666259766,39.43720245361328,198.109130859375,262.7635803222656,381.43060302734375,0.4294509887695294,0.8927,1453.1263427734375,1994.0,357.58099365234375,15.182590486794677,36.29878503196507,6.710351564314028,1.5277777777777777,120.02904510498047,194.6954803466797,42.93043518066406
2023-09-29,25.5,92.25,Non-Landslide Grid,Non-Landslide Grid,"Grid (25.5, 92.25)",0,0.0,0.0,0.7751219272613525,37.985321044921875,78.93119049072266,0.4936065673828357,0.7404000000000001,1260.42578125,597.0,102.87409210205078,2.808655381871295,17.212804623042103,2.215269176666288,0.0,23.935148239135742,55.71966552734375,15.806341171264648
2025-01-20,25.5,91.25,Non-Landslide Grid,Non-Landslide Grid,"Grid (25.5, 91.25)",0,0.0,0.0,0.0,0.0,0.0,0.26156616210935724,0.7192000000000001,1314.7471923828125,1195.0,194.55389404296875,3.6992724359140388,23.36189833434982,3.001264442394166,0.0,31.342395782470703,79.38065338134766,22.051706314086914
2020-08-04,23.5,93.0,Mizoram,Serchhip,Electric_veng3,1,4.937314033508301,36.05263900756836,90.1096420288086,127.69788360595703,295.8726501464844,0.42158508300780967,0.899,917.0947265625,1478.0,266.5793762207031,11.932203600254475,33.52099955760416,5.647143886886906,0.19444444444444445,95.97232818603516,153.7880401611328,32.74060821533203
2020-06-02,25.5,94.25,Manipur,Senapati,Imphal-Jiribam Landslide-1,1,4.816622257232666,11.861989974975586,40.855125427246094,61.80487823486328,96.08161926269531,0.45590209960950956,0.8294,1606.2049560546875,1633.0,336.6394348144531,13.072549325862639,31.529268531106975,5.6083756046100355,0.05555555555555555,101.690673828125,155.21470642089844,33.152103424072266
2024-06-15,25.5,90.25,Meghalaya,Garo Bolpuchring Landslide,Paikan 1 Road Tura Dalu NH,1,97.52465057373047,188.85842895507812,222.22067260742188,494.72052001953125,1062.780517578125,0.45518493652347247,0.9006000000000001,456.1675109863281,1310.0,324.3319091796875,5.398804127806837,29.770511719549223,5.068353584541543,0.0,43.320011138916016,116.16681671142578,35.4824333190918
2024-08-26,26.25,94.5,Nagaland,Mokokchung Landslide,Between MokokchungTu engsang Road,1,3.5750198364257812,19.015609741210938,62.14814758300781,93.81526184082031,320.0834045410156,0.4702453613280254,0.9088,989.822509765625,1674.0,315.20281982421875,10.74273685959458,30.503507972756235,4.9305374882720026,0.027777777777777776,83.37834930419922,135.6664276123047,28.81993293762207
2022-10-27,26.0,94.0,Non-Landslide Grid,Non-Landslide Grid,"Grid (26.0, 94.0)",0,0.0,48.31470489501953,64.40857696533203,79.91441345214844,161.9457244873047,0.47219848632809547,0.8638,363.6197204589844,1218.0,237.57420349121094,6.430369423365052,27.277622540637047,6.292268277714375,0.0,50.72469711303711,123.57196044921875,44.698631286621094
2020-07-14,25.5,91.5,Meghalaya,West Khasi Hills,Mawthadraishan C&RD,1,19.247417449951172,105.42361450195312,412.8248291015625,445.7629089355469,919.6732177734375,0.46159362792972125,0.7819,1595.5714111328125,666.0,96.28884887695312,3.7327363226589427,16.87545099500921,2.7080440699585675,0.0,31.887956619262695,68.39764404296875,18.14517593383789
2025-05-30,26.25,91.75,Assam,Kamrup Metro,Near Panikhaiti Police Outpost,1,46.6163215637207,68.50579071044922,82.14204406738281,138.6289520263672,246.29090881347656,0.4809417724608681,0.7087,67.3949966430664,295.0,37.075172424316406,1.4509254283381814,16.29219827144022,2.417741974738188,0.0,12.47722339630127,53.43284225463867,18.373598098754883
2023-07-28,28.25,95.25,Arunachal Pradesh,Siang district,"NH 13, Pangin Landslide NH 13",1,56.41670608520508,74.83525848388672,156.6476593017578,266.7235412597656,995.3464965820312,0.43452072143559906,0.868,1166.863037109375,2884.0,591.3910522460938,18.461342525873718,39.600421735234114,7.487837493051796,5.472222222222222,147.8409423828125,221.23622131347656,46.0212287902832
2022-12-21,27.25,95.0,Non-Landslide Grid,Non-Landslide Grid,"Grid (27.25, 95.0)",0,0.3466885983943939,0.3466885983943939,0.3466885983943939,0.3466885983943939,0.3466885983943939,0.2564697265624181,0.4431,107.17361450195312,22.0,3.198284864425659,0.14811800158896898,1.2012776803268783,0.10636012214405419,0.0,1.4256782531738281,2.716840982437134,0.7237850427627563
2021-09-08,27.5,93.0,Non-Landslide Grid,Non-Landslide Grid,"Grid (27.5, 93.0)",0,1.006561040878296,41.83197784423828,62.215171813964844,256.30682373046875,656.6062622070312,0.42074584960938616,0.8649,1176.511962890625,1821.0,389.470458984375,16.355365607707643,33.85954950009676,5.652813207767165,0.4166666666666667,125.92327880859375,175.48025512695312,29.11582374572754
2022-12-04,25.75,94.25,Non-Landslide Grid,Non-Landslide Grid,"Grid (25.75, 94.25)",0,0.0,0.0,0.0,0.0,0.0,0.33506774902342995,0.7542,1149.9219970703125,1853.0,357.2713623046875,11.654470318827258,27.181987901759243,5.14388994564552,0.0,92.4559326171875,138.56854248046875,26.550003051757812
2025-08-25,27.5,92.25,Arunachal Pradesh,West Kameng,"Balipara-Charduar-Tawang Road, NH 13",1,1.0722092390060425,1.3958724737167358,7.457226753234863,114.1473617553711,238.90924072265625,0.4246826171875009,0.8441000000000001,3127.758056640625,3299.0,874.4467163085938,19.050687617238427,43.15096104064172,7.2741525510584415,6.222222222222222,149.67037963867188,222.37710571289062,41.652652740478516
2020-06-02,24.75,92.75,Assam,Hailakandi,SDMA/AS/2020/Mohanpur Grant Slide 2,1,83.37828063964844,131.39797973632812,231.48646545410156,280.06488037109375,342.30419921875,0.49015045166017723,0.5917,28.799165725708008,83.0,10.98561954498291,0.49229396524952734,4.339614597493083,0.5527330881797449,0.0,4.288497447967529,12.693502426147461,4.094924449920654
2024-04-12,26.0,90.75,Non-Landslide Grid,Non-Landslide Grid,"Grid (26.0, 90.75)",0,0.0,9.384589195251465,16.155336380004883,54.2397575378418,106.0306396484375,0.2669296264648471,0.5086,76.9030532836914,437.0,66.00070190429688,1.5020054263511413,22.685480757896922,2.8754688123011016,0.0,12.693781852722168,63.36019515991211,21.62221908569336
2024-01-14,26.0,92.25,Non-Landslide Grid,Non-Landslide Grid,"Grid (26.0, 92.25)",0,0.0,0.0,0.0,0.0,0.41414371132850647,0.2962799072265562,0.8149000000000001,444.04998779296875,878.0,243.05821228027344,4.672791572706214,23.736006908873335,3.685238962316607,0.0,38.178592681884766,85.69979858398438,24.606050491333008
2021-04-20,27.75,93.5,Non-Landslide Grid,Non-Landslide Grid,"Grid (27.75, 93.5)",0,11.361209869384766,12.91929817199707,34.69487762451172,53.956336975097656,95.46505737304688,0.42398834228515847,0.7918000000000001,1602.0572509765625,2656.0,483.55938720703125,16.271410052414023,38.71420090681496,6.355502250626034,1.25,128.99514770507812,191.6719207763672,36.09746551513672
2023-10-06,26.25,91.75,Assam,Kamrup Metro,Kharguli Landslide Kharguli hill,1,35.33826446533203,99.84735870361328,120.7785873413086,155.64413452148438,226.9127197265625,0.46958923339848535,0.8729,67.3949966430664,295.0,37.075172424316406,1.4509254283381814,16.29219827144022,2.417741974738188,0.0,12.47722339630127,53.43284225463867,18.373598098754883
2024-06-26,28.75,94.25,Non-Landslide Grid,Non-Landslide Grid,"Grid (28.75, 94.25)",0,3.5000152587890625,12.52280044555664,51.174747467041016,208.99029541015625,331.51055908203125,0.4195747375488222,0.4125,2709.75341796875,3071.0,593.8355102539062,20.5100551214562,43.60840065719184,6.86612326779109,7.305555555555555,161.16683959960938,226.91700744628906,38.465023040771484
2020-10-24,25.75,92.0,Meghalaya,Ri-bhoi,Shobhala,1,94.6877670288086,134.68939208984375,138.83837890625,191.7391815185547,434.1796875,0.44895935058598574,0.7772,917.2408447265625,859.0,130.39633178710938,4.714470137470853,21.87834296680697,3.6313367608752385,0.0,39.3952522277832,86.12773895263672,23.6353702545166
2024-10-28,28.0,96.5,Non-Landslide Grid,Non-Landslide Grid,"Grid (28.0, 96.5)",0,0.0,8.638260841369629,28.29161834716797,28.54175567626953,165.1934051513672,0.3660736083984355,0.9032,1515.6094970703125,2871.0,651.4829711914062,22.8996228764844,55.03617911554651,8.322263526866594,19.944444444444446,186.27854919433594,270.32135009765625,50.12175750732422
2020-09-08,27.25,88.5,Sikkim,East Sikkim,Gangtok_Rangpo_landslides,1,65.3880386352539,152.53646850585938,209.45867919921875,277.1556396484375,499.0437316894531,0.4185791015625025,0.8756,1310.343017578125,2905.0,563.8278198242188,19.43016042352437,44.443769020233006,6.897398642525547,5.361111111111111,150.6671905517578,223.98939514160156,42.2029914855957
2024-06-29,27.0,93.75,Arunachal Pradesh,Papum Pare,"Jullang Landslide Ganga Jullang Road, Itanagar",1,18.74968147277832,47.90071105957031,56.8748779296875,199.36669921875,400.17999267578125,0.4474487304687984,0.6284000000000001,141.790283203125,561.0,89.47208404541016,1.5707203689471758,18.980671243667295,2.58089755269254,0.0,12.962088584899902,56.661376953125,19.76386070251465
2023-07-20,26.0,92.5,Non-Landslide Grid,Non-Landslide Grid,"Grid (26.0, 92.5)",0,1.5517535209655762,3.146284341812134,8.751323699951172,50.98835372924805,135.7479248046875,0.49185180664066175,0.8576,353.65972900390625,678.0,190.900390625,4.571070359635543,22.66155124479494,3.7939397398009924,0.0,37.79451370239258,90.0302734375,26.104530334472656
2022-05-15,25.25,93.0,Assam,Dima Hasao,"L21 Near Kendri Vidyalaya, Halflong",1,13.70791244506836,171.51666259765625,325.0523681640625,348.9837951660156,558.1865234375,0.47109222412107926,0.7867000000000001,581.3922119140625,1271.0,220.6673126220703,7.95753565762605,30.952647139700577,4.65836575833331,0.027777777777777776,63.11333465576172,118.19319915771484,29.522968292236328
2022-05-15,25.25,93.0,Assam,Dima Hasao,L5 Near Halflong Railway Station,1,13.70791244506836,171.51666259765625,325.0523681640625,348.9837951660156,558.1865234375,0.47109222412107926,0.7867000000000001,581.3922119140625,1271.0,220.6673126220703,7.95753565762605,30.952647139700577,4.65836575833331,0.027777777777777776,63.11333465576172,118.19319915771484,29.522968292236328
2020-06-26,27.75,92.5,Non-Landslide Grid,Non-Landslide Grid,"Grid (27.75, 92.5)",0,4.816659927368164,27.45978355407715,65.32801818847656,173.5803680419922,248.2600555419922,0.4269104003906301,0.041,4377.3154296875,5194.0,1113.9825439453125,21.100657327369863,63.4159229865863,10.862379104843441,19.666666666666664,173.0258026123047,327.3728942871094,88.62701416015625
2023-03-14,23.75,92.0,Non-Landslide Grid,Non-Landslide Grid,"Grid (23.75, 92.0)",0,0.0,0.0,0.0,0.0,0.0,0.13903808593749575,0.7136,170.00083923339844,357.0,57.49930191040039,2.5374253798396653,17.30229144499008,2.18833912838166,0.0,21.320125579833984,51.54880905151367,15.2173433303833
2022-01-13,26.0,95.0,Non-Landslide Grid,Non-Landslide Grid,"Grid (26.0, 95.0)",0,5.167425155639648,6.294365882873535,6.294365882873535,6.294365882873535,12.096558570861816,0.24656677246134065,0.8052,1610.9891357421875,2688.0,589.7425537109375,16.027499746653127,40.90710192479149,5.811093611007914,1.2222222222222223,125.35421752929688,178.60330200195312,32.72863006591797
2020-06-11,24.75,94.25,Non-Landslide Grid,Non-Landslide Grid,"Grid (24.75, 94.25)",0,3.3893141746520996,4.23370885848999,15.562118530273438,97.27775573730469,162.8551483154297,0.4281387329101371,0.3207,1074.4000244140625,1538.0,283.6929016113281,13.63312290726426,27.502933685967555,5.48280181319473,0.0,109.33614349365234,154.9348602294922,28.626388549804688
2025-11-27,28.25,94.25,Non-Landslide Grid,Non-Landslide Grid,"Grid (28.25, 94.25)",0,0.0,0.0,0.4016656279563904,0.4016656279563904,32.646671295166016,0.2773628234863194,0.9274,1888.3660888671875,3573.0,785.7053833007812,19.692724875259685,42.70369433344942,6.757839891531304,5.305555555555555,155.3228302001953,222.8927459716797,38.04297637939453
2024-09-30,24.0,93.25,Non-Landslide Grid,Non-Landslide Grid,"Grid (24.0, 93.25)",0,2.402712821960449,8.027013778686523,37.249691009521484,45.473514556884766,66.76453399658203,0.39305114746092884,0.881,905.4602661132812,1648.0,312.1431579589844,14.391767358776677,39.84091543188265,6.405996319269908,0.9444444444444444,114.75102233886719,183.78115844726562,38.22748565673828
2025-03-01,25.5,92.0,Non-Landslide Grid,Non-Landslide Grid,"Grid (25.5, 92.0)",0,0.0,0.0,3.692948818206787,3.9797203540802,3.9797203540802,0.3457031249999596,0.5272,1362.2994384765625,1410.0,264.5621337890625,7.554808330244862,33.88208370808656,6.750802082738645,0.638888888888889,61.715328216552734,167.0863800048828,48.47831726074219
2022-01-24,26.75,93.0,Non-Landslide Grid,Non-Landslide Grid,"Grid (26.75, 93.0)",0,0.0,5.868048667907715,7.775673866271973,26.850717544555664,26.971899032592773,0.2379150390625435,0.4358,76.99722290039062,54.0,7.969385147094727,0.20260103374914112,1.2051084865701036,0.15606920765892474,0.0,1.8137434720993042,4.183300018310547,1.0959464311599731
2025-09-30,28.0,94.25,Non-Landslide Grid,Non-Landslide Grid,"Grid (28.0, 94.25)",0,0.0,0.0,8.629461288452148,94.39375305175781,160.7752227783203,0.3529815673828304,0.8691000000000001,883.6838989257812,2065.0,394.2361145019531,15.215918782081726,40.505770193683304,5.887017587311146,0.638888888888889,118.58853912353516,174.8083953857422,33.75234603881836
2024-06-16,27.25,95.75,Arunachal Pradesh,Changlang,"Rangfra Landslide Near Rangfra Mandir, Changlang",1,0.0,20.746070861816406,38.16555404663086,103.48111724853516,303.3195495605469,0.4659919738769114,0.7658,402.3658447265625,1416.0,295.2882995605469,7.01128463465975,28.806016082308474,6.958265903993761,0.0,55.06111145019531,146.06954956054688,49.84526443481445
2024-08-26,26.0,94.25,Nagaland,Etsuchuka Colony Landslide,"Etsuchuka Colony, Wokha",1,4.139143943786621,23.02994155883789,74.30001831054688,115.57059478759766,321.749755859375,0.4778213500976116,0.864,885.2597045898438,1675.0,304.77520751953125,11.490526964431924,35.483394617014326,4.835898006153164,0.05555555555555555,89.0573959350586,133.66107177734375,26.900562286376953
2022-05-15,25.25,93.0,Assam,Dima Hasao,"L19 Near Kendri Vidyalaya, Halflong",1,13.70791244506836,171.51666259765625,325.0523681640625,348.9837951660156,558.1865234375,0.47109222412107926,0.7867000000000001,581.3922119140625,1271.0,220.6673126220703,7.95753565762605,30.952647139700577,4.65836575833331,0.027777777777777776,63.11333465576172,118.19319915771484,29.522968292236328
2020-10-23,24.25,93.25,Non-Landslide Grid,Non-Landslide Grid,"Grid (24.25, 93.25)",0,8.563838005065918,43.08989334106445,47.703739166259766,55.8568000793457,181.64402770996094,0.4298782348632818,0.9048,710.278076171875,1325.0,266.8094787597656,11.182344988352964,29.70887307272073,5.458826454143679,0.0,89.95402526855469,147.64993286132812,32.08061981201172
2022-09-13,25.75,91.25,Non-Landslide Grid,Non-Landslide Grid,"Grid (25.75, 91.25)",0,19.065357208251953,46.473297119140625,95.62420654296875,140.09068298339844,207.69187927246094,0.4557113647460327,0.8629,792.6266479492188,1677.0,434.1313781738281,6.670281381604456,25.678172357585424,4.56527595296834,0.0,53.652339935302734,111.09485626220703,29.337688446044922
2022-01-27,27.75,92.5,Non-Landslide Grid,Non-Landslide Grid,"Grid (27.75, 92.5)",0,0.1617351770401001,0.3068211078643799,4.166835784912109,9.90705680847168,14.805867195129395,0.37798309326171264,0.0341,4377.3154296875,5194.0,1113.9825439453125,21.100657327369863,63.4159229865863,10.862379104843441,19.666666666666664,173.0258026123047,327.3728942871094,88.62701416015625
2023-01-08,24.5,93.25,Non-Landslide Grid,Non-Landslide Grid,"Grid (24.5, 93.25)",0,0.0,0.0,0.0,8.992908477783203,9.595796585083008,0.21333312988280484,0.8580000000000001,358.87945556640625,1108.0,179.823974609375,8.805336483867881,31.15678605754892,5.150216097817887,0.05555555555555555,72.0702133178711,128.0958709716797,32.14580535888672
2024-06-13,27.5,88.5,Sikkim,Mangan Landslide,Mangan Area,1,60.79869842529297,171.9498291015625,246.72531127929688,445.1075744628906,553.9413452148438,0.4267883300781245,0.8892,2168.81982421875,3697.0,796.494384765625,23.632660743125502,49.23240538360047,7.919056484581935,20.916666666666668,188.52566528320312,282.9498291015625,52.20234680175781
2025-09-04,28.75,96.0,Non-Landslide Grid,Non-Landslide Grid,"Grid (28.75, 96.0)",0,0.0,0.0,31.54159164428711,91.39286804199219,199.27674865722656,0.3734512329101693,0.9255,2497.4091796875,3651.0,782.8612670898438,22.067963141205666,44.771191436200475,8.098994007816286,16.694444444444446,176.60426330566406,255.8905029296875,48.057762145996094
2025-04-02,28.0,96.5,Arunachal Pradesh,Anjaw,Located close to the Indo-China border,1,3.1985082626342773,3.1985082626342773,25.839305877685547,52.524192810058594,130.46420288085938,0.39030456542967595,0.8446,1515.6094970703125,2871.0,651.4829711914062,22.8996228764844,55.03617911554651,8.322263526866594,19.944444444444446,186.27854919433594,270.32135009765625,50.12175750732422
2024-01-13,23.75,93.25,Non-Landslide Grid,Non-Landslide Grid,"Grid (23.75, 93.25)",0,0.0,0.0,0.0,0.0,0.20724409818649292,0.2392578124999977,0.7883,1111.324951171875,1782.0,321.77630615234375,12.857450198377249,40.77219974472245,6.40346406325916,1.3333333333333335,104.22640991210938,170.38052368164062,39.146873474121094
2023-02-23,24.75,93.5,Non-Landslide Grid,Non-Landslide Grid,"Grid (24.75, 93.5)",0,0.0,0.0,0.0,0.0,0.0,0.1604614257813394,0.7712,656.288330078125,1534.0,273.30828857421875,13.92695372753795,35.9465555765086,6.308069798004876,0.7777777777777778,110.30641174316406,178.22549438476562,37.871456146240234
2023-09-03,25.5,92.75,Non-Landslide Grid,Non-Landslide Grid,"Grid (25.5, 92.75)",0,1.332242488861084,4.021229267120361,25.1668643951416,38.20625686645508,63.7406005859375,0.4668579101562361,0.861,586.2133178710938,856.0,209.28675842285156,4.4531155842589465,21.4801619072271,3.528074163719557,0.0,35.90679168701172,87.60953521728516,24.07171630859375
2024-08-15,26.0,94.5,Non-Landslide Grid,Non-Landslide Grid,"Grid (26.0, 94.5)",0,1.889072060585022,7.247203826904297,68.05229949951172,200.5405731201172,328.6881103515625,0.48583984374997513,0.8547,1244.903564453125,1890.0,397.21783447265625,13.931444881552304,31.178667353635422,5.726795467043445,0.05555555555555555,109.29522705078125,155.17295837402344,28.6873722076416
2025-11-17,25.5,92.5,Non-Landslide Grid,Non-Landslide Grid,"Grid (25.5, 92.5)",0,0.0,0.0,0.0,37.34455871582031,58.96503448486328,0.40266418457031194,0.7919,969.8897094726562,683.0,158.5126953125,3.1441726540432247,14.250806381451117,2.194718806802864,0.0,26.396629333496094,57.00822067260742,15.704524040222168
2022-09-29,27.0,93.5,Non-Landslide Grid,Non-Landslide Grid,"Grid (27.0, 93.5)",0,0.0,10.816496849060059,28.263221740722656,109.47837829589844,290.15667724609375,0.3601379394531663,0.9009,355.9505615234375,1665.0,296.9815979003906,5.933726472852088,32.66514584979479,6.165044312996405,0.1111111111111111,49.377342224121094,140.6566925048828,47.237037658691406
2020-09-22,23.75,92.75,Mizoram,Aizawl,Bawngkawn_1,1,23.2698974609375,23.2698974609375,29.386716842651367,116.49800109863281,199.66781616210938,0.4219818115234395,0.8761,558.530029296875,1301.0,251.22454833984375,11.561747209331001,33.20981307339313,5.7138444190846345,0.25,94.32711791992188,152.0427703857422,34.32426834106445
2024-12-04,26.75,94.5,Non-Landslide Grid,Non-Landslide Grid,"Grid (26.75, 94.5)",0,0.0,0.0,0.0,2.373910427093506,2.373910427093506,0.28794097900386206,0.6459,152.64083862304688,816.0,111.94622802734375,1.8494915913344705,25.33835269579095,3.853828538313039,0.0,14.316750526428223,88.5917739868164,27.788942337036133
2020-10-03,23.5,93.25,Mizoram,Champhai,Khazawl1,1,13.801258087158203,31.860780715942383,46.71062088012695,89.30465698242188,172.0040740966797,0.4177322387695335,0.8744000000000001,1168.5150146484375,1179.0,224.37669372558594,11.817134948886705,32.43801863001352,5.679167882227417,0.1111111111111111,95.34366607666016,150.8507080078125,32.57124710083008
2024-01-28,26.25,89.75,Non-Landslide Grid,Non-Landslide Grid,"Grid (26.25, 89.75)",0,0.0,0.0,0.0,0.0,0.046035103499889374,0.16274642944336487,0.4788,35.02750015258789,27.0,3.171674966812134,0.12091396660067759,1.3983699101035267,0.0958937748490908,0.0,1.1745604276657104,2.1794495582580566,0.6618771553039551
2025-11-17,26.75,93.5,Non-Landslide Grid,Non-Landslide Grid,"Grid (26.75, 93.5)",0,0.0,0.0,0.0,0.6348825097084045,13.376585960388184,0.37110900878901865,0.5903,78.78416442871094,35.0,5.793849945068359,0.23522763176363917,1.432164662648389,0.20169767391116272,0.0,2.129199743270874,4.874037742614746,1.4025331735610962
2022-06-30,27.75,95.25,Non-Landslide Grid,Non-Landslide Grid,"Grid (27.75, 95.25)",0,25.915176391601562,145.1097412109375,207.37196350097656,323.70458984375,451.65509033203125,0.45746612548829446,0.3618,125.48472595214844,291.0,27.575366973876953,0.34078742448928545,10.445190427141654,0.9687570359525315,0.0,2.876985788345337,6.0,7.575013637542725
2022-06-17,25.5,90.0,Meghalaya,South Garo Hills,"Bolsalgre_landslide Bolsalgre locality, Baghmara",1,242.93722534179688,402.339111328125,854.106201171875,1356.1343994140625,1714.221923828125,0.43829345703134276,0.8221,83.89027404785156,562.0,60.985748291015625,1.6985494366384757,18.375420595071056,1.8545637645266666,0.0,14.301230430603027,37.069862365722656,12.967105865478516
2021-08-01,24.5,92.5,Non-Landslide Grid,Non-Landslide Grid,"Grid (24.5, 92.5)",0,2.588848829269409,21.997392654418945,33.7049446105957,209.29627990722656,466.2293395996094,0.3913421630859983,0.905,50.25694274902344,307.0,36.682586669921875,1.0936103779500521,13.123697827867113,1.5810928079540425,0.0,8.989489555358887,33.870338439941406,11.444992065429688
2022-09-14,28.75,94.5,Non-Landslide Grid,Non-Landslide Grid,"Grid (28.75, 94.5)",0,3.3849637508392334,3.53383469581604,114.61164093017578,335.53338623046875,406.55340576171875,0.42240905761719594,0.2247,2875.245361328125,3705.0,813.9151000976562,22.60490357523754,45.50286324694302,7.307042541447593,16.13888888888889,178.1750030517578,257.02459716796875,43.789249420166016
2024-07-04,28.25,95.0,Arunachal Pradesh,Siang District,Pangin Landslide Lokpeng and Pangin Tri- junction,1,76.16202545166016,85.6325454711914,548.4291381835938,633.6544189453125,764.6918334960938,0.4220352172851565,0.9138,910.6333618164062,1889.0,404.7454528808594,17.056438182879226,34.66714758614648,6.508510630460296,1.5555555555555556,135.1522674560547,193.98526000976562,35.65961837768555
2021-11-24,24.0,93.0,Non-Landslide Grid,Non-Landslide Grid,"Grid (24.0, 93.0)",0,0.0,0.0,0.0,27.802194595336914,29.843786239624023,0.33267211914062983,0.9152,652.5986328125,1538.0,274.19122314453125,13.282334633206922,33.1519089677372,5.594494055648118,0.2222222222222222,106.63568878173828,165.07130432128906,31.688812255859375
2024-04-26,26.5,93.0,Non-Landslide Grid,Non-Landslide Grid,"Grid (26.5, 93.0)",0,0.0,2.1329267024993896,63.010276794433594,93.3819808959961,113.78359985351562,0.43557739257814737,0.5828,168.4308319091797,661.0,166.31455993652344,2.8684557130330925,24.76766018774044,4.400372428445073,0.0,23.470603942871094,100.2459487915039,32.69191360473633
2025-05-01,28.0,88.5,Non-Landslide Grid,Non-Landslide Grid,"Grid (28.0, 88.5)",0,2.61812686920166,10.128223419189453,56.05915069580078,88.84471893310547,138.84286499023438,0.3563995361328075,0.17,5095.7900390625,4396.0,387.92755126953125,13.349086794565135,73.70894448368757,8.435456979019474,3.944444444444444,106.86685943603516,213.61180114746094,80.8809585571289
2025-12-22,28.25,94.25,Non-Landslide Grid,Non-Landslide Grid,"Grid (28.25, 94.25)",0,0.0,0.0,0.0,0.0,0.0,0.2185935974121132,0.8858,1888.3660888671875,3573.0,785.7053833007812,19.692724875259685,42.70369433344942,6.757839891531304,5.305555555555555,155.3228302001953,222.8927459716797,38.04297637939453
2024-07-04,27.75,93.5,Non-Landslide Grid,Non-Landslide Grid,"Grid (27.75, 93.5)",0,3.4224815368652344,44.77260208129883,166.04600524902344,211.33558654785156,300.37994384765625,0.42602539062500255,0.903,1602.0572509765625,2656.0,483.55938720703125,16.271410052414023,38.71420090681496,6.355502250626034,1.25,128.99514770507812,191.6719207763672,36.09746551513672
2025-12-21,27.75,96.25,Non-Landslide Grid,Non-Landslide Grid,"Grid (27.75, 96.25)",0,0.0,0.0,0.0,0.0,0.0,0.31384277343749317,0.6966,378.3680419921875,1771.0,262.791259765625,3.628177258111446,34.886002428398726,6.243721849866636,0.3055555555555556,26.976634979248047,144.90283203125,45.608177185058594
2024-01-17,27.5,94.75,Non-Landslide Grid,Non-Landslide Grid,"Grid (27.5, 94.75)",0,2.447444438934326,2.447444438934326,2.447444438934326,2.447444438934326,2.447444438934326,0.2168197631838658,0.5707,104.59388732910156,38.0,5.581822395324707,0.1302345706068359,1.1555514767930655,0.1032864828524461,0.0,1.1642005443572998,2.423840045928955,0.6909770369529724
2020-10-18,26.75,91.25,Non-Landslide Grid,Non-Landslide Grid,"Grid (26.75, 91.25)",0,0.0,0.0,0.0,48.22074508666992,163.64564514160156,0.18508148193372298,0.753,282.118896484375,1586.0,351.4069519042969,4.765222201824302,32.590798680167666,6.953452371169983,0.19444444444444445,37.54658889770508,146.8262176513672,53.13004684448242
2020-10-02,27.25,88.25,Sikkim,West Sikkim,Boom Tafel,1,0.3500903844833374,7.856024265289307,42.4001579284668,165.0727081298828,521.0206909179688,0.42473220825195535,0.8498,1501.7489013671875,2997.0,562.7520751953125,20.1096381425214,40.56662648067611,7.081886297460569,6.555555555555556,159.76638793945312,230.42623901367188,40.55621337890625
2025-03-12,23.5,93.25,Non-Landslide Grid,Non-Landslide Grid,"Grid (23.5, 93.25)",0,0.0,0.0,0.0,0.0,0.10932812839746475,0.13838958740232113,0.6817000000000001,1168.5150146484375,1179.0,224.37669372558594,11.817134948886705,32.43801863001352,5.679167882227417,0.1111111111111111,95.34366607666016,150.8507080078125,32.57124710083008
2020-05-26,25.5,92.25,Meghalaya,Jaintia Hills,Salaroh Landslide,1,18.67279624938965,66.86375427246094,99.851318359375,112.08378601074219,156.1591033935547,0.4872512817381497,0.6744,1260.42578125,597.0,102.87409210205078,2.808655381871295,17.212804623042103,2.215269176666288,0.0,23.935148239135742,55.71966552734375,15.806341171264648
2023-05-23,27.25,93.5,Non-Landslide Grid,Non-Landslide Grid,"Grid (27.25, 93.5)",0,0.14067579805850983,122.74762725830078,153.8693389892578,164.3610076904297,258.0775146484375,0.4242858886718764,0.6607000000000001,1506.97412109375,2357.0,400.4650573730469,13.490002771301448,35.73032569319689,5.876769363504501,0.3888888888888889,106.12234497070312,172.48289489746094,35.388729095458984
2020-06-01,27.5,88.5,Sikkim,South Sikkim,Sokpay_landslide,1,27.176258087158203,45.84088134765625,76.95291137695312,243.47677612304688,346.6602478027344,0.4279479980468729,0.8506,2168.81982421875,3697.0,796.494384765625,23.632660743125502,49.23240538360047,7.919056484581935,20.916666666666668,188.52566528320312,282.9498291015625,52.20234680175781
2022-05-15,25.0,93.0,Assam,Dima Hasao,khomunom khomunom,1,25.542255401611328,166.13734436035156,303.17938232421875,348.6574401855469,537.8242797851562,0.418289184570331,0.792,384.5722351074219,1608.0,385.2471923828125,8.070900757120183,30.662939686285355,7.316109477494315,0.027777777777777776,64.66639709472656,154.00979614257812,53.41328811645508
2021-06-28,25.25,92.75,Non-Landslide Grid,Non-Landslide Grid,"Grid (25.25, 92.75)",0,20.460792541503906,24.28876495361328,62.855125427246094,198.70327758789062,289.4504089355469,0.4829788208007397,0.862,1091.2467041015625,1373.0,231.5597381591797,7.584705907355589,34.43482800660637,4.5059173844757305,0.1111111111111111,60.79730224609375,117.44474792480469,29.72018051147461
2020-09-25,25.5,92.0,Meghalaya,East Khasi Hills,Dhobi Ghat Landslide,1,124.06974029541016,234.18441772460938,315.3829650878906,380.0924987792969,514.6722412109375,0.48884582519529096,0.8498,1362.2994384765625,1410.0,264.5621337890625,7.554808330244862,33.88208370808656,6.750802082738645,0.638888888888889,61.715328216552734,167.0863800048828,48.47831726074219
2020-04-21,27.75,94.25,Non-Landslide Grid,Non-Landslide Grid,"Grid (27.75, 94.25)",0,2.452331781387329,26.753448486328125,31.00544548034668,43.16326904296875,74.88502502441406,0.4288787841796893,0.8037000000000001,893.6763916015625,2277.0,427.7653503417969,17.322903873453644,42.07766441958304,6.998357627634596,2.861111111111111,140.36521911621094,206.5841827392578,40.71442794799805
2024-09-30,27.5,88.5,Sikkim,Rang Rang Landslide,Near Rang Landslide Rang,1,1.6248518228530884,133.48056030273438,234.44615173339844,281.36053466796875,401.2912902832031,0.42959594726562245,0.8729,2168.81982421875,3697.0,796.494384765625,23.632660743125502,49.23240538360047,7.919056484581935,20.916666666666668,188.52566528320312,282.9498291015625,52.20234680175781
2020-06-10,23.75,92.75,Mizoram,Aizawl,Khatla_1,1,20.82059097290039,22.741016387939453,48.070762634277344,171.52322387695312,224.2882843017578,0.4118957519531236,0.8256,558.530029296875,1301.0,251.22454833984375,11.561747209331001,33.20981307339313,5.7138444190846345,0.25,94.32711791992188,152.0427703857422,34.32426834106445
2022-01-17,24.75,94.5,Non-Landslide Grid,Non-Landslide Grid,"Grid (24.75, 94.5)",0,0.0,0.7027760744094849,1.9375221729278564,1.9375221729278564,6.969645977020264,0.26103210449219555,0.7706000000000001,687.2161254882812,1415.0,292.2091369628906,10.978303236969749,27.55470340208291,5.842987960834363,0.0,88.30297088623047,145.00534057617188,37.38021469116211
2020-04-15,25.75,93.5,Non-Landslide Grid,Non-Landslide Grid,"Grid (25.75, 93.5)",0,0.0,0.0,4.57760763168335,10.628315925598145,18.10857582092285,0.29787445068350404,0.6909000000000001,227.40277099609375,203.0,31.68953514099121,1.0207360884141397,5.919642534555406,0.6974274536843569,0.0,8.528032302856445,17.773048400878906,4.812337875366211
2022-10-25,27.0,95.25,Non-Landslide Grid,Non-Landslide Grid,"Grid (27.0, 95.25)",0,16.31855010986328,16.546672821044922,19.304729461669922,51.84954071044922,118.39154052734375,0.4832534790037466,0.8891,360.5635986328125,1241.0,234.73947143554688,6.347254151889837,26.816205826252787,5.681313410802673,0.0,50.52357482910156,118.57117462158203,39.50800323486328
2020-08-07,24.5,94.25,Non-Landslide Grid,Non-Landslide Grid,"Grid (24.5, 94.25)",0,1.1801692247390747,9.528054237365723,18.689847946166992,43.19044494628906,128.3360137939453,0.41577911376951593,0.8356,899.6219482421875,1397.0,310.79998779296875,11.557319884351068,26.65659757223812,4.995448423921887,0.0,94.45654296875,135.67987060546875,26.132293701171875
2025-02-21,26.25,91.0,Non-Landslide Grid,Non-Landslide Grid,"Grid (26.25, 91.0)",0,0.0,0.0,0.0,0.0,0.0,0.20123291015616016,0.522,40.54722213745117,25.0,2.590150833129883,0.15459775080199922,2.675709047848735,0.1288446357248413,0.0,1.4882391691207886,3.082206964492798,0.9466160535812378
2022-05-15,25.0,92.75,Assam,Cachar,doloi_chunga_s1 doloi chunga,1,17.392393112182617,209.87167358398438,389.2757263183594,429.9621276855469,673.3184814453125,0.47242736816394554,0.7506,274.126953125,1465.0,315.2989196777344,7.0296151565544855,32.894933863241256,6.950774825954634,0.05555555555555555,56.27210235595703,144.00457763671875,50.87444305419922
2021-06-22,27.0,95.5,Arunachal Pradesh,Tirap,Kuthong Village,1,1.9299955368041992,46.47382354736328,77.0848388671875,157.72918701171875,283.09716796875,0.40933227539081485,0.8652000000000001,878.2063598632812,2074.0,480.03131103515625,12.628306626968714,39.39458957264711,7.148450419557855,0.8055555555555556,98.7378921508789,179.43768310546875,47.5245246887207
2025-11-03,23.75,91.75,Non-Landslide Grid,Non-Landslide Grid,"Grid (23.75, 91.75)",0,4.607438087463379,5.866329669952393,13.831456184387207,44.514732360839844,79.77189636230469,0.32530593872072205,0.8671000000000001,123.81305694580078,262.0,43.23754119873047,1.5564138210253045,12.083930312074296,1.4237959496706716,0.0,13.421937942504883,38.834102630615234,10.836121559143066
2025-06-12,25.75,91.0,Non-Landslide Grid,Non-Landslide Grid,"Grid (25.75, 91.0)",0,0.19467666745185852,5.185631275177002,53.04104995727539,504.6363220214844,870.0564575195312,0.48242187500000955,0.8973000000000001,612.0349731445312,1050.0,238.98846435546875,5.518916070345803,23.40411643741614,4.103124402802134,0.0,45.028480529785156,96.34597778320312,25.762800216674805
2021-06-17,29.0,94.75,Arunachal Pradesh,Upper Siang,Pekong Village,1,14.657211303710938,47.59122848510742,94.74951171875,255.4497528076172,465.9478759765625,0.41973876953126477,0.0586,2266.47265625,3982.0,977.2572021484375,23.34678201392546,45.73915737302446,8.39788877188829,22.36111111111111,186.8229217529297,272.851318359375,50.38182067871094
2020-08-02,22.5,93.0,Mizoram,Lawngtlai,College_veng2,1,103.73577117919922,133.38523864746094,161.30191040039062,278.31298828125,515.4066162109375,0.4103393554687606,0.8691000000000001,878.2855834960938,1778.0,377.2521057128906,14.638061184349539,36.38334612643967,5.925709104680568,0.4444444444444444,117.57864379882812,173.31338500976562,32.15381622314453
2022-09-12,26.25,91.75,Non-Landslide Grid,Non-Landslide Grid,"Grid (26.25, 91.75)",0,7.020388603210449,10.138427734375,19.529346466064453,87.13428497314453,128.1517333984375,0.46268844604493187,0.8783000000000001,67.3949966430664,295.0,37.075172424316406,1.4509254283381814,16.29219827144022,2.417741974738188,0.0,12.47722339630127,53.43284225463867,18.373598098754883
2022-06-03,26.25,93.25,Non-Landslide Grid,Non-Landslide Grid,"Grid (26.25, 93.25)",0,4.102954864501953,6.849937438964844,21.91298484802246,54.7007942199707,120.2718505859375,0.5140914916992196,0.7292000000000001,421.1025085449219,1197.0,233.43887329101562,5.674969062576112,22.480056599441713,4.336467390033529,0.0,45.47773742675781,97.27072143554688,29.292335510253906
2024-07-07,27.75,96.75,Non-Landslide Grid,Non-Landslide Grid,"Grid (27.75, 96.75)",0,6.241082668304443,38.73130798339844,126.65868377685547,277.9190979003906,305.0751647949219,0.4402351379393836,0.8408,2939.690185546875,3381.0,679.4791870117188,23.2617787175157,48.74501991318944,7.818991507373922,19.72222222222222,188.0431671142578,260.81427001953125,44.29112243652344
2024-07-21,27.75,88.5,Sikkim,Munsi Thang Landslide,Enroute Lachen,1,4.779671669006348,49.32551574707031,156.36900329589844,316.2934875488281,599.063720703125,0.4274597167968755,0.6906,4100.16064453125,3807.0,734.4197387695312,22.412003436090288,53.38754478648244,8.808319435315765,20.61111111111111,181.06277465820312,281.6011657714844,58.148677825927734
2023-04-04,28.75,95.0,Non-Landslide Grid,Non-Landslide Grid,"Grid (28.75, 95.0)",0,2.673063278198242,42.75543212890625,57.670074462890625,165.8610382080078,214.0611114501953,0.42402648925782,0.8151,1557.765869140625,3304.0,746.5823974609375,21.104581564688804,47.325046685578975,7.893174594175774,12.861111111111112,169.42266845703125,245.5902099609375,46.39385223388672
2021-05-07,26.0,91.75,Non-Landslide Grid,Non-Landslide Grid,"Grid (26.0, 91.75)",0,7.050259113311768,20.3327693939209,34.65531921386719,44.614131927490234,73.86788177490234,0.3549423217772611,0.8426,323.899169921875,766.0,135.91363525390625,4.957392974049627,20.61693827486847,3.3378267914883613,0.0,42.12355041503906,83.86418151855469,22.39252471923828
2021-02-04,26.5,92.0,Non-Landslide Grid,Non-Landslide Grid,"Grid (26.5, 92.0)",0,0.0,0.0,0.0,6.99104118347168,13.42426586151123,0.3028564453124769,0.3717,64.29166412353516,31.0,6.50392484664917,0.1507893828492463,0.648211383490199,0.09358823710904016,0.0,1.4568734169006348,2.598076105117798,0.6090912818908691
2024-10-06,28.0,95.5,Non-Landslide Grid,Non-Landslide Grid,"Grid (28.0, 95.5)",0,4.852708339691162,91.23179626464844,116.40313720703125,258.5642395019531,285.3731994628906,0.48907470703101885,0.8745,153.6744384765625,120.0,26.328083038330078,0.3271957680866793,1.892378376948654,0.2577120323122031,0.0,2.6049110889434814,6.206344127655029,1.7037417888641357
2021-10-09,23.75,92.75,Mizoram,Aizawl,Thingsulthliah Village,1,5.8079304695129395,7.347774028778076,17.539335250854492,46.39570617675781,146.3289031982422,0.37536239624023354,0.8594,558.530029296875,1301.0,251.22454833984375,11.561747209331001,33.20981307339313,5.7138444190846345,0.25,94.32711791992188,152.0427703857422,34.32426834106445
2022-06-17,26.25,90.75,Assam,Gopalpara,"Azadnagar_landslide Azadnagar, Gopalpara",1,186.36380004882812,585.397705078125,784.1090087890625,960.298095703125,1073.7442626953125,0.4106864929200539,0.4263,40.997222900390625,246.0,14.89873218536377,0.38377147259691174,15.07324362771753,1.2015252087860544,0.0,3.3882267475128174,8.346028327941895,9.299248695373535
2020-08-04,25.5,94.5,Non-Landslide Grid,Non-Landslide Grid,"Grid (25.5, 94.5)",0,1.500716209411621,1.500716209411621,41.50539016723633,74.8834228515625,238.1479034423828,0.4771270751951392,0.8549,1214.94775390625,1524.0,263.10931396484375,13.416159594748445,31.77914876142218,5.575241901226998,0.2222222222222222,104.84436798095703,152.53733825683594,28.473220825195312
2024-07-02,25.75,92.0,Meghalaya,Mawlai Landslide,"3 GS Road, Khasi East NH Hills",1,48.23434066772461,137.20294189453125,168.66439819335938,256.0296325683594,478.53851318359375,0.4680862426757494,0.7058,917.2408447265625,859.0,130.39633178710938,4.714470137470853,21.87834296680697,3.6313367608752385,0.0,39.3952522277832,86.12773895263672,23.6353702545166
2024-07-19,24.5,93.25,Non-Landslide Grid,Non-Landslide Grid,"Grid (24.5, 93.25)",0,0.0,0.0,12.606057167053223,61.1181526184082,192.12973022460938,0.4161911010741598,0.9281,358.87945556640625,1108.0,179.823974609375,8.805336483867881,31.15678605754892,5.150216097817887,0.05555555555555555,72.0702133178711,128.0958709716797,32.14580535888672
2025-02-24,25.75,92.25,Non-Landslide Grid,Non-Landslide Grid,"Grid (25.75, 92.25)",0,0.3440586030483246,4.1287031173706055,4.2818603515625,4.392459392547607,4.392459392547607,0.43247222900391064,0.6683,863.1525268554688,623.0,112.7856674194336,4.351224953933891,20.40236602542277,3.2202939845624936,0.0,36.13096618652344,77.72660827636719,21.264589309692383
2023-09-14,27.75,95.75,Non-Landslide Grid,Non-Landslide Grid,"Grid (27.75, 95.75)",0,2.11972975730896,5.516268730163574,32.3061637878418,38.035003662109375,246.33168029785156,0.4477386474609311,0.5528000000000001,135.81472778320312,29.0,5.7640509605407715,0.18216602711762214,1.387874253946801,0.14190128771812477,0.0,1.645431399345398,3.4278273582458496,0.9563491344451904
2020-03-23,23.5,93.0,Non-Landslide Grid,Non-Landslide Grid,"Grid (23.5, 93.0)",0,2.3548293113708496,2.3548293113708496,2.3548293113708496,2.3548293113708496,8.233144760131836,0.2026367187501308,0.7091000000000001,917.0947265625,1478.0,266.5793762207031,11.932203600254475,33.52099955760416,5.647143886886906,0.19444444444444445,95.97232818603516,153.7880401611328,32.74060821533203
2024-01-02,27.25,88.25,Non-Landslide Grid,Non-Landslide Grid,"Grid (27.25, 88.25)",0,0.0,0.0,0.0,0.21995440125465393,5.501307487487793,0.3623733520507987,0.6995,1501.7489013671875,2997.0,562.7520751953125,20.1096381425214,40.56662648067611,7.081886297460569,6.555555555555556,159.76638793945312,230.42623901367188,40.55621337890625
2020-08-17,26.0,94.5,Nagaland,Zunheboto,DC Hill West Colony,1,5.825150966644287,53.4990234375,99.3736343383789,171.79417419433594,230.64515686035156,0.4869079589844943,0.8751,1244.903564453125,1890.0,397.21783447265625,13.931444881552304,31.178667353635422,5.726795467043445,0.05555555555555555,109.29522705078125,155.17295837402344,28.6873722076416
2021-05-03,25.0,94.5,Non-Landslide Grid,Non-Landslide Grid,"Grid (25.0, 94.5)",0,0.5048226714134216,4.047257423400879,4.047257423400879,8.820377349853516,13.368000984191895,0.15887451171875186,0.7467,1378.5263671875,2180.0,438.4300842285156,14.554947883626378,35.765322037924,5.378780229956303,0.19444444444444445,114.65390014648438,162.11016845703125,28.52706527709961
2025-11-03,24.5,92.25,Non-Landslide Grid,Non-Landslide Grid,"Grid (24.5, 92.25)",0,6.98897647857666,16.11058807373047,19.022300720214844,22.17477798461914,181.01573181152344,0.30831909179704836,0.7702,42.72222137451172,158.0,20.185434341430664,0.767792053854936,8.466332771113331,0.8235771111410504,0.0,6.467982769012451,17.136947631835938,6.131628513336182
2024-10-29,25.0,92.5,Non-Landslide Grid,Non-Landslide Grid,"Grid (25.0, 92.5)",0,0.0,0.0,3.8793487548828125,21.28544807434082,362.9127197265625,0.43940734863275144,0.773,204.9633331298828,1224.0,275.96075439453125,5.487831143215172,34.94692623136583,7.116754878189429,0.4166666666666667,44.536964416503906,142.9350128173828,54.15533447265625
2020-02-02,28.5,94.0,Non-Landslide Grid,Non-Landslide Grid,"Grid (28.5, 94.0)",0,5.147815227508545,11.403505325317383,11.89984130859375,105.49674224853516,158.15406799316406,0.3706359863281521,0.4678,2700.772216796875,3736.0,838.62158203125,20.441951096968772,49.712924201894,8.33684892858926,14.38888888888889,161.77304077148438,260.1982116699219,55.134281158447266
2020-05-26,28.75,96.5,Non-Landslide Grid,Non-Landslide Grid,"Grid (28.75, 96.5)",0,0.0,0.0,0.0,0.0,0.0,0.4277725219726512,0.7374,4022.5810546875,2639.0,468.3454895019531,23.773225686123318,50.071104792786485,9.196028748530004,27.97222222222222,197.5394287109375,286.3636169433594,50.75253677368164
2022-08-22,26.75,92.75,Non-Landslide Grid,Non-Landslide Grid,"Grid (26.75, 92.75)",0,0.0,3.3387506008148193,9.535901069641113,79.88322448730469,340.3375549316406,0.4029464721679242,0.7821,78.5072250366211,48.0,8.69530200958252,0.18634304238490484,1.212334917409625,0.14402690851859568,0.0,1.683570384979248,3.571587324142456,0.9807701110839844
2020-08-19,25.75,94.0,Nagaland,Kohima,"Mehruliesta, Paramedical Colony",1,6.1103034019470215,31.10441017150879,106.78189086914062,157.2106475830078,260.190673828125,0.43363952636713854,0.8489,1057.0296630859375,2478.0,501.8348388671875,12.132001583102527,38.017046564435354,6.381968560798878,0.9722222222222222,94.8803939819336,172.8865203857422,42.01777267456055
2024-06-30,25.75,92.0,Meghalaya,Umbang Landslide,"2 GS Road, Ri Bhoi NH",1,10.941681861877441,25.977739334106445,62.263816833496094,192.79583740234375,377.4544677734375,0.44876098632812506,0.773,917.2408447265625,859.0,130.39633178710938,4.714470137470853,21.87834296680697,3.6313367608752385,0.0,39.3952522277832,86.12773895263672,23.6353702545166
2020-07-10,23.25,92.75,Mizoram,Aizawl,Sailam_1,1,40.37017822265625,52.07831573486328,61.8985710144043,113.88455200195312,183.57916259765625,0.4233818054199211,0.9168,639.630859375,1260.0,200.76295471191406,9.799972649391158,29.03776753010941,5.627017276240316,0.0,80.92599487304688,137.27716064453125,33.788272857666016
2025-05-30,25.75,92.0,Meghalaya,Ri Bhoi,Umiam Landslide 11,1,103.3324966430664,111.45738983154297,142.70361328125,261.2294921875,363.6540222167969,0.5154647827148221,0.6665,917.2408447265625,859.0,130.39633178710938,4.714470137470853,21.87834296680697,3.6313367608752385,0.0,39.3952522277832,86.12773895263672,23.6353702545166
2020-02-20,27.5,94.0,Non-Landslide Grid,Non-Landslide Grid,"Grid (27.5, 94.0)",0,2.536273717880249,16.35140609741211,16.475889205932617,16.923484802246094,34.70848846435547,0.40928649902339687,0.8213,1536.2244873046875,2724.0,755.0374755859375,14.933853980813408,40.312445929729115,8.452063097443121,4.722222222222222,119.38636779785156,220.49632263183594,59.01678466796875
2024-03-24,25.0,93.5,Non-Landslide Grid,Non-Landslide Grid,"Grid (25.0, 93.5)",0,3.510376453399658,19.260339736938477,28.274765014648438,28.274765014648438,33.411598205566406,0.34313964843754197,0.7575000000000001,752.8841552734375,1640.0,374.96832275390625,13.41413890352393,40.09010912252311,6.554713269349096,1.7777777777777777,104.00732421875,182.24261474609375,41.744476318359375
2024-10-11,29.25,96.0,Non-Landslide Grid,Non-Landslide Grid,"Grid (29.25, 96.0)",0,33.72526550292969,59.009376525878906,123.54212951660156,260.56597900390625,354.3321533203125,0.4256362915038868,0.3076,3878.079833984375,3163.0,629.399658203125,22.63858601854045,55.29292804553204,10.433435911884475,24.666666666666668,186.75059509277344,314.1125183105469,69.53962707519531
2025-06-08,27.25,93.25,Non-Landslide Grid,Non-Landslide Grid,"Grid (27.25, 93.25)",0,0.0,8.104937553405762,82.637451171875,284.46710205078125,550.8202514648438,0.4192733764648523,0.9375,1699.124755859375,2124.0,379.8884582519531,12.975082879107026,33.22601564727641,5.46034466835552,0.1388888888888889,103.07848358154297,157.81167602539062,32.20867156982422
2024-09-22,24.0,92.0,Non-Landslide Grid,Non-Landslide Grid,"Grid (24.0, 92.0)",0,6.720712661743164,10.373032569885254,14.893486022949219,78.67176055908203,320.0783996582031,0.3606262207031139,0.7997000000000001,116.92916870117188,392.0,58.878543853759766,2.1896424107044976,16.669920976886594,2.393290891627602,0.0,18.279224395751953,58.623252868652344,17.288740158081055
2025-05-26,27.0,94.25,Non-Landslide Grid,Non-Landslide Grid,"Grid (27.0, 94.25)",0,0.6965509653091431,1.071763277053833,15.993779182434082,76.9078369140625,107.41259765625,0.4766082763671358,0.654,86.0183334350586,14.0,2.3724570274353027,0.15339693133018162,0.7595510239630698,0.09990164677995549,0.0,1.5030637979507446,2.7613401412963867,0.6967684626579285
2020-09-02,26.0,92.75,Non-Landslide Grid,Non-Landslide Grid,"Grid (26.0, 92.75)",0,0.0,49.41704177856445,54.960121154785156,133.6695556640625,207.1693115234375,0.46096801757814115,0.8542000000000001,92.85527801513672,437.0,67.35139465332031,0.672817939872994,8.807904322409069,1.2468140743328904,0.0,5.64442253112793,28.586381912231445,9.361499786376953
2025-12-15,26.25,90.5,Non-Landslide Grid,Non-Landslide Grid,"Grid (26.25, 90.5)",0,0.0,0.0,0.0,0.0,0.0,0.21584320068356633,0.5630000000000001,48.86888885498047,420.0,41.738399505615234,1.109574574143597,22.476644030121314,2.718231100002853,0.0,9.38329792022705,59.14864730834961,20.585315704345703
2025-10-03,27.75,93.25,Non-Landslide Grid,Non-Landslide Grid,"Grid (27.75, 93.25)",0,8.721444129943848,35.0533332824707,41.74409103393555,60.46113586425781,179.315673828125,0.42390060424803855,0.8675,2134.03564453125,2684.0,518.6760864257812,17.304813459602983,45.93594349450423,6.953065955001086,4.388888888888888,136.74777221679688,223.04844665527344,44.572750091552734
2023-11-14,25.0,94.0,Non-Landslide Grid,Non-Landslide Grid,"Grid (25.0, 94.0)",0,0.0,0.0,0.0,0.0,17.174880981445312,0.30572509765623823,0.8175,1008.9378051757812,1548.0,236.13145446777344,8.418254996846219,29.95096914355927,5.888112068764791,0.0,66.83557891845703,132.4910888671875,39.91765594482422
2022-09-21,27.25,95.75,Non-Landslide Grid,Non-Landslide Grid,"Grid (27.25, 95.75)",0,23.215255737304688,47.98419189453125,54.510921478271484,116.13371276855469,359.0230712890625,0.4877967834472216,0.9602,402.3658447265625,1416.0,295.2882995605469,7.01128463465975,28.806016082308474,6.958265903993761,0.0,55.06111145019531,146.06954956054688,49.84526443481445
2025-02-08,27.75,96.5,Non-Landslide Grid,Non-Landslide Grid,"Grid (27.75, 96.5)",0,0.12514181435108185,0.3147607445716858,0.3147607445716858,2.5532610416412354,2.5532610416412354,0.4096832275390738,0.7719,1912.2774658203125,3015.0,640.3836669921875,21.45163246151097,40.459199193143306,7.178409802011485,10.75,171.69166564941406,237.52938842773438,40.915340423583984
2024-07-03,25.0,94.25,Manipur,Kazipphung Landslide,Imphal-Ukhrul Road,1,5.093509674072266,86.69740295410156,166.56472778320312,207.28005981445312,250.64852905273438,0.4506072998045256,0.2728,1233.2835693359375,1244.0,265.4721984863281,10.62303176740798,27.88183800191073,4.826559786669395,0.0,82.0025634765625,128.76394653320312,27.49030303955078
2022-05-15,25.25,93.0,Assam,Dima Hasao,"L29 Near Kendri Vidyalaya, Halflong",1,13.70791244506836,171.51666259765625,325.0523681640625,348.9837951660156,558.1865234375,0.47109222412107926,0.7867000000000001,581.3922119140625,1271.0,220.6673126220703,7.95753565762605,30.952647139700577,4.65836575833331,0.027777777777777776,63.11333465576172,118.19319915771484,29.522968292236328
2025-12-21,26.0,91.0,Non-Landslide Grid,Non-Landslide Grid,"Grid (26.0, 91.0)",0,0.0,0.0,0.0,0.0,0.0,0.26023864746093583,0.3939,71.23139190673828,516.0,73.41050720214844,1.2930697934097897,23.16556601795955,3.108993288451381,0.0,10.812939643859863,62.34619903564453,22.8721923828125
2022-04-13,25.25,92.25,Meghalaya,Jaintia Hills,Tongseng4 near Tongseng Village,1,19.09215545654297,41.782676696777344,46.52138900756836,183.806640625,304.211181640625,0.5047531127929578,0.7334,776.0238647460938,1322.0,357.3675231933594,5.895885341126151,25.47091491614314,4.7990301285115855,0.0,47.91184997558594,115.95841217041016,34.28144836425781
2020-06-15,29.0,95.25,Non-Landslide Grid,Non-Landslide Grid,"Grid (29.0, 95.25)",0,18.012773513793945,27.930994033813477,37.90242385864258,297.7899475097656,592.8219604492188,0.4262237548828154,0.0321,3296.288330078125,2693.0,546.5750732421875,17.61262073798802,40.441292529630225,7.068092262748073,3.3333333333333335,142.9497528076172,210.301513671875,39.51340866088867
2023-06-10,28.25,96.75,Non-Landslide Grid,Non-Landslide Grid,"Grid (28.25, 96.75)",0,5.528611183166504,5.528611183166504,5.528611183166504,5.68571138381958,35.77064895629883,0.40135955810540414,0.7988000000000001,3192.26220703125,3760.0,777.3504028320312,25.01511828936123,51.8135373565446,9.044560316308626,32.861111111111114,207.51364135742188,299.4259033203125,54.75053405761719
2020-06-28,27.25,88.25,Sikkim,West Sikkim,Landslide near Fambrong Falls,1,19.823843002319336,46.206260681152344,115.32783508300781,319.0504455566406,453.5856018066406,0.4180107116699194,0.7563000000000001,1501.7489013671875,2997.0,562.7520751953125,20.1096381425214,40.56662648067611,7.081886297460569,6.555555555555556,159.76638793945312,230.42623901367188,40.55621337890625
2024-06-30,25.75,92.0,Meghalaya,Umbang Landslide,"4 GS Road, Ri Bhoi NH",1,10.941681861877441,25.977739334106445,62.263816833496094,192.79583740234375,377.4544677734375,0.44876098632812506,0.773,917.2408447265625,859.0,130.39633178710938,4.714470137470853,21.87834296680697,3.6313367608752385,0.0,39.3952522277832,86.12773895263672,23.6353702545166
2023-05-16,24.75,94.0,Non-Landslide Grid,Non-Landslide Grid,"Grid (24.75, 94.0)",0,11.981863021850586,42.13653564453125,42.162200927734375,48.1119384765625,76.96070861816406,0.4391937255859679,0.5057,825.2747192382812,715.0,86.79336547851562,2.826579707596773,24.518171520500573,3.987665973213985,0.0,23.277711868286133,84.06521606445312,29.67618179321289
2022-06-30,24.75,93.75,Manipur,Noney,Tupul_yard_landslide Tupul Railway Yard Construction,1,0.35967886447906494,10.761613845825195,45.51649856567383,241.8262176513672,328.3040771484375,0.4563522338868026,0.4092,961.0741577148438,1622.0,285.96246337890625,8.732390351927053,32.08217257943746,7.811996970500874,0.08333333333333334,67.09193420410156,153.63829040527344,56.0186767578125
2022-10-12,25.25,93.25,Non-Landslide Grid,Non-Landslide Grid,"Grid (25.25, 93.25)",0,1.2402993440628052,5.272624492645264,12.873167037963867,56.40909957885742,152.1036834716797,0.44952011108395995,0.8455,785.26806640625,1527.0,353.894287109375,10.280514172000354,35.57332360132202,6.220787235002333,0.1111111111111111,81.5216064453125,148.7100830078125,41.36553955078125
2021-11-30,26.0,92.5,Non-Landslide Grid,Non-Landslide Grid,"Grid (26.0, 92.5)",0,0.0,0.0,0.0,0.0,0.0,0.2753295898437013,0.8574,353.65972900390625,678.0,190.900390625,4.571070359635543,22.66155124479494,3.7939397398009924,0.0,37.79451370239258,90.0302734375,26.104530334472656
2022-02-20,26.25,92.75,Non-Landslide Grid,Non-Landslide Grid,"Grid (26.25, 92.75)",0,2.486724615097046,2.486724615097046,2.486724615097046,5.277022361755371,48.6070556640625,0.3205909729003722,0.3296,134.39443969726562,739.0,152.9081268310547,2.03556003100252,24.481392636733343,4.03503936010858,0.0,16.41988754272461,94.49658966064453,30.449844360351562
2020-05-25,24.5,92.75,Mizoram,Kolasib,Variengte_IOC_veng1,1,13.253327369689941,41.99280548095703,47.33953857421875,73.26924896240234,144.82626342773438,0.36361694335938965,0.7067,85.600830078125,428.0,57.432464599609375,2.1428599104598,15.824363758441448,2.1098312057553605,0.0,18.043832778930664,48.597068786621094,14.894207954406738
2025-06-22,25.5,94.25,Non-Landslide Grid,Non-Landslide Grid,"Grid (25.5, 94.25)",0,26.785133361816406,40.319244384765625,93.36763000488281,113.6285400390625,353.20440673828125,0.4676742553711315,0.8836,1606.2049560546875,1633.0,336.6394348144531,13.072549325862639,31.529268531106975,5.6083756046100355,0.05555555555555555,101.690673828125,155.21470642089844,33.152103424072266
2020-08-20,24.25,94.25,Manipur,Chandel,Khongkhang,1,8.898453712463379,17.60140609741211,32.40834426879883,128.80284118652344,185.51048278808594,0.47620391845712634,0.8768,480.40582275390625,1260.0,290.3222961425781,6.270173512438982,22.01110060871449,4.972308546349556,0.0,50.020259857177734,104.46087646484375,34.80989456176758
2020-04-12,26.0,93.5,Non-Landslide Grid,Non-Landslide Grid,"Grid (26.0, 93.5)",0,0.0,3.9865169525146484,3.9865169525146484,8.938699722290039,12.06640625,0.307647705078125,0.6368,371.9755554199219,1096.0,267.4538269042969,3.459753534020174,22.106422323825157,3.726696997471574,0.0,27.03520965576172,77.51903533935547,26.014020919799805
2020-03-21,26.0,94.0,Non-Landslide Grid,Non-Landslide Grid,"Grid (26.0, 94.0)",0,0.0,0.0,0.0,5.015682220458984,14.579869270324707,0.2975616455078416,0.8015,363.6197204589844,1218.0,237.57420349121094,6.430369423365052,27.277622540637047,6.292268277714375,0.0,50.72469711303711,123.57196044921875,44.698631286621094
2020-10-17,23.0,92.5,Non-Landslide Grid,Non-Landslide Grid,"Grid (23.0, 92.5)",0,0.0,0.0,9.647787094116211,54.43777084350586,119.63482666015625,0.4104766845703297,0.8767,194.51889038085938,710.0,145.86865234375,5.483978886517111,27.751427262465327,4.990859089538417,0.0,44.943424224853516,109.03978729248047,34.9382438659668
2024-07-14,25.75,92.0,Meghalaya,Pahamrinai Landslide,"GS Road, PahamrinaiVillahge, Ri Bhoi",1,0.0,22.947315216064453,81.65583801269531,246.92864990234375,446.5683898925781,0.49798583984372874,0.7058,917.2408447265625,859.0,130.39633178710938,4.714470137470853,21.87834296680697,3.6313367608752385,0.0,39.3952522277832,86.12773895263672,23.6353702545166
2022-07-12,23.5,92.5,Non-Landslide Grid,Non-Landslide Grid,"Grid (23.5, 92.5)",0,5.677474498748779,22.091266632080078,147.1463623046875,207.39414978027344,404.5697326660156,0.401519775390655,0.9003,496.1630554199219,1128.0,215.22274780273438,10.230260678356062,29.680199679241476,5.2741438966790035,0.0,84.38279724121094,136.08900451660156,32.635520935058594
2024-03-08,26.0,95.0,Non-Landslide Grid,Non-Landslide Grid,"Grid (26.0, 95.0)",0,0.0,0.0,0.0,22.35470199584961,37.5177116394043,0.2018737792971925,0.6596000000000001,1610.9891357421875,2688.0,589.7425537109375,16.027499746653127,40.90710192479149,5.811093611007914,1.2222222222222223,125.35421752929688,178.60330200195312,32.72863006591797
2020-05-31,28.0,94.5,Non-Landslide Grid,Non-Landslide Grid,"Grid (28.0, 94.5)",0,0.20082248747348785,4.340426921844482,81.95523834228516,204.21800231933594,332.74127197265625,0.3943481445312535,0.8234,911.5819702148438,1760.0,309.78753662109375,13.328593092786441,33.05167063851376,5.77641490364223,0.25,106.9828872680664,164.1502685546875,33.62059020996094
2021-05-07,26.75,90.25,Non-Landslide Grid,Non-Landslide Grid,"Grid (26.75, 90.25)",0,20.216230392456055,20.216230392456055,45.74336242675781,56.31005859375,168.37747192382812,0.2977790832520922,0.8446,226.75027465820312,1423.0,188.4671173095703,2.261686693135128,33.41106145295647,4.220345125131856,0.1388888888888889,17.947385787963867,96.15144348144531,32.53406524658203
2020-02-22,24.5,93.0,Non-Landslide Grid,Non-Landslide Grid,"Grid (24.5, 93.0)",0,0.0,0.0,0.0,0.2712674140930176,4.376328468322754,0.19409179687497002,0.8229000000000001,199.3169403076172,900.0,190.72097778320312,5.500342727895433,27.18743015094595,5.209598479718961,0.0,44.432010650634766,116.27139282226562,37.216575622558594
2020-07-10,27.25,93.75,Arunachal Pradesh,Papum Pare,Tigdo Landslide,1,50.66398239135742,195.3043212890625,318.4356994628906,472.5036926269531,962.7852172851562,0.48688507080066634,0.9157,814.7469482421875,2218.0,532.883056640625,12.053527878270337,33.23254959940221,7.3377975403262505,0.6944444444444444,96.2323226928711,171.03543090820312,49.406044006347656
2021-04-07,26.5,94.5,Non-Landslide Grid,Non-Landslide Grid,"Grid (26.5, 94.5)",0,0.0,0.0,17.42728614807129,23.27309226989746,37.168785095214844,0.36610412597655917,0.6826,507.0960998535156,1256.0,251.46871948242188,9.002657162179931,29.62424268038666,5.509161266718924,0.0,70.13532257080078,134.08241271972656,35.227352142333984
2024-06-15,25.5,90.5,Meghalaya,Mangrure Landslide,Tura 2 Road Williamnagar SH,1,76.74958801269531,132.9657745361328,170.02198791503906,357.93109130859375,811.3975830078125,0.4961395263671592,0.8628,543.5358276367188,1175.0,224.3740997314453,5.480898761902344,28.045471172004955,4.568385134784606,0.0,43.9293327331543,112.02342224121094,32.36680221557617
2020-07-06,28.5,96.0,Non-Landslide Grid,Non-Landslide Grid,"Grid (28.5, 96.0)",0,9.832149505615234,29.88895034790039,99.55146789550781,433.19927978515625,652.1749267578125,0.4251708984374974,0.3814,2601.69921875,4050.0,882.2161254882812,23.88337742789405,45.482266726172924,8.349455936904501,26.194444444444443,193.0271453857422,274.674072265625,51.70504379272461
2020-07-13,27.75,88.25,Non-Landslide Grid,Non-Landslide Grid,"Grid (27.75, 88.25)",0,13.561835289001465,93.90966033935547,237.76983642578125,375.2848815917969,918.564208984375,0.36810302734374356,0.0394,5411.60888671875,5965.0,825.2498779296875,22.587880344897407,58.60195193055539,12.185762183943721,26.805555555555554,189.22482299804688,384.72686767578125,101.63878631591797
2022-05-29,26.5,90.0,Non-Landslide Grid,Non-Landslide Grid,"Grid (26.5, 90.0)",0,1.0219532251358032,14.183342933654785,43.13350296020508,582.4122314453125,754.5763549804688,0.3735504150391534,0.6098,56.6533317565918,52.0,9.820548057556152,0.14294568489143822,1.6674019570925946,0.12519815859582314,0.0,1.2561147212982178,2.7838821411132812,0.8265275359153748
2020-10-02,23.75,93.0,Mizoram,Aizawl,Rulchawm1,1,22.940153121948242,27.626876831054688,41.136329650878906,86.71804809570312,199.98703002929688,0.4222488403320324,0.8234,846.58056640625,1551.0,295.62164306640625,12.443905721054815,41.06645447367599,5.871977630744481,0.8333333333333334,100.92674255371094,161.78762817382812,35.075111389160156
2025-05-12,26.75,92.75,Non-Landslide Grid,Non-Landslide Grid,"Grid (26.75, 92.75)",0,0.4071083068847656,19.5323486328125,28.38779067993164,57.62366485595703,109.64590454101562,0.43269729614250124,0.5784,78.5072250366211,48.0,8.69530200958252,0.18634304238490484,1.212334917409625,0.14402690851859568,0.0,1.683570384979248,3.571587324142456,0.9807701110839844
2020-05-28,26.0,92.0,Non-Landslide Grid,Non-Landslide Grid,"Grid (26.0, 92.0)",0,0.21179582178592682,39.381221771240234,58.204647064208984,102.58549499511719,132.57156372070312,0.46835327148438444,0.7098,425.2469482421875,849.0,238.75572204589844,4.634511980265262,21.85694252416076,3.5256456496705213,0.0,39.874755859375,84.67662811279297,24.005374908447266
2022-04-29,28.75,95.75,Non-Landslide Grid,Non-Landslide Grid,"Grid (28.75, 95.75)",0,0.0,3.887333631515503,141.9944610595703,216.89459228515625,642.00732421875,0.4270629882812438,0.6402,2329.892333984375,2786.0,595.1620483398438,18.067088109814307,42.4756221836399,8.234818771439365,9.388888888888888,143.6309356689453,242.38714599609375,55.86472702026367
2021-02-21,26.75,92.0,Non-Landslide Grid,Non-Landslide Grid,"Grid (26.75, 92.0)",0,0.0,0.0,0.0,0.0,0.0,0.2542648315430056,0.4285,136.9066619873047,439.0,66.59944915771484,0.697257570514572,10.005710728666225,1.2263725883885819,0.0,5.371273994445801,25.79478645324707,9.173100471496582
2023-08-06,24.25,92.25,Non-Landslide Grid,Non-Landslide Grid,"Grid (24.25, 92.25)",0,3.217047691345215,6.72598934173584,65.82266235351562,215.07797241210938,329.8126525878906,0.41874313354491377,0.7788,82.42166900634766,394.0,35.173553466796875,1.271962195878752,16.83205201693353,1.3873413647789359,0.0,10.692564964294434,26.742700576782227,10.098943710327148
2022-12-25,27.25,92.75,Non-Landslide Grid,Non-Landslide Grid,"Grid (27.25, 92.75)",0,0.0,0.0,0.0,0.0,0.0,0.30570220947264193,0.8611000000000001,1064.0302734375,2489.0,430.59619140625,16.90999999597306,36.56335488201379,6.799202817058838,2.5833333333333335,136.30735778808594,208.24038696289062,40.6927490234375
2021-02-16,27.25,94.75,Non-Landslide Grid,Non-Landslide Grid,"Grid (27.25, 94.75)",0,0.0,0.0,0.0,0.12123364210128784,11.764361381530762,0.2728767395019599,0.4973,98.56222534179688,20.0,3.0542349815368652,0.1346666252805236,0.7194751504933604,0.08796323190569202,0.0,1.2764827013015747,2.345207929611206,0.5854437351226807
2023-08-13,29.25,95.75,Non-Landslide Grid,Non-Landslide Grid,"Grid (29.25, 95.75)",0,53.9700813293457,80.19253540039062,165.13436889648438,277.9068603515625,517.8787841796875,0.4212303161621255,0.6855,3818.18603515625,3133.0,493.99505615234375,21.87629737571281,49.592894125231986,8.9288268498068,18.22222222222222,178.73785400390625,267.9336242675781,49.90768814086914
2023-07-18,26.0,93.0,Non-Landslide Grid,Non-Landslide Grid,"Grid (26.0, 93.0)",0,0.3926127552986145,2.9217007160186768,7.030397415161133,78.64201354980469,130.53843688964844,0.45933532714844066,0.5432,88.65638732910156,107.0,16.097307205200195,0.26858015291477516,3.050915264717338,0.3178048763122556,0.0,2.3403520584106445,7.425881862640381,2.261154890060425
2024-02-08,23.25,91.75,Non-Landslide Grid,Non-Landslide Grid,"Grid (23.25, 91.75)",0,0.0,3.5182015895843506,8.419075012207031,9.333587646484375,9.333587646484375,0.27368927001937765,0.7197,83.91638946533203,225.0,33.92729187011719,1.2443996127615193,8.236260822728928,1.1561737433334793,0.0,10.26632022857666,26.470144271850586,7.961842060089111
2024-11-26,24.75,93.5,Non-Landslide Grid,Non-Landslide Grid,"Grid (24.75, 93.5)",0,0.0,0.0,39.18937301635742,39.18937301635742,40.201210021972656,0.3151473999024116,0.9071,656.288330078125,1534.0,273.30828857421875,13.92695372753795,35.9465555765086,6.308069798004876,0.7777777777777778,110.30641174316406,178.22549438476562,37.871456146240234
2024-04-22,25.75,92.25,Non-Landslide Grid,Non-Landslide Grid,"Grid (25.75, 92.25)",0,0.0,5.11299991607666,14.62192153930664,18.54228973388672,61.83953857421875,0.4554061889648615,0.6449,863.1525268554688,623.0,112.7856674194336,4.351224953933891,20.40236602542277,3.2202939845624936,0.0,36.13096618652344,77.72660827636719,21.264589309692383
2024-06-15,25.5,90.25,Meghalaya,Garo Bolpuchring Landslide,Paikan 3 Road Tura Dalu NH,1,97.52465057373047,188.85842895507812,222.22067260742188,494.72052001953125,1062.780517578125,0.45518493652347247,0.9006000000000001,456.1675109863281,1310.0,324.3319091796875,5.398804127806837,29.770511719549223,5.068353584541543,0.0,43.320011138916016,116.16681671142578,35.4824333190918
2024-07-22,26.25,94.25,Nagaland,Lakhuti Landslide,Near ground Lakhuti football at Village,1,15.362859725952148,29.592866897583008,72.99908447265625,203.19229125976562,524.9288330078125,0.5034561157226689,0.8501000000000001,491.7852783203125,1126.0,202.76712036132812,8.039417040978874,28.470151641754825,5.29589844356717,0.0,62.95243835449219,122.80960845947266,34.49464797973633
2021-08-13,24.25,93.25,Non-Landslide Grid,Non-Landslide Grid,"Grid (24.25, 93.25)",0,5.933705806732178,18.19332504272461,60.49283981323242,192.26467895507812,323.4064636230469,0.4071884155273408,0.9181,710.278076171875,1325.0,266.8094787597656,11.182344988352964,29.70887307272073,5.458826454143679,0.0,89.95402526855469,147.64993286132812,32.08061981201172
2024-08-18,24.75,93.5,Manipur,Awangkhul Landslide,Noney NH-37 District along,1,22.12241554260254,24.022415161132812,27.021656036376953,119.09635925292969,259.46563720703125,0.4274368286133054,0.7951,656.288330078125,1534.0,273.30828857421875,13.92695372753795,35.9465555765086,6.308069798004876,0.7777777777777778,110.30641174316406,178.22549438476562,37.871456146240234
2024-05-27,24.75,94.25,Manipur,Kasom Landslide,Near Kasom Village,1,48.71315383911133,58.7934684753418,64.8323974609375,67.11515808105469,179.17642211914062,0.44713211059555447,0.6113000000000001,1074.4000244140625,1538.0,283.6929016113281,13.63312290726426,27.502933685967555,5.48280181319473,0.0,109.33614349365234,154.9348602294922,28.626388549804688
2024-11-11,28.5,94.75,Non-Landslide Grid,Non-Landslide Grid,"Grid (28.5, 94.75)",0,0.0,0.0,0.0,26.634902954101562,55.225746154785156,0.3496627807616983,0.8534,1363.881103515625,2633.0,561.4523315429688,19.17597595923998,41.66522589810646,7.266148844087295,6.277777777777778,154.1586151123047,223.8252410888672,40.932212829589844
2024-05-27,28.0,94.25,Non-Landslide Grid,Non-Landslide Grid,"Grid (28.0, 94.25)",0,11.112224578857422,11.401642799377441,11.547199249267578,18.759929656982422,94.60568237304688,0.40309143066405284,0.7305,883.6838989257812,2065.0,394.2361145019531,15.215918782081726,40.505770193683304,5.887017587311146,0.638888888888889,118.58853912353516,174.8083953857422,33.75234603881836
2020-07-11,25.75,94.0,Nagaland,Kohima,High School Area,1,4.948030948638916,14.741891860961914,115.2808837890625,168.88406372070312,330.96661376953125,0.4658660888671902,0.9131,1057.0296630859375,2478.0,501.8348388671875,12.132001583102527,38.017046564435354,6.381968560798878,0.9722222222222222,94.8803939819336,172.8865203857422,42.01777267456055
2022-10-06,24.25,93.75,Non-Landslide Grid,Non-Landslide Grid,"Grid (24.25, 93.75)",0,0.0,27.69988250732422,42.82212448120117,77.67465209960938,137.6245880126953,0.48517608642578536,0.8436,994.7269287109375,1043.0,182.2924041748047,7.360570159897605,25.41189288464773,4.916189633151522,0.0,59.225154876708984,113.87767028808594,32.43421936035156
2020-08-30,26.25,93.75,Non-Landslide Grid,Non-Landslide Grid,"Grid (26.25, 93.75)",0,0.6891192197799683,2.6331448554992676,12.24006462097168,94.15357971191406,189.4029541015625,0.46286773681632293,0.8768,298.0380554199219,840.0,201.70179748535156,4.07158518576144,25.144996569127787,4.730847068924656,0.0,32.64014434814453,101.84503936767578,34.02714920043945
2021-10-27,28.0,97.0,Non-Landslide Grid,Non-Landslide Grid,"Grid (28.0, 97.0)",0,0.0,1.1910743713378906,45.7546272277832,52.32933807373047,66.22520446777344,0.34674072265619454,0.8626,2783.501220703125,3574.0,869.3119506835938,25.84699027623324,50.09329561578092,8.839593051374832,36.083333333333336,212.98886108398438,298.797607421875,53.17280960083008
2025-11-06,24.25,93.75,Non-Landslide Grid,Non-Landslide Grid,"Grid (24.25, 93.75)",0,5.739635944366455,13.549809455871582,16.53023338317871,16.53023338317871,39.54425811767578,0.46617507934568925,0.8515,994.7269287109375,1043.0,182.2924041748047,7.360570159897605,25.41189288464773,4.916189633151522,0.0,59.225154876708984,113.87767028808594,32.43421936035156
2022-04-12,25.75,90.75,Non-Landslide Grid,Non-Landslide Grid,"Grid (25.75, 90.75)",0,1.7411240339279175,32.96250534057617,77.95549774169922,328.1412658691406,390.098388671875,0.47382736206052734,0.5875,343.042236328125,612.0,114.87918090820312,4.266481429972291,18.878320236794654,3.253566480746816,0.0,35.23768997192383,73.53412628173828,21.00526237487793
2024-11-01,26.0,90.25,Non-Landslide Grid,Non-Landslide Grid,"Grid (26.0, 90.25)",0,5.782392978668213,11.88201904296875,12.345743179321289,24.417993545532227,164.86253356933594,0.3591995239257286,0.7028,50.90361022949219,310.0,41.2567024230957,0.7424694772682515,13.43728086740383,1.4107051372004447,0.0,6.2733612060546875,31.28388023376465,10.727988243103027
2022-04-09,25.75,93.0,Non-Landslide Grid,Non-Landslide Grid,"Grid (25.75, 93.0)",0,0.0,0.0,1.1961621046066284,1.9930905103683472,2.3052163124084473,0.37107086181635673,0.6296,152.81971740722656,298.0,59.06819152832031,1.7275602753606332,10.624935907251787,1.5943327614363987,0.0,14.700528144836426,38.704246520996094,12.037955284118652
2025-07-05,24.0,94.0,Non-Landslide Grid,Non-Landslide Grid,"Grid (24.0, 94.0)",0,16.271034240722656,24.44758415222168,39.3791618347168,109.4533462524414,162.32958984375,0.4298706054688458,0.9013,1112.3905029296875,1970.0,384.6387023925781,13.368118460135134,30.430661338561226,5.088212487763951,0.027777777777777776,107.17179870605469,151.6919403076172,26.42008399963379
2020-06-05,23.75,92.75,Mizoram,Aizawl,Maubawk_1,1,13.43912124633789,24.503803253173828,51.8940315246582,173.9395294189453,206.27139282226562,0.35477066040039373,0.8256,558.530029296875,1301.0,251.22454833984375,11.561747209331001,33.20981307339313,5.7138444190846345,0.25,94.32711791992188,152.0427703857422,34.32426834106445
2025-02-04,24.25,92.25,Non-Landslide Grid,Non-Landslide Grid,"Grid (24.25, 92.25)",0,0.0,0.0,0.0,0.0,0.0,0.1710891723633057,0.6676000000000001,82.42166900634766,394.0,35.173553466796875,1.271962195878752,16.83205201693353,1.3873413647789359,0.0,10.692564964294434,26.742700576782227,10.098943710327148
2020-03-14,24.25,92.5,Non-Landslide Grid,Non-Landslide Grid,"Grid (24.25, 92.5)",0,0.0,0.0,1.441880226135254,5.411393165588379,7.632697105407715,0.16495513916011242,0.6319,133.27944946289062,525.0,98.21791076660156,3.9419843846183813,20.36428950917837,3.955636841696392,0.0,31.272674560546875,87.31401062011719,26.571542739868164
2025-05-09,23.75,92.75,Non-Landslide Grid,Non-Landslide Grid,"Grid (23.75, 92.75)",0,0.0,7.4082536697387695,50.04460144042969,78.68929290771484,136.9213409423828,0.29106140136720937,0.8194,558.530029296875,1301.0,251.22454833984375,11.561747209331001,33.20981307339313,5.7138444190846345,0.25,94.32711791992188,152.0427703857422,34.32426834106445
2022-04-10,25.0,92.5,Assam,Cachar,"Malidor_meghalaya_4 Malidor, Meghalaya near bridge",1,5.4661335945129395,5.4661335945129395,26.501270294189453,86.05489349365234,194.15150451660156,0.421936035156217,0.6105,204.9633331298828,1224.0,275.96075439453125,5.487831143215172,34.94692623136583,7.116754878189429,0.4166666666666667,44.536964416503906,142.9350128173828,54.15533447265625
2025-05-10,24.75,94.0,Non-Landslide Grid,Non-Landslide Grid,"Grid (24.75, 94.0)",0,1.1621038913726807,1.415341854095459,2.97529673576355,25.738662719726562,84.24433898925781,0.3190841674805339,0.4977,825.2747192382812,715.0,86.79336547851562,2.826579707596773,24.518171520500573,3.987665973213985,0.0,23.277711868286133,84.06521606445312,29.67618179321289
2022-05-15,25.25,93.0,Assam,Dima Hasao,"L11 Near Kendri Vidyalaya, Halflong",1,13.70791244506836,171.51666259765625,325.0523681640625,348.9837951660156,558.1865234375,0.47109222412107926,0.7867000000000001,581.3922119140625,1271.0,220.6673126220703,7.95753565762605,30.952647139700577,4.65836575833331,0.027777777777777776,63.11333465576172,118.19319915771484,29.522968292236328
2021-08-25,26.5,93.0,Assam,Nagaon,Kaliabor,1,9.177813529968262,19.477977752685547,24.893667221069336,73.58116912841797,187.52804565429688,0.45744323730479736,0.8309000000000001,168.4308319091797,661.0,166.31455993652344,2.8684557130330925,24.76766018774044,4.400372428445073,0.0,23.470603942871094,100.2459487915039,32.69191360473633
2024-04-04,27.5,96.75,Non-Landslide Grid,Non-Landslide Grid,"Grid (27.5, 96.75)",0,3.864773988723755,68.20601654052734,120.78606414794922,192.20864868164062,221.40061950683594,0.43315887451157387,0.8131,1938.3419189453125,3588.0,732.3218383789062,18.574454041287918,42.28004281447862,7.4467143033884495,6.583333333333333,146.9677734375,225.32040405273438,47.92154312133789
2024-05-29,26.25,91.75,Assam,Krishna,Nagar Landslide Lal Ganesh Area,1,30.423337936401367,94.91034698486328,96.36766052246094,106.8711929321289,132.895263671875,0.4774093627929956,0.7369,67.3949966430664,295.0,37.075172424316406,1.4509254283381814,16.29219827144022,2.417741974738188,0.0,12.47722339630127,53.43284225463867,18.373598098754883
2022-07-08,28.75,95.25,Non-Landslide Grid,Non-Landslide Grid,"Grid (28.75, 95.25)",0,26.439313888549805,52.93406677246094,152.792724609375,371.02227783203125,547.0927124023438,0.4211845397949072,0.8510000000000001,2736.5224609375,3024.0,680.1970825195312,21.292541129227764,46.450576090691925,7.699032234102267,12.694444444444445,169.8072052001953,251.97125244140625,46.55298614501953
2024-10-13,25.5,90.5,Non-Landslide Grid,Non-Landslide Grid,"Grid (25.5, 90.5)",0,0.28074511885643005,3.91750431060791,10.21448802947998,396.716064453125,590.6867065429688,0.43847656250002537,0.9157,543.5358276367188,1175.0,224.3740997314453,5.480898761902344,28.045471172004955,4.568385134784606,0.0,43.9293327331543,112.02342224121094,32.36680221557617
2022-11-16,28.0,94.5,Non-Landslide Grid,Non-Landslide Grid,"Grid (28.0, 94.5)",0,0.0,0.0,1.4794421195983887,1.9976376295089722,116.25758361816406,0.2966766357421853,0.8635,911.5819702148438,1760.0,309.78753662109375,13.328593092786441,33.05167063851376,5.77641490364223,0.25,106.9828872680664,164.1502685546875,33.62059020996094
2022-10-24,28.0,96.0,Non-Landslide Grid,Non-Landslide Grid,"Grid (28.0, 96.0)",0,0.0,0.0,17.510696411132812,117.97697448730469,171.88258361816406,0.4336853027341144,0.9001,391.51806640625,1954.0,339.81634521484375,4.393053346582743,34.44358316238441,7.031902439364601,0.25,33.459617614746094,157.1775360107422,52.24351501464844
2021-07-08,26.25,89.75,Non-Landslide Grid,Non-Landslide Grid,"Grid (26.25, 89.75)",0,20.297706604003906,38.59173583984375,172.26290893554688,551.2151489257812,721.5214233398438,0.41722869873046015,0.6011000000000001,35.02750015258789,27.0,3.171674966812134,0.12091396660067759,1.3983699101035267,0.0958937748490908,0.0,1.1745604276657104,2.1794495582580566,0.6618771553039551
2022-12-21,24.0,92.25,Non-Landslide Grid,Non-Landslide Grid,"Grid (24.0, 92.25)",0,0.0,0.0,0.0,0.0,0.6193221807479858,0.20505523681639287,0.8467,179.16360473632812,730.0,141.9304656982422,4.1304345365304584,21.81166598581612,4.911130345915189,0.0,32.45446014404297,108.56443786621094,33.974525451660156
2025-11-16,28.0,94.75,Non-Landslide Grid,Non-Landslide Grid,"Grid (28.0, 94.75)",0,0.0,0.0,0.0,13.490126609802246,40.629638671875,0.30120086669919416,0.9038,868.9953002929688,1410.0,281.4892883300781,11.962375729382549,31.314883041830033,5.951567221273456,0.08333333333333334,95.5738525390625,158.34274291992188,36.94168472290039
2023-12-24,24.25,93.0,Non-Landslide Grid,Non-Landslide Grid,"Grid (24.25, 93.0)",0,0.0,0.0,0.0,1.4913856983184814,27.749897003173828,0.3323059082030993,0.8874000000000001,422.1736145019531,1251.0,231.21096801757812,10.7432791899611,34.451684288921626,5.380399914738746,0.1388888888888889,86.97298431396484,138.01837158203125,30.29278564453125
2021-05-19,27.25,92.75,Non-Landslide Grid,Non-Landslide Grid,"Grid (27.25, 92.75)",0,18.078330993652344,32.573646545410156,141.3551483154297,215.42105102539062,246.10226440429688,0.4297027587890625,0.7789,1064.0302734375,2489.0,430.59619140625,16.90999999597306,36.56335488201379,6.799202817058838,2.5833333333333335,136.30735778808594,208.24038696289062,40.6927490234375
2020-06-05,24.75,93.0,Assam,Cachar,SDMA/AS/2020/Govindanagar Slide,1,36.45102310180664,60.17274475097656,228.2272186279297,360.01702880859375,393.90631103515625,0.4124221801757886,0.7334,62.61916732788086,690.0,84.31732177734375,1.6367193980536439,30.097787496872282,3.1067266734390007,0.05555555555555555,13.475712776184082,55.42180252075195,22.83565330505371
2024-07-06,25.75,91.75,Meghalaya,Umran Landslide,"GS Road, Villahge, Umran Ri Bhoi",1,8.01817798614502,32.174652099609375,318.0400085449219,488.7133483886719,730.9938354492188,0.42943954467773915,0.8942,806.6327514648438,1218.0,244.60678100585938,4.8513282190506875,23.125668861377935,3.9623545317341726,0.0,39.709774017333984,96.14913940429688,26.952320098876953
2025-07-21,25.0,93.5,Non-Landslide Grid,Non-Landslide Grid,"Grid (25.0, 93.5)",0,2.7569186687469482,23.045747756958008,32.933441162109375,99.40003204345703,232.41934204101562,0.40283203125000894,0.8003,752.8841552734375,1640.0,374.96832275390625,13.41413890352393,40.09010912252311,6.554713269349096,1.7777777777777777,104.00732421875,182.24261474609375,41.744476318359375
2023-03-29,23.75,91.75,Non-Landslide Grid,Non-Landslide Grid,"Grid (23.75, 91.75)",0,15.96840763092041,20.848188400268555,28.02759552001953,57.722564697265625,57.722564697265625,0.29177474975594386,0.6168,123.81305694580078,262.0,43.23754119873047,1.5564138210253045,12.083930312074296,1.4237959496706716,0.0,13.421937942504883,38.834102630615234,10.836121559143066
2022-11-07,27.75,92.0,Non-Landslide Grid,Non-Landslide Grid,"Grid (27.75, 92.0)",0,0.0,0.0,0.0,136.75392150878906,172.52919006347656,0.40222930908203824,0.4559,4297.740234375,3118.0,569.5491333007812,17.14904053708627,53.35791702363412,8.924339215195232,8.583333333333334,138.8452911376953,248.68756103515625,63.69837188720703
2022-04-13,25.25,92.5,Meghalaya,Jaintia Hills,Byndihati-Umtyra_5 Between Byndihati and Umtyra,1,4.2119927406311035,15.343467712402344,20.91499900817871,66.46891784667969,231.5885467529297,0.4930801391601514,0.7032,819.6777954101562,1530.0,334.9479675292969,8.272812286185768,39.33030515212594,6.5070393989689945,1.0555555555555556,65.47273254394531,169.72897338867188,46.98260498046875
2023-04-16,26.0,91.25,Non-Landslide Grid,Non-Landslide Grid,"Grid (26.0, 91.25)",0,0.0,0.0,0.0,36.001407623291016,118.6898422241211,0.2593612670898715,0.4553,82.09278106689453,442.0,69.08829498291016,2.00048753778281,20.82804439509215,3.2811977086259057,0.0,17.104074478149414,69.61766052246094,24.65224266052246
2025-08-15,26.25,92.25,Non-Landslide Grid,Non-Landslide Grid,"Grid (26.25, 92.25)",0,1.3095407485961914,41.12446594238281,76.06948852539062,140.177978515625,219.08035278320312,0.4683647155761822,0.6769000000000001,59.86111068725586,207.0,13.151198387145996,0.35479978572270676,11.394239433231547,0.9882699964642461,0.0,3.147531747817993,12.287154197692871,7.643882751464844
2024-07-04,25.25,94.0,Manipur,Kangpokpi Landslide,Between and Yaikongpao village Daili village,1,19.751510620117188,79.75857543945312,170.02047729492188,230.2744598388672,270.01055908203125,0.42130279541014704,0.7646000000000001,1435.4375,1921.0,378.2546081542969,12.086842826308223,43.383133090803064,5.811415353223593,0.6944444444444444,94.75314331054688,156.38818359375,36.18202209472656
2024-11-19,27.5,95.0,Non-Landslide Grid,Non-Landslide Grid,"Grid (27.5, 95.0)",0,0.0,0.0,0.0,0.0,23.935922622680664,0.3227386474609365,0.8101,109.14749908447266,23.0,3.3267719745635986,0.14014115393837162,1.6076592164087455,0.12061702813070416,0.0,1.3319610357284546,2.5495097637176514,0.8533905148506165
2020-12-25,26.5,92.0,Non-Landslide Grid,Non-Landslide Grid,"Grid (26.5, 92.0)",0,0.0,0.0,0.0,0.0,0.0,0.2897338867187333,0.4325,64.29166412353516,31.0,6.50392484664917,0.1507893828492463,0.648211383490199,0.09358823710904016,0.0,1.4568734169006348,2.598076105117798,0.6090912818908691
2020-02-23,25.75,92.75,Non-Landslide Grid,Non-Landslide Grid,"Grid (25.75, 92.75)",0,0.0,0.0,0.0,0.0,0.0,0.4732131958007004,0.7133,300.461669921875,705.0,183.7952117919922,3.048803559917997,16.157152691267846,2.574562197381793,0.0,25.4659423828125,62.73475646972656,19.108924865722656
2022-06-25,26.25,89.75,Non-Landslide Grid,Non-Landslide Grid,"Grid (26.25, 89.75)",0,1.3559613227844238,1.5156407356262207,110.88671875,1077.69921875,1223.5574951171875,0.3889884948730485,0.5369,35.02750015258789,27.0,3.171674966812134,0.12091396660067759,1.3983699101035267,0.0958937748490908,0.0,1.1745604276657104,2.1794495582580566,0.6618771553039551
2020-12-21,27.75,96.0,Non-Landslide Grid,Non-Landslide Grid,"Grid (27.75, 96.0)",0,0.0,0.0,0.0,0.0,4.363856315612793,0.3546524047852135,0.8978,200.50083923339844,408.0,71.52455139160156,0.8900150931918519,5.634020640191341,1.058786573294691,0.0,6.807943820953369,23.394710540771484,7.5052642822265625
2024-07-29,27.5,88.75,Non-Landslide Grid,Non-Landslide Grid,"Grid (27.5, 88.75)",0,17.036792755126953,58.32173538208008,131.0279541015625,327.8421630859375,582.3734741210938,0.4277038574218741,0.6381,3655.463623046875,3785.0,916.703857421875,20.971574388527277,46.42993270893594,8.447305502800985,15.611111111111112,171.92767333984375,259.5278625488281,51.53205490112305
2025-03-18,27.75,92.0,Non-Landslide Grid,Non-Landslide Grid,"Grid (27.75, 92.0)",0,0.9567492604255676,15.93642520904541,39.595848083496094,48.56056594848633,60.41999435424805,0.3258590698240831,0.1644,4297.740234375,3118.0,569.5491333007812,17.14904053708627,53.35791702363412,8.924339215195232,8.583333333333334,138.8452911376953,248.68756103515625,63.69837188720703
2024-06-15,25.5,90.5,Meghalaya,Simsang Landslide,Tura 3 Road Williamnagar SH,1,76.74958801269531,132.9657745361328,170.02198791503906,357.93109130859375,811.3975830078125,0.4961395263671592,0.8628,543.5358276367188,1175.0,224.3740997314453,5.480898761902344,28.045471172004955,4.568385134784606,0.0,43.9293327331543,112.02342224121094,32.36680221557617
2022-10-22,24.75,93.0,Non-Landslide Grid,Non-Landslide Grid,"Grid (24.75, 93.0)",0,0.0,0.0,0.9141679406166077,31.569425582885742,76.21875,0.3418273925781184,0.5571,62.61916732788086,690.0,84.31732177734375,1.6367193980536439,30.097787496872282,3.1067266734390007,0.05555555555555555,13.475712776184082,55.42180252075195,22.83565330505371
2023-09-23,23.25,93.25,Non-Landslide Grid,Non-Landslide Grid,"Grid (23.25, 93.25)",0,1.4898027181625366,13.912524223327637,69.39008331298828,148.54495239257812,339.41497802734375,0.3919868469238301,0.8121,1046.5596923828125,1393.0,273.9651794433594,12.221360231224697,34.165413161651,5.353317707704028,0.1111111111111111,97.85552215576172,150.60208129882812,28.638294219970703
2020-05-16,25.5,94.5,Non-Landslide Grid,Non-Landslide Grid,"Grid (25.5, 94.5)",0,4.547763347625732,6.881803512573242,7.6230340003967285,39.03363037109375,155.4219970703125,0.4444580078122683,0.7142000000000001,1214.94775390625,1524.0,263.10931396484375,13.416159594748445,31.77914876142218,5.575241901226998,0.2222222222222222,104.84436798095703,152.53733825683594,28.473220825195312
2021-10-07,26.75,95.25,Non-Landslide Grid,Non-Landslide Grid,"Grid (26.75, 95.25)",0,0.0,3.2920422554016113,16.225849151611328,62.9820442199707,107.48855590820312,0.4011878967285921,0.9022,999.165283203125,1860.0,331.3018493652344,12.495146441185769,32.320531578977665,5.451192168709597,0.05555555555555555,96.74822998046875,147.27569580078125,30.187822341918945
2022-10-11,28.0,96.0,Non-Landslide Grid,Non-Landslide Grid,"Grid (28.0, 96.0)",0,40.843605041503906,69.0982894897461,106.02045440673828,107.3451919555664,228.40325927734375,0.4854278564451106,0.9001,391.51806640625,1954.0,339.81634521484375,4.393053346582743,34.44358316238441,7.031902439364601,0.25,33.459617614746094,157.1775360107422,52.24351501464844
2024-07-02,23.75,92.75,Mizoram,Aizawl Durtlang Landslide,Durtlang Road,1,68.70724487304688,111.08206176757812,141.04322814941406,288.2622375488281,409.1598205566406,0.4286308288574242,0.8360000000000001,558.530029296875,1301.0,251.22454833984375,11.561747209331001,33.20981307339313,5.7138444190846345,0.25,94.32711791992188,152.0427703857422,34.32426834106445
2025-03-02,28.5,94.5,Non-Landslide Grid,Non-Landslide Grid,"Grid (28.5, 94.5)",0,4.591792583465576,5.167530536651611,42.49860382080078,66.40790557861328,122.40460205078125,0.42216491699220127,0.7869,1978.379150390625,3601.0,703.2435913085938,21.6545655778802,47.30829583288325,7.47810168845436,12.88888888888889,170.44126892089844,247.89407348632812,43.76173400878906
2024-08-16,22.5,92.75,Non-Landslide Grid,Non-Landslide Grid,"Grid (22.5, 92.75)",0,48.751834869384766,82.83525085449219,97.74229431152344,185.663818359375,308.1376037597656,0.4299774169921872,0.8828,417.3094482421875,1056.0,222.3340301513672,9.051629002092756,29.277202621801816,5.429355172156811,0.0,73.64885711669922,131.6678924560547,34.930362701416016
2022-03-08,25.75,94.5,Non-Landslide Grid,Non-Landslide Grid,"Grid (25.75, 94.5)",0,0.0,0.0,0.0,7.641885280609131,13.463020324707031,0.3683013916014673,0.7366,1396.2308349609375,2013.0,408.9830322265625,16.617851510009896,35.81275418340396,6.12449676554779,0.4166666666666667,128.43576049804688,179.00991821289062,30.28059196472168
2020-05-26,25.5,92.25,Meghalaya,Jaintia Hills,Chutwakhu road landslide,1,18.67279624938965,66.86375427246094,99.851318359375,112.08378601074219,156.1591033935547,0.4872512817381497,0.6744,1260.42578125,597.0,102.87409210205078,2.808655381871295,17.212804623042103,2.215269176666288,0.0,23.935148239135742,55.71966552734375,15.806341171264648
2025-07-11,27.75,88.5,Non-Landslide Grid,Non-Landslide Grid,"Grid (27.75, 88.5)",0,2.170494556427002,30.641427993774414,51.88836669921875,111.53303527832031,204.82736206054688,0.4269332885742191,0.7170000000000001,4100.16064453125,3807.0,734.4197387695312,22.412003436090288,53.38754478648244,8.808319435315765,20.61111111111111,181.06277465820312,281.6011657714844,58.148677825927734
2025-01-23,28.75,95.75,Non-Landslide Grid,Non-Landslide Grid,"Grid (28.75, 95.75)",0,0.0,0.0,0.0,0.172335684299469,20.194061279296875,0.42599868774412986,0.7837000000000001,2329.892333984375,2786.0,595.1620483398438,18.067088109814307,42.4756221836399,8.234818771439365,9.388888888888888,143.6309356689453,242.38714599609375,55.86472702026367
2024-06-28,27.25,88.5,Sikkim,Lingding Landslide,LingdingSichey Road,1,48.38629150390625,89.89253234863281,159.0439453125,435.9410095214844,884.4360961914062,0.41514587402343084,0.8236,1310.343017578125,2905.0,563.8278198242188,19.43016042352437,44.443769020233006,6.897398642525547,5.361111111111111,150.6671905517578,223.98939514160156,42.2029914855957
2022-05-08,24.75,93.25,Non-Landslide Grid,Non-Landslide Grid,"Grid (24.75, 93.25)",0,0.0,2.315716505050659,58.48687744140625,72.19224548339844,213.80203247070312,0.3418807983398287,0.7535000000000001,391.63970947265625,1431.0,303.173828125,9.487265584750292,34.49709226203304,6.790725772983349,0.3611111111111111,75.60086822509766,152.48123168945312,46.09552001953125
2024-01-31,26.0,92.25,Non-Landslide Grid,Non-Landslide Grid,"Grid (26.0, 92.25)",0,0.0,0.0,0.0,0.0,0.0,0.35427856445313105,0.8149000000000001,444.04998779296875,878.0,243.05821228027344,4.672791572706214,23.736006908873335,3.685238962316607,0.0,38.178592681884766,85.69979858398438,24.606050491333008
2021-07-06,24.5,92.25,Non-Landslide Grid,Non-Landslide Grid,"Grid (24.5, 92.25)",0,0.0,4.504117965698242,68.19406127929688,124.71562194824219,280.53363037109375,0.3826065063477101,0.8269000000000001,42.72222137451172,158.0,20.185434341430664,0.767792053854936,8.466332771113331,0.8235771111410504,0.0,6.467982769012451,17.136947631835938,6.131628513336182
2024-10-23,25.5,91.25,Non-Landslide Grid,Non-Landslide Grid,"Grid (25.5, 91.25)",0,0.16295190155506134,0.16295190155506134,6.789488315582275,15.99110221862793,484.79180908203125,0.4967422485351569,0.8481000000000001,1314.7471923828125,1195.0,194.55389404296875,3.6992724359140388,23.36189833434982,3.001264442394166,0.0,31.342395782470703,79.38065338134766,22.051706314086914
2023-05-22,25.5,92.25,Non-Landslide Grid,Non-Landslide Grid,"Grid (25.5, 92.25)",0,0.5070819854736328,3.831087589263916,21.615026473999023,30.90983772277832,89.14604949951172,0.46559906005861773,0.6007,1260.42578125,597.0,102.87409210205078,2.808655381871295,17.212804623042103,2.215269176666288,0.0,23.935148239135742,55.71966552734375,15.806341171264648
2021-07-18,27.25,95.75,Non-Landslide Grid,Non-Landslide Grid,"Grid (27.25, 95.75)",0,0.0,15.61912727355957,27.499982833862305,85.58625030517578,338.9285888671875,0.48137664794926316,0.918,402.3658447265625,1416.0,295.2882995605469,7.01128463465975,28.806016082308474,6.958265903993761,0.0,55.06111145019531,146.06954956054688,49.84526443481445
2023-02-21,28.25,93.75,Non-Landslide Grid,Non-Landslide Grid,"Grid (28.25, 93.75)",0,1.5008985996246338,1.692057490348816,1.692057490348816,24.817039489746094,24.977693557739258,0.4085121154785214,0.6945,2163.187744140625,3233.0,651.02685546875,21.59219516730122,43.9618607568965,7.902084776124613,14.63888888888889,170.12351989746094,251.8534393310547,47.64670944213867
2025-01-18,26.25,94.5,Non-Landslide Grid,Non-Landslide Grid,"Grid (26.25, 94.5)",0,0.0,0.0,0.0,16.536396026611328,16.536396026611328,0.3186035156249923,0.8013,989.822509765625,1674.0,315.20281982421875,10.74273685959458,30.503507972756235,4.9305374882720026,0.027777777777777776,83.37834930419922,135.6664276123047,28.81993293762207
2020-11-20,28.25,94.25,Non-Landslide Grid,Non-Landslide Grid,"Grid (28.25, 94.25)",0,1.9907828569412231,12.718398094177246,12.718398094177246,15.533202171325684,65.60493469238281,0.38670349121091924,0.8814000000000001,1888.3660888671875,3573.0,785.7053833007812,19.692724875259685,42.70369433344942,6.757839891531304,5.305555555555555,155.3228302001953,222.8927459716797,38.04297637939453
2024-05-27,27.5,94.25,Assam,Subansiri,Landslide NHPC Lower Subansiri Hydroelectricity Project in Gogamukh,1,23.130542755126953,23.847618103027344,24.07965087890625,97.63887023925781,229.33016967773438,0.39942169189450194,0.5397000000000001,303.2066650390625,2091.0,285.65545654296875,6.221316673598025,42.203397172712286,7.66932678313445,0.5833333333333334,50.407501220703125,155.6992950439453,58.014652252197266
2023-08-08,26.5,93.0,Non-Landslide Grid,Non-Landslide Grid,"Grid (26.5, 93.0)",0,24.31279945373535,32.857994079589844,73.94127655029297,146.0655059814453,210.122314453125,0.46054077148436656,0.798,168.4308319091797,661.0,166.31455993652344,2.8684557130330925,24.76766018774044,4.400372428445073,0.0,23.470603942871094,100.2459487915039,32.69191360473633
2020-03-15,27.0,93.5,Non-Landslide Grid,Non-Landslide Grid,"Grid (27.0, 93.5)",0,0.0,0.0,3.727692127227783,19.357467651367188,58.28539276123047,0.30082702636723746,0.8001,355.9505615234375,1665.0,296.9815979003906,5.933726472852088,32.66514584979479,6.165044312996405,0.1111111111111111,49.377342224121094,140.6566925048828,47.237037658691406
2025-05-02,26.5,91.5,Non-Landslide Grid,Non-Landslide Grid,"Grid (26.5, 91.5)",0,1.5597831010818481,3.3873915672302246,34.2053108215332,170.85105895996094,197.55494689941406,0.3587951660156978,0.6055,58.20722198486328,31.0,5.861110210418701,0.16184284562780812,0.5733588488786087,0.09238441754661911,0.0,1.5697052478790283,2.7613401412963867,0.6246815323829651
2024-06-30,28.0,93.5,Arunachal Pradesh,KurungKu mey,Rengchi Landslide Rengchi area in Kurung,1,36.426902770996094,66.66761016845703,100.00281524658203,159.9298858642578,234.88995361328125,0.42906188964843767,0.811,1484.33642578125,2599.0,493.2527160644531,19.551023521149574,43.518193096968105,7.1927422143998125,7.638888888888889,155.8037567138672,234.24903869628906,41.94073486328125
2020-08-10,25.0,93.0,Non-Landslide Grid,Non-Landslide Grid,"Grid (25.0, 93.0)",0,4.943713665008545,30.906436920166016,41.661163330078125,138.58067321777344,417.501708984375,0.40068054199218345,0.8945000000000001,384.5722351074219,1608.0,385.2471923828125,8.070900757120183,30.662939686285355,7.316109477494315,0.027777777777777776,64.66639709472656,154.00979614257812,53.41328811645508
2021-03-04,27.5,88.75,Non-Landslide Grid,Non-Landslide Grid,"Grid (27.5, 88.75)",0,0.0,14.302995681762695,75.40125274658203,75.40125274658203,82.26517486572266,0.40454101562498,0.2227,3655.463623046875,3785.0,916.703857421875,20.971574388527277,46.42993270893594,8.447305502800985,15.611111111111112,171.92767333984375,259.5278625488281,51.53205490112305
2022-08-27,23.5,91.75,Non-Landslide Grid,Non-Landslide Grid,"Grid (23.5, 91.75)",0,10.782917022705078,12.745439529418945,64.70143127441406,127.89106750488281,271.1421813964844,0.42033386230468955,0.8308000000000001,97.3919448852539,319.0,43.598297119140625,1.3999958346849113,14.119482577744533,1.6445455420576163,0.0,11.92961597442627,40.302757263183594,12.326164245605469
2025-08-19,25.25,90.75,Non-Landslide Grid,Non-Landslide Grid,"Grid (25.25, 90.75)",0,25.221141815185547,66.68675231933594,115.02619934082031,473.8215026855469,1105.1358642578125,0.48060607910155717,0.861,220.2130584716797,990.0,198.9566192626953,5.50720102468387,27.625152906350095,4.717735264599902,0.0,45.642330169677734,112.03004455566406,33.80620574951172
2021-08-26,28.5,96.0,Non-Landslide Grid,Non-Landslide Grid,"Grid (28.5, 96.0)",0,28.86260414123535,66.8100357055664,160.7115478515625,327.3224182128906,432.2051086425781,0.42919921874999983,0.2961,2601.69921875,4050.0,882.2161254882812,23.88337742789405,45.482266726172924,8.349455936904501,26.194444444444443,193.0271453857422,274.674072265625,51.70504379272461
2023-07-19,27.75,95.5,Non-Landslide Grid,Non-Landslide Grid,"Grid (27.75, 95.5)",0,0.0,16.10546875,108.41150665283203,241.1410369873047,455.5343322753906,0.4176025390624038,0.2281,126.17500305175781,31.0,4.081249237060547,0.16567559269147536,0.8915546488116844,0.13081076804310063,0.0,1.4987152814865112,3.2015621662139893,0.8597065806388855
2022-03-22,24.25,92.75,Non-Landslide Grid,Non-Landslide Grid,"Grid (24.25, 92.75)",0,0.0,0.0,0.0,0.0,4.753525733947754,0.12946319580078758,0.5675,251.05860900878906,821.0,166.82513427734375,6.891413606248748,23.3031321838253,5.0838525551102505,0.0,55.972328186035156,116.29582214355469,32.777156829833984
2024-06-15,25.5,90.25,Meghalaya,Garo Rongkon Landslide,Near Poultry Rongkon Farm,1,97.52465057373047,188.85842895507812,222.22067260742188,494.72052001953125,1062.780517578125,0.45518493652347247,0.9006000000000001,456.1675109863281,1310.0,324.3319091796875,5.398804127806837,29.770511719549223,5.068353584541543,0.0,43.320011138916016,116.16681671142578,35.4824333190918
2025-09-06,27.25,96.0,Non-Landslide Grid,Non-Landslide Grid,"Grid (27.25, 96.0)",0,0.6344164609909058,13.538691520690918,28.48261833190918,73.96981811523438,233.2567596435547,0.4889602661132439,0.9159,630.7230834960938,1881.0,400.9184265136719,8.979290868713843,30.2655513053063,6.4156578390951085,0.027777777777777776,69.11734008789062,144.3175811767578,43.464378356933594
2025-08-26,24.25,92.5,Non-Landslide Grid,Non-Landslide Grid,"Grid (24.25, 92.5)",0,33.08538055419922,57.66660690307617,139.91989135742188,198.77291870117188,366.35272216796875,0.38879394531252137,0.7652,133.27944946289062,525.0,98.21791076660156,3.9419843846183813,20.36428950917837,3.955636841696392,0.0,31.272674560546875,87.31401062011719,26.571542739868164
2024-05-12,27.25,95.0,Non-Landslide Grid,Non-Landslide Grid,"Grid (27.25, 95.0)",0,0.0,2.3848037719726562,25.055835723876953,159.5907745361328,270.3395690917969,0.42325592041009047,0.5794,107.17361450195312,22.0,3.198284864425659,0.14811800158896898,1.2012776803268783,0.10636012214405419,0.0,1.4256782531738281,2.716840982437134,0.7237850427627563
2021-01-26,28.5,94.5,Non-Landslide Grid,Non-Landslide Grid,"Grid (28.5, 94.5)",0,0.0,0.13936905562877655,16.094772338867188,22.598989486694336,22.598989486694336,0.3982849121093724,0.8504,1978.379150390625,3601.0,703.2435913085938,21.6545655778802,47.30829583288325,7.47810168845436,12.88888888888889,170.44126892089844,247.89407348632812,43.76173400878906
2021-05-03,25.25,90.25,Non-Landslide Grid,Non-Landslide Grid,"Grid (25.25, 90.25)",0,79.1327896118164,93.41079711914062,94.6138916015625,99.38377380371094,268.6008605957031,0.44094848632821376,0.7581,73.40249633789062,225.0,46.14529037475586,1.6844911888991303,8.95405354971055,1.6341408856870685,0.0,14.641450881958008,38.95814895629883,12.443431854248047
2025-04-20,28.0,95.75,Non-Landslide Grid,Non-Landslide Grid,"Grid (28.0, 95.75)",0,0.8597736358642578,0.8597736358642578,4.247799873352051,11.115791320800781,37.209938049316406,0.3605575561524462,0.6715,171.66221618652344,722.0,49.30070114135742,0.4719888783910699,17.954853852767833,1.0716985973237028,0.0,3.549304723739624,7.690090179443359,7.308851718902588
2022-04-19,26.75,94.5,Non-Landslide Grid,Non-Landslide Grid,"Grid (26.75, 94.5)",0,2.2297651767730713,20.376087188720703,88.49758911132812,157.89889526367188,203.05067443847656,0.4972534179687215,0.7185,152.64083862304688,816.0,111.94622802734375,1.8494915913344705,25.33835269579095,3.853828538313039,0.0,14.316750526428223,88.5917739868164,27.788942337036133
2021-12-15,27.25,88.75,Non-Landslide Grid,Non-Landslide Grid,"Grid (27.25, 88.75)",0,0.0,0.0,0.0,0.0,9.787714004516602,0.3021430969237943,0.812,2281.115234375,3875.0,931.9912719726562,19.22510805217614,39.47537466975562,6.940427131364258,5.138888888888888,149.77212524414062,222.42568969726562,41.1932373046875
2022-03-13,28.75,94.0,Non-Landslide Grid,Non-Landslide Grid,"Grid (28.75, 94.0)",0,0.0,0.0,0.0,30.60120391845703,79.34134674072266,0.3851852416993069,-0.0188,3577.3251953125,2976.0,665.001953125,19.414225352620836,43.62889412441403,7.739202902579202,9.25,154.01666259765625,233.36834716796875,45.09198760986328
2025-02-26,25.25,90.5,Non-Landslide Grid,Non-Landslide Grid,"Grid (25.25, 90.5)",0,0.0,4.170868873596191,4.170868873596191,4.170868873596191,4.170868873596191,0.2475814819337838,0.6153000000000001,110.20999908447266,470.0,81.19135284423828,3.1080991690904507,17.643092472165375,2.508927115792947,0.0,26.54151725769043,56.400413513183594,17.79831886291504
2020-02-16,27.25,93.75,Non-Landslide Grid,Non-Landslide Grid,"Grid (27.25, 93.75)",0,0.0,0.9556105732917786,0.9556105732917786,5.716498374938965,32.318111419677734,0.4302558898924008,0.8077000000000001,814.7469482421875,2218.0,532.883056640625,12.053527878270337,33.23254959940221,7.3377975403262505,0.6944444444444444,96.2323226928711,171.03543090820312,49.406044006347656
2024-08-19,23.5,92.75,Non-Landslide Grid,Non-Landslide Grid,"Grid (23.5, 92.75)",0,9.042378425598145,69.75006103515625,142.4050750732422,195.48719787597656,324.582275390625,0.42679595947265486,0.8776,685.7172241210938,1302.0,248.54957580566406,11.267666801025864,31.39810393250354,5.372568735051805,0.08333333333333334,92.36515808105469,149.06800842285156,30.36924171447754
2023-03-15,27.75,91.75,Non-Landslide Grid,Non-Landslide Grid,"Grid (27.75, 91.75)",0,3.7894763946533203,6.602237701416016,6.602237701416016,20.704641342163086,39.26134490966797,0.36620330810541657,0.5690000000000001,3811.190673828125,3426.0,719.0172119140625,21.427624015103362,46.613342239590125,9.426926135794474,19.52777777777778,172.4033966064453,277.4831237792969,62.34989547729492
2020-04-26,26.25,93.25,Non-Landslide Grid,Non-Landslide Grid,"Grid (26.25, 93.25)",0,3.353006362915039,12.452486991882324,75.72346496582031,118.47892761230469,125.2838363647461,0.4331474304199848,0.5691,421.1025085449219,1197.0,233.43887329101562,5.674969062576112,22.480056599441713,4.336467390033529,0.0,45.47773742675781,97.27072143554688,29.292335510253906
2020-09-08,26.0,94.5,Non-Landslide Grid,Non-Landslide Grid,"Grid (26.0, 94.5)",0,3.621274471282959,12.61579704284668,27.846715927124023,57.49858474731445,290.7668151855469,0.47590637207030134,0.8807,1244.903564453125,1890.0,397.21783447265625,13.931444881552304,31.178667353635422,5.726795467043445,0.05555555555555555,109.29522705078125,155.17295837402344,28.6873722076416
2025-02-12,24.0,94.0,Non-Landslide Grid,Non-Landslide Grid,"Grid (24.0, 94.0)",0,0.0,0.0,0.0,0.0,0.0,0.1692962646488091,0.7956000000000001,1112.3905029296875,1970.0,384.6387023925781,13.368118460135134,30.430661338561226,5.088212487763951,0.027777777777777776,107.17179870605469,151.6919403076172,26.42008399963379
2022-07-08,26.75,92.0,Non-Landslide Grid,Non-Landslide Grid,"Grid (26.75, 92.0)",0,0.0,1.3705427646636963,1.3705427646636963,52.74446487426758,723.5681762695312,0.43920898437503153,0.665,136.9066619873047,439.0,66.59944915771484,0.697257570514572,10.005710728666225,1.2263725883885819,0.0,5.371273994445801,25.79478645324707,9.173100471496582
2020-08-23,23.25,91.75,Non-Landslide Grid,Non-Landslide Grid,"Grid (23.25, 91.75)",0,0.0,9.041783332824707,63.020729064941406,100.22978973388672,179.7382049560547,0.4456176757811965,0.7018,83.91638946533203,225.0,33.92729187011719,1.2443996127615193,8.236260822728928,1.1561737433334793,0.0,10.26632022857666,26.470144271850586,7.961842060089111
2020-09-13,22.25,92.75,Non-Landslide Grid,Non-Landslide Grid,"Grid (22.25, 92.75)",0,1.9135676622390747,30.636695861816406,54.11323928833008,103.75588989257812,215.4540557861328,0.4039421081542852,0.8847,268.3175048828125,711.0,127.03475189208984,6.392025864742884,21.465236016838873,4.5493130622143605,0.0,55.32823181152344,107.2934341430664,30.79429817199707
2022-05-14,26.5,90.0,Non-Landslide Grid,Non-Landslide Grid,"Grid (26.5, 90.0)",0,17.639392852783203,128.08535766601562,134.70999145507812,172.16416931152344,330.6382751464844,0.43624877929694356,0.6098,56.6533317565918,52.0,9.820548057556152,0.14294568489143822,1.6674019570925946,0.12519815859582314,0.0,1.2561147212982178,2.7838821411132812,0.8265275359153748
2020-08-24,23.5,93.0,Mizoram,Serchhip,Electric_veng5,1,4.451098442077637,10.46882438659668,35.247344970703125,89.02931213378906,211.6627655029297,0.42218017578125033,0.899,917.0947265625,1478.0,266.5793762207031,11.932203600254475,33.52099955760416,5.647143886886906,0.19444444444444445,95.97232818603516,153.7880401611328,32.74060821533203
2022-09-20,28.0,95.75,Non-Landslide Grid,Non-Landslide Grid,"Grid (28.0, 95.75)",0,23.591066360473633,23.591066360473633,53.28037643432617,103.3720932006836,332.04888916015625,0.45827484130860585,0.7792,171.66221618652344,722.0,49.30070114135742,0.4719888783910699,17.954853852767833,1.0716985973237028,0.0,3.549304723739624,7.690090179443359,7.308851718902588
2025-09-23,24.25,93.25,Non-Landslide Grid,Non-Landslide Grid,"Grid (24.25, 93.25)",0,0.0,0.7015934586524963,15.744806289672852,120.04360961914062,171.13818359375,0.4191589355468674,0.7788,710.278076171875,1325.0,266.8094787597656,11.182344988352964,29.70887307272073,5.458826454143679,0.0,89.95402526855469,147.64993286132812,32.08061981201172
2021-03-05,26.25,92.5,Non-Landslide Grid,Non-Landslide Grid,"Grid (26.25, 92.5)",0,0.0,0.0,8.137088775634766,9.500720977783203,13.774299621582031,0.27864837646482543,0.4519,65.36972045898438,331.0,22.758935928344727,0.4303652097640429,16.343959120901065,1.33421926213119,0.0,3.6231930255889893,12.49572467803955,9.70650863647461
2025-03-17,26.25,90.75,Non-Landslide Grid,Non-Landslide Grid,"Grid (26.25, 90.75)",0,0.0,0.0,22.95187759399414,22.95187759399414,24.33864402770996,0.22161102294918889,0.3537,40.997222900390625,246.0,14.89873218536377,0.38377147259691174,15.07324362771753,1.2015252087860544,0.0,3.3882267475128174,8.346028327941895,9.299248695373535
2021-07-08,28.0,94.5,Arunachal Pradesh,Upper Subansiri,Tode Village,1,18.441600799560547,121.94473266601562,179.35943603515625,319.9977722167969,452.2024230957031,0.4154968261718838,0.9213,911.5819702148438,1760.0,309.78753662109375,13.328593092786441,33.05167063851376,5.77641490364223,0.25,106.9828872680664,164.1502685546875,33.62059020996094
2022-09-06,25.25,93.75,Non-Landslide Grid,Non-Landslide Grid,"Grid (25.25, 93.75)",0,2.7640810012817383,5.787816524505615,22.362308502197266,56.82419204711914,94.59322357177734,0.42485427856445745,0.7866000000000001,1232.69970703125,2240.0,469.18341064453125,14.479139277717076,44.38378731007046,7.1232052951327365,2.4166666666666665,113.90241241455078,199.898193359375,46.743064880371094
2025-08-15,26.5,90.25,Non-Landslide Grid,Non-Landslide Grid,"Grid (26.5, 90.25)",0,0.0,102.89723205566406,217.95252990722656,309.5434265136719,493.70111083984375,0.4646377563476395,0.638,59.386112213134766,279.0,14.850844383239746,0.25189229626896753,18.396578822541294,0.9049348328452662,0.0,2.1553163528442383,3.1034224033355713,6.661799430847168
2021-11-04,25.5,91.5,Non-Landslide Grid,Non-Landslide Grid,"Grid (25.5, 91.5)",0,0.0,0.0,0.0,21.189777374267578,68.00370788574219,0.3778533935547201,0.6052000000000001,1595.5714111328125,666.0,96.28884887695312,3.7327363226589427,16.87545099500921,2.7080440699585675,0.0,31.887956619262695,68.39764404296875,18.14517593383789
2022-10-14,26.75,93.25,Non-Landslide Grid,Non-Landslide Grid,"Grid (26.75, 93.25)",0,0.8107232451438904,13.766898155212402,103.50812530517578,233.05844116210938,280.1651306152344,0.48293304443357177,0.7266,81.1066665649414,54.0,10.197127342224121,0.27788773466572253,1.4366760606726385,0.20565343808305273,0.0,2.466463565826416,5.442885398864746,1.4107826948165894
2021-08-29,26.25,90.0,Non-Landslide Grid,Non-Landslide Grid,"Grid (26.25, 90.0)",0,0.37129834294319153,91.66446685791016,250.88343811035156,323.1626892089844,497.0481262207031,0.40987396240233964,0.8694000000000001,45.26305389404297,37.0,8.158735275268555,0.34390336090684603,1.6093711256081877,0.2893858910089453,0.0,2.9364027976989746,6.661924839019775,1.9231786727905273
2025-11-04,26.25,90.75,Non-Landslide Grid,Non-Landslide Grid,"Grid (26.25, 90.75)",0,0.0,34.12711715698242,45.381771087646484,45.51268768310547,83.47843933105469,0.36027145385750436,0.552,40.997222900390625,246.0,14.89873218536377,0.38377147259691174,15.07324362771753,1.2015252087860544,0.0,3.3882267475128174,8.346028327941895,9.299248695373535
2024-05-28,25.5,94.25,Nagaland,Kikruma Landslide,Kikruma Village,1,49.742408752441406,79.13899230957031,107.04083251953125,119.74878692626953,169.00872802734375,0.4856033325194506,0.7561,1606.2049560546875,1633.0,336.6394348144531,13.072549325862639,31.529268531106975,5.6083756046100355,0.05555555555555555,101.690673828125,155.21470642089844,33.152103424072266
2024-03-05,28.0,93.75,Non-Landslide Grid,Non-Landslide Grid,"Grid (28.0, 93.75)",0,1.4350050687789917,3.1720967292785645,4.147599697113037,19.345727920532227,30.35729217529297,0.40579223632812533,0.5978,1455.862548828125,2434.0,492.0262756347656,20.263911744532226,40.810849556333466,7.4306715903592595,9.86111111111111,164.10630798339844,239.4039764404297,42.79767990112305
2023-03-15,22.5,92.75,Non-Landslide Grid,Non-Landslide Grid,"Grid (22.5, 92.75)",0,0.0,0.0,0.0,0.0,0.0,0.12393188476562109,0.757,417.3094482421875,1056.0,222.3340301513672,9.051629002092756,29.277202621801816,5.429355172156811,0.0,73.64885711669922,131.6678924560547,34.930362701416016
2025-06-14,28.0,88.5,Non-Landslide Grid,Non-Landslide Grid,"Grid (28.0, 88.5)",0,0.16792342066764832,0.16792342066764832,1.0097332000732422,138.03970336914062,311.13226318359375,0.4245910644531271,0.2492,5095.7900390625,4396.0,387.92755126953125,13.349086794565135,73.70894448368757,8.435456979019474,3.944444444444444,106.86685943603516,213.61180114746094,80.8809585571289
2024-12-10,25.5,92.25,Non-Landslide Grid,Non-Landslide Grid,"Grid (25.5, 92.25)",0,0.0,0.0,0.33264076709747314,0.33264076709747314,0.33264076709747314,0.3104248046875445,0.5770000000000001,1260.42578125,597.0,102.87409210205078,2.808655381871295,17.212804623042103,2.215269176666288,0.0,23.935148239135742,55.71966552734375,15.806341171264648
2024-11-04,26.5,91.5,Non-Landslide Grid,Non-Landslide Grid,"Grid (26.5, 91.5)",0,0.0,0.2753536105155945,33.75830841064453,47.46940612792969,127.08751678466797,0.33699035644538033,0.5242,58.20722198486328,31.0,5.861110210418701,0.16184284562780812,0.5733588488786087,0.09238441754661911,0.0,1.5697052478790283,2.7613401412963867,0.6246815323829651
2024-08-14,22.75,92.75,Non-Landslide Grid,Non-Landslide Grid,"Grid (22.75, 92.75)",0,18.024436950683594,24.415616989135742,39.372642517089844,161.12261962890625,287.66925048828125,0.4191322326660145,0.8874000000000001,471.7497253417969,1379.0,257.7286682128906,9.469634715442576,26.744698660572194,5.39070092400143,0.0,78.04711151123047,139.4850311279297,33.80046844482422
2023-11-20,29.0,95.5,Non-Landslide Grid,Non-Landslide Grid,"Grid (29.0, 95.5)",0,0.0,2.420813798904419,2.420813798904419,2.420813798904419,19.212913513183594,0.37702941894536063,0.8328,3238.650390625,1992.0,479.2296142578125,16.469424165397974,39.59498671028408,6.6568879602393976,1.7500000000000002,131.6859130859375,193.20579528808594,37.1080436706543
2020-02-03,24.5,93.75,Non-Landslide Grid,Non-Landslide Grid,"Grid (24.5, 93.75)",0,0.0,0.0,8.655135154724121,8.655135154724121,9.873419761657715,0.2323608398435707,0.3229,917.9044189453125,1554.0,256.2775573730469,5.662249960180044,30.93689661621472,7.021565474401968,0.027777777777777776,43.58971405029297,141.0993194580078,50.9337158203125
2021-07-03,25.25,93.25,Non-Landslide Grid,Non-Landslide Grid,"Grid (25.25, 93.25)",0,0.4436279535293579,4.612584590911865,10.602545738220215,58.53788757324219,98.04885864257812,0.4732704162597837,0.5113,785.26806640625,1527.0,353.894287109375,10.280514172000354,35.57332360132202,6.220787235002333,0.1111111111111111,81.5216064453125,148.7100830078125,41.36553955078125
2025-07-01,26.25,90.0,Non-Landslide Grid,Non-Landslide Grid,"Grid (26.25, 90.0)",0,0.0,32.31559753417969,34.48085403442383,209.90945434570312,373.115234375,0.38967895507812805,0.8419000000000001,45.26305389404297,37.0,8.158735275268555,0.34390336090684603,1.6093711256081877,0.2893858910089453,0.0,2.9364027976989746,6.661924839019775,1.9231786727905273
2024-03-16,26.25,92.75,Non-Landslide Grid,Non-Landslide Grid,"Grid (26.25, 92.75)",0,0.0,2.8398654460906982,3.4078383445739746,4.814248085021973,24.84528350830078,0.2523880004882495,0.3472,134.39443969726562,739.0,152.9081268310547,2.03556003100252,24.481392636733343,4.03503936010858,0.0,16.41988754272461,94.49658966064453,30.449844360351562
2025-10-17,24.0,93.0,Non-Landslide Grid,Non-Landslide Grid,"Grid (24.0, 93.0)",0,0.0,0.0,20.084476470947266,47.694183349609375,77.95082092285156,0.40115356445313394,0.9288,652.5986328125,1538.0,274.19122314453125,13.282334633206922,33.1519089677372,5.594494055648118,0.2222222222222222,106.63568878173828,165.07130432128906,31.688812255859375
2022-04-10,25.0,92.5,Assam,Cachar,Malidor_after_bridge_1 Malidor after crossing bridge,1,5.4661335945129395,5.4661335945129395,26.501270294189453,86.05489349365234,194.15150451660156,0.421936035156217,0.6105,204.9633331298828,1224.0,275.96075439453125,5.487831143215172,34.94692623136583,7.116754878189429,0.4166666666666667,44.536964416503906,142.9350128173828,54.15533447265625
2020-05-26,25.5,92.25,Meghalaya,Jaintia Hills,Iawmusiang Landslide - II,1,18.67279624938965,66.86375427246094,99.851318359375,112.08378601074219,156.1591033935547,0.4872512817381497,0.6744,1260.42578125,597.0,102.87409210205078,2.808655381871295,17.212804623042103,2.215269176666288,0.0,23.935148239135742,55.71966552734375,15.806341171264648
2022-12-14,24.0,92.75,Non-Landslide Grid,Non-Landslide Grid,"Grid (24.0, 92.75)",0,0.0,0.0,0.0,0.44802072644233704,0.44802072644233704,0.19907379150391855,0.8846,413.1927795410156,1166.0,224.97134399414062,9.87710112852536,28.642389605063794,5.463043876220932,0.0,78.46573638916016,133.672607421875,33.23142623901367
2021-10-24,24.5,94.0,Non-Landslide Grid,Non-Landslide Grid,"Grid (24.5, 94.0)",0,0.0,1.888417363166809,46.037776947021484,46.037776947021484,49.28664779663086,0.40667724609363604,0.6262,871.6072387695312,739.0,146.46446228027344,3.882956415666678,20.998478770717725,4.831692814791372,0.0,31.758710861206055,100.81731414794922,35.78030014038086
2020-06-11,24.0,92.5,Mizoram,Mamit,Mamit4,1,35.824893951416016,52.900787353515625,75.32406616210938,193.10203552246094,312.7425231933594,0.40756225585940586,0.8869,278.63360595703125,864.0,195.9539794921875,7.443317121808474,26.943935612493448,5.500279187235453,0.0,58.76435852050781,123.90907287597656,36.05270004272461
2021-10-05,28.0,96.75,Non-Landslide Grid,Non-Landslide Grid,"Grid (28.0, 96.75)",0,4.431195259094238,4.431195259094238,4.431195259094238,13.484896659851074,59.85390853881836,0.3777923583983692,0.8543000000000001,2343.101318359375,3668.0,819.2395629882812,24.44451092859459,44.491718187459,7.8590097378516806,25.75,195.9915313720703,268.7579345703125,45.308929443359375
2023-11-25,28.25,94.75,Non-Landslide Grid,Non-Landslide Grid,"Grid (28.25, 94.75)",0,0.0,0.0,5.561215877532959,5.628998279571533,12.564509391784668,0.2964859008789126,0.8513000000000001,647.8941650390625,1663.0,296.2420349121094,12.508446253063779,34.27611545688921,6.168791044175102,0.16666666666666669,98.84225463867188,160.32997131347656,37.14143753051758
2023-03-06,24.25,93.25,Non-Landslide Grid,Non-Landslide Grid,"Grid (24.25, 93.25)",0,0.0,0.0,0.0,0.0,0.0,0.13143157958983992,0.8122,710.278076171875,1325.0,266.8094787597656,11.182344988352964,29.70887307272073,5.458826454143679,0.0,89.95402526855469,147.64993286132812,32.08061981201172
2022-02-10,25.5,92.75,Non-Landslide Grid,Non-Landslide Grid,"Grid (25.5, 92.75)",0,0.0,0.0,23.6319637298584,33.11113357543945,43.386085510253906,0.45221710205078547,0.6074,586.2133178710938,856.0,209.28675842285156,4.4531155842589465,21.4801619072271,3.528074163719557,0.0,35.90679168701172,87.60953521728516,24.07171630859375
2020-09-23,26.75,92.0,Non-Landslide Grid,Non-Landslide Grid,"Grid (26.75, 92.0)",0,57.8596076965332,159.4630126953125,169.1922149658203,183.4550323486328,339.904541015625,0.470657348632817,0.8066,136.9066619873047,439.0,66.59944915771484,0.697257570514572,10.005710728666225,1.2263725883885819,0.0,5.371273994445801,25.79478645324707,9.173100471496582
2022-05-15,25.25,93.0,Assam,Dima Hasao,DF6 Near Halflong Railway Station,1,13.70791244506836,171.51666259765625,325.0523681640625,348.9837951660156,558.1865234375,0.47109222412107926,0.7867000000000001,581.3922119140625,1271.0,220.6673126220703,7.95753565762605,30.952647139700577,4.65836575833331,0.027777777777777776,63.11333465576172,118.19319915771484,29.522968292236328
2024-07-01,26.0,94.5,Nagaland,"DIET, Zunheboto Landslide",South colony point east,1,40.12054443359375,67.57412719726562,144.63214111328125,247.0491943359375,319.4744873046875,0.4568786621093641,0.8421000000000001,1244.903564453125,1890.0,397.21783447265625,13.931444881552304,31.178667353635422,5.726795467043445,0.05555555555555555,109.29522705078125,155.17295837402344,28.6873722076416
2022-04-10,26.5,95.0,Non-Landslide Grid,Non-Landslide Grid,"Grid (26.5, 95.0)",0,11.78582763671875,21.869346618652344,62.2227783203125,76.69712829589844,94.44413757324219,0.4669189453123127,0.6741,1117.9442138671875,2290.0,539.2392578125,13.935030303286451,29.537497348062463,6.369523827887884,0.0,107.99993133544922,165.35928344726562,37.627197265625
2024-07-02,23.75,92.75,Mizoram,Aizawl Bawngkawn Landslide,Aizawl's locality Bawngkawn,1,68.70724487304688,111.08206176757812,141.04322814941406,288.2622375488281,409.1598205566406,0.4286308288574242,0.8360000000000001,558.530029296875,1301.0,251.22454833984375,11.561747209331001,33.20981307339313,5.7138444190846345,0.25,94.32711791992188,152.0427703857422,34.32426834106445
2025-02-17,29.25,94.75,Non-Landslide Grid,Non-Landslide Grid,"Grid (29.25, 94.75)",0,0.0,15.58642578125,70.28587341308594,85.90019226074219,113.29576110839844,0.34169006347661224,0.0066,3773.289794921875,3683.0,621.8638305664062,24.133872295535596,50.9206981070001,7.8956235715722505,22.25,190.63909912109375,259.74749755859375,41.57487487792969
2021-06-02,23.25,93.25,Non-Landslide Grid,Non-Landslide Grid,"Grid (23.25, 93.25)",0,5.637031078338623,8.065718650817871,20.46224594116211,41.28925323486328,118.05248260498047,0.3045616149901661,0.7512000000000001,1046.5596923828125,1393.0,273.9651794433594,12.221360231224697,34.165413161651,5.353317707704028,0.1111111111111111,97.85552215576172,150.60208129882812,28.638294219970703
2022-05-11,28.5,93.5,Non-Landslide Grid,Non-Landslide Grid,"Grid (28.5, 93.5)",0,29.125091552734375,31.430620193481445,32.543392181396484,83.98539733886719,329.16302490234375,0.41995239257813144,0.8521000000000001,3411.674560546875,3765.0,826.7841796875,20.60021656963089,52.52021406191496,8.94526016023897,14.416666666666666,156.19125366210938,259.6390686035156,63.15973663330078
2021-03-31,28.5,94.75,Non-Landslide Grid,Non-Landslide Grid,"Grid (28.5, 94.75)",0,17.500354766845703,19.413578033447266,61.388607025146484,73.25088500976562,119.10322570800781,0.4293594360351523,0.7883,1363.881103515625,2633.0,561.4523315429688,19.17597595923998,41.66522589810646,7.266148844087295,6.277777777777778,154.1586151123047,223.8252410888672,40.932212829589844
2023-08-26,27.25,92.5,Non-Landslide Grid,Non-Landslide Grid,"Grid (27.25, 92.5)",0,30.405044555664062,69.84576416015625,161.47622680664062,246.13958740234375,494.71661376953125,0.4637298583984497,0.7888000000000001,1794.7828369140625,2906.0,505.7755126953125,17.855747137024938,38.0996504030799,6.6024004892937915,2.666666666666667,142.90359497070312,204.2445526123047,35.54497146606445
2023-02-02,24.0,91.5,Non-Landslide Grid,Non-Landslide Grid,"Grid (24.0, 91.5)",0,0.0,0.0,0.0,0.0,0.0,0.1662139892577364,0.6394000000000001,63.2599983215332,147.0,32.07771301269531,0.6782875420462081,3.9239910742673763,0.5583940986716778,0.0,5.560225486755371,13.839029312133789,3.877204179763794
2022-05-16,28.75,96.25,Non-Landslide Grid,Non-Landslide Grid,"Grid (28.75, 96.25)",0,13.36904239654541,65.8271484375,109.09210205078125,151.72573852539062,337.4734191894531,0.4284515380859373,0.8179000000000001,3210.4736328125,3306.0,719.7034912109375,23.99762422595875,49.53772416743089,8.530394338579427,26.13888888888889,197.56056213378906,283.3199768066406,50.37244415283203
2022-04-22,26.0,91.0,Non-Landslide Grid,Non-Landslide Grid,"Grid (26.0, 91.0)",0,0.11954803019762039,16.34893226623535,41.64164733886719,102.5831069946289,223.47677612304688,0.4801788330077666,0.4939,71.23139190673828,516.0,73.41050720214844,1.2930697934097897,23.16556601795955,3.108993288451381,0.0,10.812939643859863,62.34619903564453,22.8721923828125
2021-09-06,28.0,95.5,Non-Landslide Grid,Non-Landslide Grid,"Grid (28.0, 95.5)",0,0.0,4.564258575439453,26.50540542602539,363.8315124511719,941.0604248046875,0.42434692382810574,0.8699,153.6744384765625,120.0,26.328083038330078,0.3271957680866793,1.892378376948654,0.2577120323122031,0.0,2.6049110889434814,6.206344127655029,1.7037417888641357
2022-10-30,27.75,95.75,Non-Landslide Grid,Non-Landslide Grid,"Grid (27.75, 95.75)",0,0.0,0.8348544239997864,83.23617553710938,108.29428100585938,239.018310546875,0.4346504211425716,0.4072,135.81472778320312,29.0,5.7640509605407715,0.18216602711762214,1.387874253946801,0.14190128771812477,0.0,1.645431399345398,3.4278273582458496,0.9563491344451904
2022-03-16,26.75,91.5,Non-Landslide Grid,Non-Landslide Grid,"Grid (26.75, 91.5)",0,0.0,0.0,0.0,0.0,29.20054817199707,0.055496215820410734,0.423,210.33778381347656,1310.0,207.87440490722656,3.043138950212208,33.61424590157977,5.138474649153563,0.1111111111111111,24.42031478881836,110.85054016113281,39.45051956176758
2021-11-15,26.5,92.25,Non-Landslide Grid,Non-Landslide Grid,"Grid (26.5, 92.25)",0,0.0,0.0,0.0,0.27330225706100464,39.84907531738281,0.2844619750976596,0.7312000000000001,62.07083511352539,32.0,7.2921366691589355,0.18001140887036715,1.071428124322146,0.1361163404145674,0.0,1.6593478918075562,3.4469168186187744,0.9243626594543457
2022-01-12,23.75,91.5,Non-Landslide Grid,Non-Landslide Grid,"Grid (23.75, 91.5)",0,0.20691929757595062,0.20691929757595062,0.20691929757595062,0.20691929757595062,0.3817299008369446,0.2861328124999314,0.7635000000000001,80.13249969482422,216.0,39.730262756347656,1.0524201581852122,9.504236888385735,1.0460411323828493,0.0,8.788656234741211,23.749982833862305,7.339593887329102
2025-07-19,26.5,93.25,Non-Landslide Grid,Non-Landslide Grid,"Grid (26.5, 93.25)",0,0.5783060789108276,12.140275955200195,24.190521240234375,74.97718811035156,222.962646484375,0.48360443115232327,0.8653000000000001,358.2972106933594,770.0,243.78945922851562,4.421381017122808,24.279744144814494,4.451682343253157,0.0,36.2896614074707,101.02350616455078,31.975385665893555
2023-04-15,28.25,95.5,Non-Landslide Grid,Non-Landslide Grid,"Grid (28.25, 95.5)",0,0.0,0.0,1.3854057788848877,51.187191009521484,180.2105712890625,0.35986328125010403,0.8621000000000001,892.1255493164062,2771.0,592.14453125,13.33587761862261,42.291176610644136,10.68142455888192,7.194444444444445,107.26727294921875,232.85174560546875,80.64944458007812
2022-05-15,25.25,93.0,Assam,Dima Hasao,"L28 Near Kendri Vidyalaya, Halflong",1,13.70791244506836,171.51666259765625,325.0523681640625,348.9837951660156,558.1865234375,0.47109222412107926,0.7867000000000001,581.3922119140625,1271.0,220.6673126220703,7.95753565762605,30.952647139700577,4.65836575833331,0.027777777777777776,63.11333465576172,118.19319915771484,29.522968292236328
2022-09-30,25.75,90.25,Non-Landslide Grid,Non-Landslide Grid,"Grid (25.75, 90.25)",0,0.0,0.40728312730789185,61.581939697265625,259.09539794921875,563.4979858398438,0.45323181152344244,0.8492000000000001,268.25360107421875,694.0,145.89248657226562,2.6266826104787047,13.143420707951513,2.0358751126267824,0.0,21.159591674804688,51.440372467041016,13.796658515930176
2024-04-13,28.75,94.75,Non-Landslide Grid,Non-Landslide Grid,"Grid (28.75, 94.75)",0,0.15869897603988647,0.47236669063568115,96.58858489990234,155.36734008789062,213.9443359375,0.3958320617675636,0.7673,1346.776611328125,2496.0,500.8155822753906,21.126720099482604,42.692614624157635,7.449301184118711,10.222222222222223,167.07745361328125,231.20486450195312,38.11601638793945
2022-07-13,28.5,95.75,Non-Landslide Grid,Non-Landslide Grid,"Grid (28.5, 95.75)",0,0.0,22.490982055664062,49.759769439697266,267.550537109375,679.1175537109375,0.38321685791019244,0.8795000000000001,1452.072509765625,2728.0,539.487060546875,22.310271837469433,43.22261989189705,8.01152758549326,17.333333333333336,182.08642578125,260.0995788574219,44.85043716430664
2022-12-29,25.75,92.75,Non-Landslide Grid,Non-Landslide Grid,"Grid (25.75, 92.75)",0,0.0,7.302182197570801,7.302182197570801,7.302182197570801,7.302182197570801,0.43370819091793755,0.7844,300.461669921875,705.0,183.7952117919922,3.048803559917997,16.157152691267846,2.574562197381793,0.0,25.4659423828125,62.73475646972656,19.108924865722656
2020-04-24,28.5,95.75,Non-Landslide Grid,Non-Landslide Grid,"Grid (28.5, 95.75)",0,6.029846668243408,60.513397216796875,102.78428649902344,109.44835662841797,151.796630859375,0.42597961425781594,0.8464,1452.072509765625,2728.0,539.487060546875,22.310271837469433,43.22261989189705,8.01152758549326,17.333333333333336,182.08642578125,260.0995788574219,44.85043716430664
2023-08-06,27.25,92.75,Non-Landslide Grid,Non-Landslide Grid,"Grid (27.25, 92.75)",0,43.1186637878418,81.56710815429688,93.44849395751953,316.89703369140625,656.765869140625,0.43043899536132535,0.8647,1064.0302734375,2489.0,430.59619140625,16.90999999597306,36.56335488201379,6.799202817058838,2.5833333333333335,136.30735778808594,208.24038696289062,40.6927490234375
2023-04-05,27.75,94.5,Non-Landslide Grid,Non-Landslide Grid,"Grid (27.75, 94.5)",0,4.782742977142334,41.52519989013672,67.608642578125,119.19857788085938,162.9417266845703,0.41144561767579013,0.7799,707.9741821289062,1668.0,336.4001159667969,11.959542917427125,32.18182728701391,6.231628084732036,0.19444444444444445,97.14503479003906,168.00035095214844,41.072731018066406
2022-07-01,26.0,94.0,Non-Landslide Grid,Non-Landslide Grid,"Grid (26.0, 94.0)",0,4.906012058258057,12.85360050201416,47.604881286621094,132.50318908691406,237.9499053955078,0.48880004882821143,0.867,363.6197204589844,1218.0,237.57420349121094,6.430369423365052,27.277622540637047,6.292268277714375,0.0,50.72469711303711,123.57196044921875,44.698631286621094
2023-07-11,25.25,93.25,Non-Landslide Grid,Non-Landslide Grid,"Grid (25.25, 93.25)",0,21.450767517089844,44.83745193481445,116.415283203125,286.11260986328125,610.2696533203125,0.4797973632812299,0.7621,785.26806640625,1527.0,353.894287109375,10.280514172000354,35.57332360132202,6.220787235002333,0.1111111111111111,81.5216064453125,148.7100830078125,41.36553955078125
2020-07-14,22.75,93.0,Non-Landslide Grid,Non-Landslide Grid,"Grid (22.75, 93.0)",0,10.769208908081055,45.05076599121094,114.34822845458984,203.3603057861328,339.28387451171875,0.42411804199219255,0.8669,789.2650146484375,1898.0,341.1698913574219,14.561089002221255,36.86079860562968,6.300029884029621,1.027777777777778,116.944091796875,181.39210510253906,35.221229553222656
2024-12-19,27.5,93.5,Non-Landslide Grid,Non-Landslide Grid,"Grid (27.5, 93.5)",0,0.0,0.0,0.0,1.1898695230484009,6.341820240020752,0.32540893554689126,0.8459,1917.9405517578125,2523.0,500.17767333984375,14.147153603782364,31.41134724949093,5.455348304784422,0.2222222222222222,110.25569152832031,166.48976135253906,32.25537872314453
2021-09-20,27.0,92.5,Arunachal Pradesh,West Kameng,20 locations along BCT Road,1,0.0,93.720703125,122.31559753417969,202.67857360839844,572.0274047851562,0.38406372070329614,0.8535,741.2086181640625,3050.0,695.518798828125,9.641513969355696,38.87096797564732,8.623184388668472,1.5,77.50574493408203,186.1094207763672,64.16087341308594
2025-04-28,26.5,90.25,Non-Landslide Grid,Non-Landslide Grid,"Grid (26.5, 90.25)",0,27.376197814941406,51.80238723754883,171.38916015625,203.351806640625,281.3631286621094,0.4335708618163887,0.6502,59.386112213134766,279.0,14.850844383239746,0.25189229626896753,18.396578822541294,0.9049348328452662,0.0,2.1553163528442383,3.1034224033355713,6.661799430847168
2020-10-10,26.5,91.25,Non-Landslide Grid,Non-Landslide Grid,"Grid (26.5, 91.25)",0,0.0,21.354272842407227,29.79698944091797,68.01350402832031,226.4757843017578,0.3540649414062495,0.7688,49.15250015258789,30.0,5.363800525665283,0.18562209965120394,0.7075021771317639,0.11761823001777501,0.0,1.8064534664154053,3.3175644874572754,0.807574987411499
2024-12-24,29.25,94.75,Non-Landslide Grid,Non-Landslide Grid,"Grid (29.25, 94.75)",0,0.0,0.0,0.0,5.483916759490967,15.047252655029297,0.36069107055668076,0.0219,3773.289794921875,3683.0,621.8638305664062,24.133872295535596,50.9206981070001,7.8956235715722505,22.25,190.63909912109375,259.74749755859375,41.57487487792969
2025-12-25,28.25,96.25,Non-Landslide Grid,Non-Landslide Grid,"Grid (28.25, 96.25)",0,0.0,0.0,0.0,0.0,0.0,0.25978851318367613,0.5505,2700.932861328125,3465.0,729.9940185546875,23.57243030144863,51.886077120855624,8.016388485014025,21.666666666666668,190.74913024902344,271.5876770019531,47.71710205078125
2022-04-13,25.25,92.5,Meghalaya,Jaintia Hills,Tongseng1 near Tongseng Village,1,4.2119927406311035,15.343467712402344,20.91499900817871,66.46891784667969,231.5885467529297,0.4930801391601514,0.7032,819.6777954101562,1530.0,334.9479675292969,8.272812286185768,39.33030515212594,6.5070393989689945,1.0555555555555556,65.47273254394531,169.72897338867188,46.98260498046875
2020-07-07,22.5,93.0,Mizoram,Lawngtlai,Electric_veng1,1,4.197910308837891,10.230131149291992,82.98448181152344,159.20579528808594,332.16815185546875,0.39683532714844516,0.8691000000000001,878.2855834960938,1778.0,377.2521057128906,14.638061184349539,36.38334612643967,5.925709104680568,0.4444444444444444,117.57864379882812,173.31338500976562,32.15381622314453
2024-08-01,24.5,93.75,Manipur,Thanga Landslide,Part II Thanga Panchayat Part II Gram,1,20.01174545288086,43.438419342041016,52.1451301574707,75.17282104492188,171.00685119628906,0.439193725585838,0.8904000000000001,917.9044189453125,1554.0,256.2775573730469,5.662249960180044,30.93689661621472,7.021565474401968,0.027777777777777776,43.58971405029297,141.0993194580078,50.9337158203125
2022-08-27,26.0,91.25,Non-Landslide Grid,Non-Landslide Grid,"Grid (26.0, 91.25)",0,0.0,0.7959712147712708,17.57450294494629,28.531063079833984,188.47645568847656,0.42314147949219094,0.6423,82.09278106689453,442.0,69.08829498291016,2.00048753778281,20.82804439509215,3.2811977086259057,0.0,17.104074478149414,69.61766052246094,24.65224266052246
2021-02-07,28.5,93.5,Non-Landslide Grid,Non-Landslide Grid,"Grid (28.5, 93.5)",0,2.6655402183532715,2.6655402183532715,4.322497367858887,5.7503509521484375,11.120916366577148,0.37763977050789616,0.685,3411.674560546875,3765.0,826.7841796875,20.60021656963089,52.52021406191496,8.94526016023897,14.416666666666666,156.19125366210938,259.6390686035156,63.15973663330078
2024-08-01,24.5,93.75,Manipur,Thanga Ngaram Landslide,Thanga NgaramChinkha Region,1,20.01174545288086,43.438419342041016,52.1451301574707,75.17282104492188,171.00685119628906,0.439193725585838,0.8904000000000001,917.9044189453125,1554.0,256.2775573730469,5.662249960180044,30.93689661621472,7.021565474401968,0.027777777777777776,43.58971405029297,141.0993194580078,50.9337158203125
2025-01-13,22.25,92.75,Non-Landslide Grid,Non-Landslide Grid,"Grid (22.25, 92.75)",0,0.0,0.0,0.0,0.0,0.0,0.13068389892578336,0.8295,268.3175048828125,711.0,127.03475189208984,6.392025864742884,21.465236016838873,4.5493130622143605,0.0,55.32823181152344,107.2934341430664,30.79429817199707
2021-12-01,25.75,92.0,Non-Landslide Grid,Non-Landslide Grid,"Grid (25.75, 92.0)",0,0.0,0.0,0.0,0.0,0.0,0.3015213012695507,0.5981000000000001,917.2408447265625,859.0,130.39633178710938,4.714470137470853,21.87834296680697,3.6313367608752385,0.0,39.3952522277832,86.12773895263672,23.6353702545166
2021-02-07,23.25,93.0,Non-Landslide Grid,Non-Landslide Grid,"Grid (23.25, 93.0)",0,0.0,0.0,0.0,0.0,3.2608606815338135,0.15061950683595424,0.8168000000000001,859.9835815429688,1165.0,239.15235900878906,12.048439866175153,31.73787841922022,5.3319287892461125,0.1111111111111111,97.79130554199219,147.54791259765625,29.074769973754883
2025-05-30,25.5,91.75,Meghalaya,East Khasi Hills,Umtyngar Landslide 2,1,140.50730895996094,148.46109008789062,196.48526000976562,387.7179260253906,528.7616577148438,0.5165710449218512,0.8818,1670.7216796875,913.0,153.39508056640625,5.919859729912694,32.03817497959001,5.573524917136624,0.1388888888888889,48.907474517822266,137.64651489257812,39.82622146606445
2025-08-10,24.5,92.75,Non-Landslide Grid,Non-Landslide Grid,"Grid (24.5, 92.75)",0,4.474716663360596,24.833736419677734,87.22724914550781,239.0051727294922,353.63690185546875,0.3843917846679732,0.8194,85.600830078125,428.0,57.432464599609375,2.1428599104598,15.824363758441448,2.1098312057553605,0.0,18.043832778930664,48.597068786621094,14.894207954406738
2022-08-10,27.25,95.5,Non-Landslide Grid,Non-Landslide Grid,"Grid (27.25, 95.5)",0,4.551619529724121,24.230987548828125,76.1143798828125,180.36831665039062,444.822509765625,0.4572296142578657,0.7427,242.67916870117188,997.0,171.97535705566406,3.1973148800343756,25.240599646989534,4.430299470185494,0.0,25.426071166992188,101.06342315673828,32.91106033325195
2020-04-14,28.25,97.0,Non-Landslide Grid,Non-Landslide Grid,"Grid (28.25, 97.0)",0,0.0,0.0,0.0,0.0,8.199999809265137,0.3456192016602821,0.65,2937.380615234375,3915.0,898.3536987304688,25.401639802241334,57.30023526726715,9.746530013211483,36.19444444444444,207.5095672607422,316.9516296386719,67.75711059570312
2024-11-27,27.75,94.75,Non-Landslide Grid,Non-Landslide Grid,"Grid (27.75, 94.75)",0,0.0,0.8352192044258118,1.4817144870758057,1.4817144870758057,21.427589416503906,0.2603607177734836,0.8979,500.0322265625,1511.0,326.0230407714844,8.518411246684085,33.117979039440804,6.495407946808469,0.05555555555555555,69.726318359375,148.8292694091797,46.75351333618164
2021-12-06,26.75,91.5,Non-Landslide Grid,Non-Landslide Grid,"Grid (26.75, 91.5)",0,0.0,0.0,0.0,1.6213620901107788,1.6213620901107788,0.05900573730480225,0.5629000000000001,210.33778381347656,1310.0,207.87440490722656,3.043138950212208,33.61424590157977,5.138474649153563,0.1111111111111111,24.42031478881836,110.85054016113281,39.45051956176758
2020-05-21,25.5,92.0,Meghalaya,East Khasi Hills,Umjapung slide,1,48.1134147644043,59.23598861694336,68.89836120605469,116.25111389160156,232.83062744140625,0.49067687988279807,0.7745000000000001,1362.2994384765625,1410.0,264.5621337890625,7.554808330244862,33.88208370808656,6.750802082738645,0.638888888888889,61.715328216552734,167.0863800048828,48.47831726074219
2021-12-12,27.5,94.75,Non-Landslide Grid,Non-Landslide Grid,"Grid (27.5, 94.75)",0,0.5082262754440308,10.043212890625,10.151514053344727,10.280643463134766,15.359661102294922,0.22362518310577484,0.5385,104.59388732910156,38.0,5.581822395324707,0.1302345706068359,1.1555514767930655,0.1032864828524461,0.0,1.1642005443572998,2.423840045928955,0.6909770369529724
2025-10-28,27.75,96.25,Non-Landslide Grid,Non-Landslide Grid,"Grid (27.75, 96.25)",0,0.0,0.0,0.30195480585098267,0.30195480585098267,71.01504516601562,0.3880577087402742,0.7493000000000001,378.3680419921875,1771.0,262.791259765625,3.628177258111446,34.886002428398726,6.243721849866636,0.3055555555555556,26.976634979248047,144.90283203125,45.608177185058594
2022-08-07,26.25,92.75,Non-Landslide Grid,Non-Landslide Grid,"Grid (26.25, 92.75)",0,0.0,0.4655974209308624,68.80751037597656,159.8994140625,373.0741882324219,0.44241714477541616,0.4149,134.39443969726562,739.0,152.9081268310547,2.03556003100252,24.481392636733343,4.03503936010858,0.0,16.41988754272461,94.49658966064453,30.449844360351562
2021-05-01,27.75,88.5,Non-Landslide Grid,Non-Landslide Grid,"Grid (27.75, 88.5)",0,7.166895389556885,16.72034454345703,27.072792053222656,106.85606384277344,255.1664581298828,0.41944885253906466,0.2946,4100.16064453125,3807.0,734.4197387695312,22.412003436090288,53.38754478648244,8.808319435315765,20.61111111111111,181.06277465820312,281.6011657714844,58.148677825927734
2022-09-23,27.25,94.0,Non-Landslide Grid,Non-Landslide Grid,"Grid (27.25, 94.0)",0,16.010034561157227,85.98491668701172,116.95890045166016,162.52769470214844,419.5072937011719,0.43321228027341774,0.7787000000000001,180.665283203125,1383.0,181.9029998779297,2.438772057464298,32.53731372794104,4.801649722757222,0.16666666666666669,19.482275009155273,96.9761962890625,36.374298095703125
2021-08-10,26.0,95.0,Non-Landslide Grid,Non-Landslide Grid,"Grid (26.0, 95.0)",0,3.92655086517334,15.735621452331543,17.48278045654297,113.18045806884766,185.09327697753906,0.41554260253936703,0.8803000000000001,1610.9891357421875,2688.0,589.7425537109375,16.027499746653127,40.90710192479149,5.811093611007914,1.2222222222222223,125.35421752929688,178.60330200195312,32.72863006591797
2025-12-03,26.0,94.25,Non-Landslide Grid,Non-Landslide Grid,"Grid (26.0, 94.25)",0,0.0,0.0,0.0,0.5786519050598145,22.49688720703125,0.33703613281253686,0.8086,885.2597045898438,1675.0,304.77520751953125,11.490526964431924,35.483394617014326,4.835898006153164,0.05555555555555555,89.0573959350586,133.66107177734375,26.900562286376953
2025-11-30,27.5,92.75,Non-Landslide Grid,Non-Landslide Grid,"Grid (27.5, 92.75)",0,0.0,0.0,0.16923779249191284,1.7642242908477783,14.458523750305176,0.370567321777238,0.8903000000000001,1803.6317138671875,2967.0,603.0645751953125,17.73978145129577,37.561653767107956,6.495172339377297,3.166666666666667,139.00157165527344,206.5306854248047,37.23012924194336
2024-05-28,25.5,91.75,Meghalaya,Mawphland Landslide,Mawphland Block,1,155.01943969726562,165.55223083496094,184.17752075195312,272.94195556640625,391.7544250488281,0.4650192260742384,0.7050000000000001,1670.7216796875,913.0,153.39508056640625,5.919859729912694,32.03817497959001,5.573524917136624,0.1388888888888889,48.907474517822266,137.64651489257812,39.82622146606445
2023-02-12,24.75,94.25,Non-Landslide Grid,Non-Landslide Grid,"Grid (24.75, 94.25)",0,0.0,0.0,0.043114371597766876,0.043114371597766876,0.043114371597766876,0.1808891296384474,0.6606000000000001,1074.4000244140625,1538.0,283.6929016113281,13.63312290726426,27.502933685967555,5.48280181319473,0.0,109.33614349365234,154.9348602294922,28.626388549804688
2022-04-02,24.25,93.25,Non-Landslide Grid,Non-Landslide Grid,"Grid (24.25, 93.25)",0,0.0,0.6475712656974792,10.478716850280762,21.003955841064453,21.003955841064453,0.1724815368652361,0.8251000000000001,710.278076171875,1325.0,266.8094787597656,11.182344988352964,29.70887307272073,5.458826454143679,0.0,89.95402526855469,147.64993286132812,32.08061981201172
2025-01-30,23.75,93.25,Non-Landslide Grid,Non-Landslide Grid,"Grid (23.75, 93.25)",0,0.0,0.0,0.0,0.0,0.0,0.16736602783202734,0.7871,1111.324951171875,1782.0,321.77630615234375,12.857450198377249,40.77219974472245,6.40346406325916,1.3333333333333335,104.22640991210938,170.38052368164062,39.146873474121094
2025-04-23,28.0,96.5,Arunachal Pradesh,Anjaw,Between Tidding to Hayuliang,1,36.00580596923828,37.999568939208984,37.999568939208984,40.211509704589844,70.440185546875,0.4271697998046668,0.8446,1515.6094970703125,2871.0,651.4829711914062,22.8996228764844,55.03617911554651,8.322263526866594,19.944444444444446,186.27854919433594,270.32135009765625,50.12175750732422
2020-06-27,27.5,88.5,Sikkim,North Sikkim,Lum Village,1,61.33052444458008,169.75730895996094,247.52757263183594,468.8948059082031,740.1098022460938,0.4292449951171872,0.8506,2168.81982421875,3697.0,796.494384765625,23.632660743125502,49.23240538360047,7.919056484581935,20.916666666666668,188.52566528320312,282.9498291015625,52.20234680175781
2024-05-30,25.25,92.25,Meghalaya,Lumshnong Landslide,Along Road Lumshnong NH Side,1,101.34725189208984,355.6587219238281,381.4811706542969,408.49407958984375,559.4891357421875,0.48637008666987014,0.7772,776.0238647460938,1322.0,357.3675231933594,5.895885341126151,25.47091491614314,4.7990301285115855,0.0,47.91184997558594,115.95841217041016,34.28144836425781
2022-09-15,26.0,90.0,Non-Landslide Grid,Non-Landslide Grid,"Grid (26.0, 90.0)",0,1.918591856956482,11.873977661132812,20.50166893005371,64.28266143798828,126.55067443847656,0.3772277832031726,0.3479,28.898611068725586,63.0,3.724393844604492,0.16355472571313043,4.5485220386263,0.26157735444069063,0.0,1.4790419340133667,3.221024751663208,1.801880955696106
2024-01-25,27.25,97.0,Non-Landslide Grid,Non-Landslide Grid,"Grid (27.25, 97.0)",0,0.0,0.0,0.0,1.4657981395721436,1.4657981395721436,0.31379699707025377,0.8635,1968.4161376953125,2898.0,674.0406494140625,17.165417753651425,45.64517225282971,8.324720797645515,6.055555555555555,135.86988830566406,222.66241455078125,56.98417663574219
2020-06-11,24.0,92.5,Mizoram,Mamit,Mamit3,1,35.824893951416016,52.900787353515625,75.32406616210938,193.10203552246094,312.7425231933594,0.40756225585940586,0.8869,278.63360595703125,864.0,195.9539794921875,7.443317121808474,26.943935612493448,5.500279187235453,0.0,58.76435852050781,123.90907287597656,36.05270004272461
2022-04-06,25.75,94.25,Non-Landslide Grid,Non-Landslide Grid,"Grid (25.75, 94.25)",0,0.0,10.153841972351074,11.204266548156738,14.796526908874512,20.164796829223633,0.46025085449212594,0.5294,1149.9219970703125,1853.0,357.2713623046875,11.654470318827258,27.181987901759243,5.14388994564552,0.0,92.4559326171875,138.56854248046875,26.550003051757812
2021-03-15,27.25,95.0,Non-Landslide Grid,Non-Landslide Grid,"Grid (27.25, 95.0)",0,6.398129463195801,7.507533073425293,7.719852924346924,19.700908660888672,25.277904510498047,0.4093170166014257,0.3923,107.17361450195312,22.0,3.198284864425659,0.14811800158896898,1.2012776803268783,0.10636012214405419,0.0,1.4256782531738281,2.716840982437134,0.7237850427627563
2025-09-26,25.25,91.75,Non-Landslide Grid,Non-Landslide Grid,"Grid (25.25, 91.75)",0,0.0,5.43416166305542,53.8652229309082,166.9145050048828,307.9723815917969,0.46768951416015636,0.8264,684.6930541992188,1771.0,526.1378173828125,11.198190983867946,34.69450691676559,8.788339983989749,1.1666666666666667,90.1303482055664,189.36473083496094,63.86445617675781
2020-06-02,24.75,92.5,Assam,Karimganj,SDMA/AS/2020/Karimpur Slide 1,1,117.86911010742188,225.42633056640625,337.00067138671875,411.8692932128906,479.50164794921875,0.5017623901367049,0.7691,27.9325008392334,114.0,13.478446006774902,0.5745536247366787,7.060201323014502,0.7546805728025614,0.0,4.88978910446167,15.001809120178223,5.414361953735352
2022-11-04,27.25,88.5,Sikkim,South Sikkim,Yangang Landslide Yangang,1,0.0,0.0,0.0,2.6842169761657715,177.09664916992188,0.356651306152357,0.7817000000000001,1310.343017578125,2905.0,563.8278198242188,19.43016042352437,44.443769020233006,6.897398642525547,5.361111111111111,150.6671905517578,223.98939514160156,42.2029914855957
2020-07-29,23.5,93.0,Non-Landslide Grid,Non-Landslide Grid,"Grid (23.5, 93.0)",0,18.973739624023438,23.832462310791016,31.931629180908203,105.3873519897461,265.65325927734375,0.41473388671876504,0.5732,917.0947265625,1478.0,266.5793762207031,11.932203600254475,33.52099955760416,5.647143886886906,0.19444444444444445,95.97232818603516,153.7880401611328,32.74060821533203
2023-11-25,27.75,96.0,Non-Landslide Grid,Non-Landslide Grid,"Grid (27.75, 96.0)",0,0.0,0.0,0.17533642053604126,12.185667991638184,24.749696731567383,0.3461303710938295,0.9179,200.50083923339844,408.0,71.52455139160156,0.8900150931918519,5.634020640191341,1.058786573294691,0.0,6.807943820953369,23.394710540771484,7.5052642822265625
2025-12-09,26.25,90.5,Non-Landslide Grid,Non-Landslide Grid,"Grid (26.25, 90.5)",0,0.0,0.0,0.0,0.0,0.0,0.23246765136716216,0.5630000000000001,48.86888885498047,420.0,41.738399505615234,1.109574574143597,22.476644030121314,2.718231100002853,0.0,9.38329792022705,59.14864730834961,20.585315704345703
2021-09-08,28.25,97.25,Non-Landslide Grid,Non-Landslide Grid,"Grid (28.25, 97.25)",0,2.0,26.999998092651367,26.999998092651367,112.5999984741211,234.8000030517578,0.4171638488769656,0.5476,4038.578857421875,2853.0,494.0306396484375,19.4569575784893,55.43572074199703,8.481996318199133,12.611111111111112,158.35350036621094,249.64828491210938,51.696624755859375
2025-02-13,25.5,94.0,Non-Landslide Grid,Non-Landslide Grid,"Grid (25.5, 94.0)",0,0.0,0.0,0.0,0.0,0.0,0.23248291015653128,0.6203000000000001,1779.1180419921875,2283.0,519.9027099609375,15.449684050655147,43.88097592543788,7.42973910462332,3.361111111111111,122.66064453125,211.4700469970703,49.36199188232422
2025-06-18,26.75,93.5,Non-Landslide Grid,Non-Landslide Grid,"Grid (26.75, 93.5)",0,13.69461727142334,65.51667022705078,67.97962188720703,76.69940948486328,284.7415771484375,0.47945404052735463,0.3362,78.78416442871094,35.0,5.793849945068359,0.23522763176363917,1.432164662648389,0.20169767391116272,0.0,2.129199743270874,4.874037742614746,1.4025331735610962
2020-12-04,28.25,94.25,Non-Landslide Grid,Non-Landslide Grid,"Grid (28.25, 94.25)",0,0.0,0.0,0.0,26.876060485839844,43.79735565185547,0.32886886596679876,0.8777,1888.3660888671875,3573.0,785.7053833007812,19.692724875259685,42.70369433344942,6.757839891531304,5.305555555555555,155.3228302001953,222.8927459716797,38.04297637939453
2024-03-02,25.75,91.0,Non-Landslide Grid,Non-Landslide Grid,"Grid (25.75, 91.0)",0,0.0,0.0,1.161689043045044,41.744850158691406,42.032623291015625,0.35933685302736523,0.6648000000000001,612.0349731445312,1050.0,238.98846435546875,5.518916070345803,23.40411643741614,4.103124402802134,0.0,45.028480529785156,96.34597778320312,25.762800216674805
2022-01-16,27.25,88.25,Non-Landslide Grid,Non-Landslide Grid,"Grid (27.25, 88.25)",0,0.0,0.0,0.992793619632721,0.992793619632721,22.782947540283203,0.3942184448242329,0.7896000000000001,1501.7489013671875,2997.0,562.7520751953125,20.1096381425214,40.56662648067611,7.081886297460569,6.555555555555556,159.76638793945312,230.42623901367188,40.55621337890625
2025-12-09,27.25,96.0,Non-Landslide Grid,Non-Landslide Grid,"Grid (27.25, 96.0)",0,0.0,0.0,0.0,0.0,0.0,0.3367156982422559,0.8738,630.7230834960938,1881.0,400.9184265136719,8.979290868713843,30.2655513053063,6.4156578390951085,0.027777777777777776,69.11734008789062,144.3175811767578,43.464378356933594
2023-05-05,28.75,94.0,Non-Landslide Grid,Non-Landslide Grid,"Grid (28.75, 94.0)",0,53.64340591430664,122.13359069824219,211.61239624023438,292.86529541015625,347.7498474121094,0.4278564453125013,-0.0056,3577.3251953125,2976.0,665.001953125,19.414225352620836,43.62889412441403,7.739202902579202,9.25,154.01666259765625,233.36834716796875,45.09198760986328
2024-05-28,23.5,92.75,Mizoram,Aizawl Aibawk Landslide,Aibawk Village,1,75.6821517944336,124.16787719726562,149.87127685546875,158.71707153320312,266.5117492675781,0.42999267578125,0.789,685.7172241210938,1302.0,248.54957580566406,11.267666801025864,31.39810393250354,5.372568735051805,0.08333333333333334,92.36515808105469,149.06800842285156,30.36924171447754
2024-12-01,26.25,90.25,Non-Landslide Grid,Non-Landslide Grid,"Grid (26.25, 90.25)",0,0.0,0.0,0.0,0.0,0.0,0.24017333984370634,0.4192,46.04166793823242,345.0,37.442012786865234,0.7831241559738612,18.369590637491665,2.120966203950077,0.0,6.556437015533447,43.48411560058594,15.787139892578125
2023-03-24,28.75,94.75,Arunachal Pradesh,Upper Siang,Tuting Landslide Bomdo_Janbo_Road,1,3.960387706756592,34.60837936401367,63.15038299560547,80.64134979248047,159.375,0.42232513427734364,0.8233,1346.776611328125,2496.0,500.8155822753906,21.126720099482604,42.692614624157635,7.449301184118711,10.222222222222223,167.07745361328125,231.20486450195312,38.11601638793945
2024-07-15,26.0,94.25,Nagaland,Wokha Landslide,Near village Wokha NH 2 'B' Khel,1,45.14871597290039,90.76277160644531,134.66966247558594,279.2060546875,519.5203857421875,0.4989318847656222,0.8825000000000001,885.2597045898438,1675.0,304.77520751953125,11.490526964431924,35.483394617014326,4.835898006153164,0.05555555555555555,89.0573959350586,133.66107177734375,26.900562286376953
2024-03-26,27.5,96.0,Non-Landslide Grid,Non-Landslide Grid,"Grid (27.5, 96.0)",0,5.3600921630859375,5.892951965332031,38.506980895996094,52.990203857421875,60.27473068237305,0.41632080078122224,0.6061000000000001,201.21360778808594,532.0,78.42937469482422,1.1679882519971398,15.455060228625408,2.348388527453235,0.0,9.16063117980957,51.294803619384766,17.13377571105957
2022-11-08,27.5,93.75,Non-Landslide Grid,Non-Landslide Grid,"Grid (27.5, 93.75)",0,0.0,0.0,0.0,61.299739837646484,264.4657897949219,0.3751144409179091,0.7909,1403.812255859375,1825.0,359.3349914550781,10.438109203008903,37.90955894955613,6.252872853036605,0.75,80.70602416992188,157.44125366210938,42.59994888305664
2020-06-24,27.0,92.75,Non-Landslide Grid,Non-Landslide Grid,"Grid (27.0, 92.75)",0,15.561785697937012,67.22968292236328,124.81009674072266,277.9254150390625,490.62359619140625,0.4332122802734698,0.6531,255.40916442871094,1151.0,220.32513427734375,4.391100052618022,30.847493056603906,5.430744113028418,0.027777777777777776,34.97422409057617,121.67218017578125,40.59346008300781
2024-10-23,26.75,91.5,Non-Landslide Grid,Non-Landslide Grid,"Grid (26.75, 91.5)",0,0.0,0.0,0.0,95.98981475830078,271.0977783203125,0.16278839111345936,0.7489,210.33778381347656,1310.0,207.87440490722656,3.043138950212208,33.61424590157977,5.138474649153563,0.1111111111111111,24.42031478881836,110.85054016113281,39.45051956176758
2025-01-25,27.75,93.5,Non-Landslide Grid,Non-Landslide Grid,"Grid (27.75, 93.5)",0,0.0,0.0,0.0,0.20475296676158905,5.996730804443359,0.36610412597662517,0.8472000000000001,1602.0572509765625,2656.0,483.55938720703125,16.271410052414023,38.71420090681496,6.355502250626034,1.25,128.99514770507812,191.6719207763672,36.09746551513672
2020-09-28,28.0,88.5,Non-Landslide Grid,Non-Landslide Grid,"Grid (28.0, 88.5)",0,2.0146660804748535,17.49272346496582,83.95645904541016,190.10276794433594,417.9111022949219,0.42176818847656383,0.2796,5095.7900390625,4396.0,387.92755126953125,13.349086794565135,73.70894448368757,8.435456979019474,3.944444444444444,106.86685943603516,213.61180114746094,80.8809585571289
2024-07-01,27.0,93.5,Arunachal Pradesh,Papum Pare,"Division IV Landslide Division IV Landslide area, Itanagar",1,61.336944580078125,92.26487731933594,103.98579406738281,244.01385498046875,403.2713317871094,0.4364776611328069,0.8901,355.9505615234375,1665.0,296.9815979003906,5.933726472852088,32.66514584979479,6.165044312996405,0.1111111111111111,49.377342224121094,140.6566925048828,47.237037658691406
2021-11-10,27.5,93.75,Non-Landslide Grid,Non-Landslide Grid,"Grid (27.5, 93.75)",0,0.0,0.0,0.0,1.878965139389038,83.24392700195312,0.33781433105462194,0.7655000000000001,1403.812255859375,1825.0,359.3349914550781,10.438109203008903,37.90955894955613,6.252872853036605,0.75,80.70602416992188,157.44125366210938,42.59994888305664
2022-01-21,26.25,94.75,Non-Landslide Grid,Non-Landslide Grid,"Grid (26.25, 94.75)",0,7.299879550933838,7.299879550933838,7.484943389892578,14.869599342346191,20.91351318359375,0.45007324218739486,0.8458,1417.0350341796875,2034.0,418.3023986816406,14.77367780465528,35.49002360140349,5.790601926520244,0.16666666666666669,115.44833374023438,163.91787719726562,29.32769775390625
2021-06-02,22.75,92.75,Non-Landslide Grid,Non-Landslide Grid,"Grid (22.75, 92.75)",0,22.735309600830078,32.374755859375,73.31696319580078,90.02662658691406,190.10585021972656,0.278476715087892,0.7616,471.7497253417969,1379.0,257.7286682128906,9.469634715442576,26.744698660572194,5.39070092400143,0.0,78.04711151123047,139.4850311279297,33.80046844482422
2024-08-19,23.75,91.75,Tripura,Teliamura Landslide,Teliamura region 23.839927,1,6.039400100708008,49.763397216796875,126.57331848144531,142.11764526367188,330.1971130371094,0.4264793395996046,0.8754000000000001,123.81305694580078,262.0,43.23754119873047,1.5564138210253045,12.083930312074296,1.4237959496706716,0.0,13.421937942504883,38.834102630615234,10.836121559143066
2023-02-01,27.25,95.5,Non-Landslide Grid,Non-Landslide Grid,"Grid (27.25, 95.5)",0,0.0,0.0,0.0,0.0,2.492335796356201,0.2872924804687636,0.659,242.67916870117188,997.0,171.97535705566406,3.1973148800343756,25.240599646989534,4.430299470185494,0.0,25.426071166992188,101.06342315673828,32.91106033325195
2023-09-18,23.75,93.25,Non-Landslide Grid,Non-Landslide Grid,"Grid (23.75, 93.25)",0,7.030266761779785,7.030266761779785,19.538856506347656,29.664196014404297,84.01880645751953,0.41247940063474475,0.8859,1111.324951171875,1782.0,321.77630615234375,12.857450198377249,40.77219974472245,6.40346406325916,1.3333333333333335,104.22640991210938,170.38052368164062,39.146873474121094
2020-05-09,26.0,92.5,Non-Landslide Grid,Non-Landslide Grid,"Grid (26.0, 92.5)",0,0.6561705470085144,1.4985988140106201,21.761337280273438,29.472681045532227,114.84999084472656,0.43475341796870864,0.7871,353.65972900390625,678.0,190.900390625,4.571070359635543,22.66155124479494,3.7939397398009924,0.0,37.79451370239258,90.0302734375,26.104530334472656
2024-01-18,28.0,97.25,Non-Landslide Grid,Non-Landslide Grid,"Grid (28.0, 97.25)",0,0.6941707730293274,0.6941707730293274,0.6941707730293274,0.6941707730293274,0.6941707730293274,0.3535156250001268,0.0442,4023.047607421875,2686.0,461.84613037109375,20.34153891437583,51.195782848450456,8.652962843079873,14.472222222222223,166.00582885742188,249.61373901367188,50.428245544433594
2020-09-05,26.5,94.75,Non-Landslide Grid,Non-Landslide Grid,"Grid (26.5, 94.75)",0,3.0801565647125244,16.43778419494629,28.61704444885254,64.60637664794922,269.0284423828125,0.489471435546869,0.8624,771.0374755859375,1800.0,311.8998718261719,12.702619608544536,34.88692521948087,5.7230700002846,0.1388888888888889,98.65028381347656,152.1187286376953,33.28971862792969
2022-07-22,23.25,93.25,Non-Landslide Grid,Non-Landslide Grid,"Grid (23.25, 93.25)",0,9.056017875671387,12.194893836975098,20.50402069091797,104.52034759521484,260.5443420410156,0.4143218994140403,0.8283,1046.5596923828125,1393.0,273.9651794433594,12.221360231224697,34.165413161651,5.353317707704028,0.1111111111111111,97.85552215576172,150.60208129882812,28.638294219970703
2023-11-12,23.75,93.25,Non-Landslide Grid,Non-Landslide Grid,"Grid (23.75, 93.25)",0,0.0,0.0,0.0,0.0,12.262252807617188,0.2770423889160111,0.8734000000000001,1111.324951171875,1782.0,321.77630615234375,12.857450198377249,40.77219974472245,6.40346406325916,1.3333333333333335,104.22640991210938,170.38052368164062,39.146873474121094
2024-04-28,24.75,94.5,Non-Landslide Grid,Non-Landslide Grid,"Grid (24.75, 94.5)",0,0.0,0.13773483037948608,1.7692651748657227,19.093189239501953,30.53641128540039,0.14205932617184988,0.6248,687.2161254882812,1415.0,292.2091369628906,10.978303236969749,27.55470340208291,5.842987960834363,0.0,88.30297088623047,145.00534057617188,37.38021469116211
2022-11-06,25.5,93.5,Non-Landslide Grid,Non-Landslide Grid,"Grid (25.5, 93.5)",0,0.0,0.0,0.0,70.36700439453125,96.04472351074219,0.4087219238281326,0.8953000000000001,611.6246948242188,1733.0,344.52703857421875,6.448069054883189,30.362898469593656,5.678965113507488,0.08333333333333334,50.81060028076172,131.47381591796875,39.818241119384766
2020-11-11,23.5,91.75,Non-Landslide Grid,Non-Landslide Grid,"Grid (23.5, 91.75)",0,0.0,0.0,5.471826553344727,45.66205596923828,192.48663330078125,0.3483047485351566,0.8728,97.3919448852539,319.0,43.598297119140625,1.3999958346849113,14.119482577744533,1.6445455420576163,0.0,11.92961597442627,40.302757263183594,12.326164245605469
2021-06-07,25.25,93.75,Manipur,Tamenglong,Tamei Village,1,0.0,1.0045697689056396,13.459959983825684,25.068614959716797,57.72819519042969,0.40768432617188577,0.7547,1232.69970703125,2240.0,469.18341064453125,14.479139277717076,44.38378731007046,7.1232052951327365,2.4166666666666665,113.90241241455078,199.898193359375,46.743064880371094
2025-05-30,25.5,92.0,Meghalaya,East Khasi Hills,ISBT Bypass Landslide 2,1,140.4612579345703,147.4078826904297,190.16481018066406,330.9189147949219,446.17572021484375,0.5179138183593407,0.6888000000000001,1362.2994384765625,1410.0,264.5621337890625,7.554808330244862,33.88208370808656,6.750802082738645,0.638888888888889,61.715328216552734,167.0863800048828,48.47831726074219
2024-07-09,24.0,93.25,Non-Landslide Grid,Non-Landslide Grid,"Grid (24.0, 93.25)",0,1.1746631860733032,16.31167984008789,69.15841674804688,113.64938354492188,130.08358764648438,0.4268569946289077,0.8927,905.4602661132812,1648.0,312.1431579589844,14.391767358776677,39.84091543188265,6.405996319269908,0.9444444444444444,114.75102233886719,183.78115844726562,38.22748565673828
2020-10-18,25.5,91.25,Non-Landslide Grid,Non-Landslide Grid,"Grid (25.5, 91.25)",0,0.0,2.9929633140563965,12.115077018737793,96.0714111328125,1263.4608154296875,0.460792541503912,0.8233,1314.7471923828125,1195.0,194.55389404296875,3.6992724359140388,23.36189833434982,3.001264442394166,0.0,31.342395782470703,79.38065338134766,22.051706314086914
2023-01-01,25.0,94.5,Non-Landslide Grid,Non-Landslide Grid,"Grid (25.0, 94.5)",0,0.0,0.0,16.489742279052734,17.394136428833008,17.394136428833008,0.21530151367185152,0.7874,1378.5263671875,2180.0,438.4300842285156,14.554947883626378,35.765322037924,5.378780229956303,0.19444444444444445,114.65390014648438,162.11016845703125,28.52706527709961
2020-07-28,25.0,94.5,Non-Landslide Grid,Non-Landslide Grid,"Grid (25.0, 94.5)",0,12.972150802612305,13.549619674682617,34.99701690673828,112.29588317871094,262.8222351074219,0.42138671875000533,0.7679,1378.5263671875,2180.0,438.4300842285156,14.554947883626378,35.765322037924,5.378780229956303,0.19444444444444445,114.65390014648438,162.11016845703125,28.52706527709961
2024-06-15,25.25,90.25,Meghalaya,Garo Kherapara Landslide,Paikan 3 Road Tura Dalu NH,1,89.07714080810547,179.7403564453125,212.24151611328125,460.58087158203125,986.9158325195312,0.42585754394533126,0.7372000000000001,73.40249633789062,225.0,46.14529037475586,1.6844911888991303,8.95405354971055,1.6341408856870685,0.0,14.641450881958008,38.95814895629883,12.443431854248047
2025-05-30,25.75,91.75,Meghalaya,Ri Bhoi,Kwinain Landslide,1,95.78997802734375,100.86360168457031,134.73489379882812,281.40594482421875,378.32513427734375,0.47858428955077265,0.6613,806.6327514648438,1218.0,244.60678100585938,4.8513282190506875,23.125668861377935,3.9623545317341726,0.0,39.709774017333984,96.14913940429688,26.952320098876953
2022-08-28,25.5,90.75,Non-Landslide Grid,Non-Landslide Grid,"Grid (25.5, 90.75)",0,151.67640686035156,151.67640686035156,237.31640625,348.66766357421875,635.2839965820312,0.465270996093741,0.8125,390.7541809082031,869.0,137.77670288085938,4.502417572893615,24.515239572592176,3.4412196162224515,0.0,36.87894058227539,86.07024383544922,23.63579559326172
2023-08-25,26.75,92.25,Non-Landslide Grid,Non-Landslide Grid,"Grid (26.75, 92.25)",0,0.7076511979103088,40.41079330444336,57.45991134643555,152.3182373046875,265.7731628417969,0.46150207519523934,0.7382000000000001,106.225830078125,116.0,23.41066551208496,0.26833882773203166,1.274270065331461,0.19523142135754473,0.0,2.162479877471924,4.925062656402588,1.253121256828308
2024-07-05,26.0,94.75,Nagaland,Chessore Landslide,Keku Chessore colony of area,1,16.528501510620117,43.34559631347656,142.65280151367188,260.2571105957031,371.3111267089844,0.4759750366209847,0.6459,1458.9405517578125,1831.0,406.3719177246094,16.022965692592955,32.756569682632716,5.710380092151458,0.2222222222222222,125.12663269042969,175.21231079101562,29.32090950012207
2025-05-30,26.25,91.75,Assam,Kamrup Metro,"Panikhaiti Landslide, near rail crossing",1,46.6163215637207,68.50579071044922,82.14204406738281,138.6289520263672,246.29090881347656,0.4809417724608681,0.7087,67.3949966430664,295.0,37.075172424316406,1.4509254283381814,16.29219827144022,2.417741974738188,0.0,12.47722339630127,53.43284225463867,18.373598098754883
2021-01-24,23.5,92.75,Non-Landslide Grid,Non-Landslide Grid,"Grid (23.5, 92.75)",0,0.0,0.0,4.330359935760498,4.330359935760498,4.330359935760498,0.18505859375001332,0.792,685.7172241210938,1302.0,248.54957580566406,11.267666801025864,31.39810393250354,5.372568735051805,0.08333333333333334,92.36515808105469,149.06800842285156,30.36924171447754
2024-04-02,28.25,97.25,Non-Landslide Grid,Non-Landslide Grid,"Grid (28.25, 97.25)",0,38.898963928222656,85.59403991699219,116.37409210205078,170.42227172851562,210.48568725585938,0.37863922119123816,-0.0196,4038.578857421875,2853.0,494.0306396484375,19.4569575784893,55.43572074199703,8.481996318199133,12.611111111111112,158.35350036621094,249.64828491210938,51.696624755859375
2022-12-03,26.0,92.0,Non-Landslide Grid,Non-Landslide Grid,"Grid (26.0, 92.0)",0,0.0,0.0,0.0,0.0,0.5235556364059448,0.28793334960937345,0.7802,425.2469482421875,849.0,238.75572204589844,4.634511980265262,21.85694252416076,3.5256456496705213,0.0,39.874755859375,84.67662811279297,24.005374908447266
2021-06-17,28.25,97.25,Non-Landslide Grid,Non-Landslide Grid,"Grid (28.25, 97.25)",0,19.200000762939453,19.200000762939453,38.20000076293945,72.19999694824219,308.60003662109375,0.41467666625979105,0.0905,4038.578857421875,2853.0,494.0306396484375,19.4569575784893,55.43572074199703,8.481996318199133,12.611111111111112,158.35350036621094,249.64828491210938,51.696624755859375
2024-03-08,24.75,94.5,Non-Landslide Grid,Non-Landslide Grid,"Grid (24.75, 94.5)",0,0.0,0.0,0.0,31.976043701171875,35.64726638793945,0.1492004394531095,0.6978000000000001,687.2161254882812,1415.0,292.2091369628906,10.978303236969749,27.55470340208291,5.842987960834363,0.0,88.30297088623047,145.00534057617188,37.38021469116211
2023-07-10,25.25,92.5,Non-Landslide Grid,Non-Landslide Grid,"Grid (25.25, 92.5)",0,3.36399507522583,6.199675559997559,25.624439239501953,72.36389923095703,409.57293701171875,0.47780609130855706,0.8427,819.6777954101562,1530.0,334.9479675292969,8.272812286185768,39.33030515212594,6.5070393989689945,1.0555555555555556,65.47273254394531,169.72897338867188,46.98260498046875
2020-06-27,27.5,88.5,Sikkim,North Sikkim,Mangan-Sangkhalang Road,1,61.33052444458008,169.75730895996094,247.52757263183594,468.8948059082031,740.1098022460938,0.4292449951171872,0.8506,2168.81982421875,3697.0,796.494384765625,23.632660743125502,49.23240538360047,7.919056484581935,20.916666666666668,188.52566528320312,282.9498291015625,52.20234680175781
2020-02-25,25.25,93.5,Non-Landslide Grid,Non-Landslide Grid,"Grid (25.25, 93.5)",0,0.0,0.0,0.0,0.0,7.1823930740356445,0.3619079589842107,0.8666,1060.439697265625,1873.0,360.42626953125,14.593124141851856,38.8512187305665,6.712043642214799,2.083333333333333,115.01531219482422,190.64218139648438,41.82122039794922
2025-09-22,26.5,94.5,Non-Landslide Grid,Non-Landslide Grid,"Grid (26.5, 94.5)",0,1.8475756645202637,11.248779296875,44.62736129760742,153.93923950195312,244.16970825195312,0.464019775390693,0.8881,507.0960998535156,1256.0,251.46871948242188,9.002657162179931,29.62424268038666,5.509161266718924,0.0,70.13532257080078,134.08241271972656,35.227352142333984
2025-04-11,26.25,94.5,Non-Landslide Grid,Non-Landslide Grid,"Grid (26.25, 94.5)",0,21.247039794921875,33.29537582397461,35.192508697509766,36.34514617919922,80.77232360839844,0.41902160644537234,0.7621,989.822509765625,1674.0,315.20281982421875,10.74273685959458,30.503507972756235,4.9305374882720026,0.027777777777777776,83.37834930419922,135.6664276123047,28.81993293762207
2021-07-30,25.0,93.0,Non-Landslide Grid,Non-Landslide Grid,"Grid (25.0, 93.0)",0,0.0,3.6467490196228027,34.936317443847656,150.31954956054688,298.6930236816406,0.4179687499999532,0.8962,384.5722351074219,1608.0,385.2471923828125,8.070900757120183,30.662939686285355,7.316109477494315,0.027777777777777776,64.66639709472656,154.00979614257812,53.41328811645508
2020-06-23,26.5,91.75,Non-Landslide Grid,Non-Landslide Grid,"Grid (26.5, 91.75)",0,0.3552740812301636,0.3552740812301636,59.772117614746094,95.67302703857422,281.69976806640625,0.47049713134765353,0.6298,62.77527618408203,27.0,5.656883716583252,0.155229743002666,0.5826327978107191,0.08573889757010468,0.0,1.5102808475494385,2.5,0.5472370982170105
2020-11-24,27.0,95.0,Non-Landslide Grid,Non-Landslide Grid,"Grid (27.0, 95.0)",0,0.0,1.1076933145523071,11.590128898620605,11.590128898620605,41.69065856933594,0.43635559082021635,0.7881,125.8324966430664,406.0,45.368919372558594,1.146625009343904,20.283662862547203,2.4844667045483537,0.0,9.403852462768555,50.658660888671875,18.543424606323242
2020-05-26,27.5,88.5,Sikkim,North Sikkim,Myong Kyong 12th Mile Slide,1,29.49650001525879,123.62144470214844,172.30499267578125,255.35000610351562,323.51312255859375,0.42608642578124856,0.8439000000000001,2168.81982421875,3697.0,796.494384765625,23.632660743125502,49.23240538360047,7.919056484581935,20.916666666666668,188.52566528320312,282.9498291015625,52.20234680175781
2020-06-02,26.75,90.5,Non-Landslide Grid,Non-Landslide Grid,"Grid (26.75, 90.5)",0,0.5281779170036316,26.5345458984375,109.21646118164062,500.8598327636719,704.228271484375,0.3420104980469151,0.7653000000000001,171.8894500732422,990.0,124.4859848022461,1.2909896125820373,22.509408613635678,2.86405486965177,0.0,9.903698921203613,56.25123977661133,21.784006118774414
2020-04-01,25.25,91.0,Non-Landslide Grid,Non-Landslide Grid,"Grid (25.25, 91.0)",0,0.0,0.0,0.0,1.5812714099884033,14.120205879211426,0.3120422363281329,0.7043,280.16278076171875,898.0,198.5218505859375,4.844563823705283,27.030050112309205,4.273744423013633,0.0,38.694488525390625,96.8629150390625,30.590980529785156
2025-05-14,26.0,94.0,Non-Landslide Grid,Non-Landslide Grid,"Grid (26.0, 94.0)",0,0.0,5.787631034851074,43.095489501953125,77.65580749511719,122.44383239746094,0.36911010742215045,0.5108,363.6197204589844,1218.0,237.57420349121094,6.430369423365052,27.277622540637047,6.292268277714375,0.0,50.72469711303711,123.57196044921875,44.698631286621094
2023-11-04,26.5,94.5,Non-Landslide Grid,Non-Landslide Grid,"Grid (26.5, 94.5)",0,0.0,0.0,0.0,16.49764060974121,103.71858978271484,0.4021911621094483,0.9017,507.0960998535156,1256.0,251.46871948242188,9.002657162179931,29.62424268038666,5.509161266718924,0.0,70.13532257080078,134.08241271972656,35.227352142333984
2025-06-02,24.75,92.75,Assam,Hailakandi,Bowarthar Region,1,22.939218521118164,260.9493713378906,336.1580810546875,436.0648193359375,590.0274658203125,0.46515274047852995,-0.1507,28.799165725708008,83.0,10.98561954498291,0.49229396524952734,4.339614597493083,0.5527330881797449,0.0,4.288497447967529,12.693502426147461,4.094924449920654
2024-05-01,25.0,93.0,Assam,Jatinga,Landslide Between Jatinga and Harangajao Station,1,12.52757453918457,24.181350708007812,65.90377807617188,147.42124938964844,222.14732360839844,0.38772583007808525,0.8041,384.5722351074219,1608.0,385.2471923828125,8.070900757120183,30.662939686285355,7.316109477494315,0.027777777777777776,64.66639709472656,154.00979614257812,53.41328811645508
2022-04-13,25.25,92.5,Meghalaya,Jaintia Hills,HP_petrol_pump_tongseng_1 behind HP Petrol Pump Tongseng,1,4.2119927406311035,15.343467712402344,20.91499900817871,66.46891784667969,231.5885467529297,0.4930801391601514,0.7032,819.6777954101562,1530.0,334.9479675292969,8.272812286185768,39.33030515212594,6.5070393989689945,1.0555555555555556,65.47273254394531,169.72897338867188,46.98260498046875
2020-09-27,25.5,92.0,Meghalaya,East Khasi Hills,Thangshalai,1,26.89640998840332,201.23959350585938,371.0223388671875,450.27935791015625,583.249755859375,0.4935150146483596,0.8498,1362.2994384765625,1410.0,264.5621337890625,7.554808330244862,33.88208370808656,6.750802082738645,0.638888888888889,61.715328216552734,167.0863800048828,48.47831726074219
2025-08-05,28.75,94.75,Non-Landslide Grid,Non-Landslide Grid,"Grid (28.75, 94.75)",0,0.6927030086517334,5.229733467102051,17.388845443725586,76.18817138671875,120.87488555908203,0.4218025207519543,0.9005000000000001,1346.776611328125,2496.0,500.8155822753906,21.126720099482604,42.692614624157635,7.449301184118711,10.222222222222223,167.07745361328125,231.20486450195312,38.11601638793945
2024-08-10,26.5,92.5,Non-Landslide Grid,Non-Landslide Grid,"Grid (26.5, 92.5)",0,18.528003692626953,72.96592712402344,99.89117431640625,163.23158264160156,279.8785095214844,0.43754577636725805,0.6161,62.19722366333008,103.0,4.550945281982422,0.18882843423828546,6.360743183467621,0.32348863849550236,0.0,1.7274324893951416,3.588175058364868,2.4443182945251465
2020-05-27,24.0,93.25,Non-Landslide Grid,Non-Landslide Grid,"Grid (24.0, 93.25)",0,30.654298782348633,37.94318771362305,73.64507293701172,86.95001220703125,140.27796936035156,0.3539962768554292,0.8729,905.4602661132812,1648.0,312.1431579589844,14.391767358776677,39.84091543188265,6.405996319269908,0.9444444444444444,114.75102233886719,183.78115844726562,38.22748565673828
2021-09-07,26.25,93.5,Non-Landslide Grid,Non-Landslide Grid,"Grid (26.25, 93.5)",0,5.417395114898682,5.417395114898682,6.952484130859375,14.944738388061523,33.77095413208008,0.4946899414062296,0.9155,764.4630737304688,1115.0,187.61453247070312,7.408891703312911,22.040349152055608,4.4865629752927605,0.0,59.740875244140625,111.79059600830078,28.440887451171875
2025-01-28,27.0,95.75,Non-Landslide Grid,Non-Landslide Grid,"Grid (27.0, 95.75)",0,0.0,0.0,0.0,1.0524673461914062,24.039146423339844,0.3348693847656209,0.8995000000000001,1342.9383544921875,1991.0,453.0468444824219,16.10166883275908,33.87289449042497,6.195499275413429,0.5277777777777778,125.71900939941406,176.2679901123047,32.73480987548828
2020-09-17,27.0,93.75,Arunachal Pradesh,Papum Pare,Bandardewa Landslide,1,15.396875381469727,49.238792419433594,135.5480499267578,230.2457733154297,281.7909240722656,0.422836303711026,0.7831,141.790283203125,561.0,89.47208404541016,1.5707203689471758,18.980671243667295,2.58089755269254,0.0,12.962088584899902,56.661376953125,19.76386070251465
2024-02-07,28.5,94.25,Non-Landslide Grid,Non-Landslide Grid,"Grid (28.5, 94.25)",0,8.994138717651367,26.954383850097656,53.70250701904297,69.81263732910156,69.91403198242188,0.3980026245117442,0.7809,2700.009765625,2854.0,589.1089477539062,19.1652531345547,45.85836536600699,7.829222579117078,8.333333333333332,149.95729064941406,244.7657470703125,52.62324523925781
2023-10-24,28.75,96.0,Non-Landslide Grid,Non-Landslide Grid,"Grid (28.75, 96.0)",0,0.0,0.0,1.8743479251861572,44.19066619873047,120.78854370117188,0.33547210693360574,0.7993,2497.4091796875,3651.0,782.8612670898438,22.067963141205666,44.771191436200475,8.098994007816286,16.694444444444446,176.60426330566406,255.8905029296875,48.057762145996094
2021-10-27,23.0,92.75,Non-Landslide Grid,Non-Landslide Grid,"Grid (23.0, 92.75)",0,1.330295443534851,2.082947015762329,41.92781448364258,71.95027923583984,152.02960205078125,0.38150787353516247,0.8843000000000001,600.8905639648438,1063.0,211.06544494628906,10.224830946019251,26.863271860186263,4.794858292963323,0.0,84.38616943359375,129.06028747558594,26.374740600585938
2021-11-17,28.75,96.5,Non-Landslide Grid,Non-Landslide Grid,"Grid (28.75, 96.5)",0,0.0,0.0,0.0,0.0,0.0,0.32937622070310785,0.7126,4022.5810546875,2639.0,468.3454895019531,23.773225686123318,50.071104792786485,9.196028748530004,27.97222222222222,197.5394287109375,286.3636169433594,50.75253677368164
2023-02-01,27.5,96.75,Non-Landslide Grid,Non-Landslide Grid,"Grid (27.5, 96.75)",0,0.0,0.0,0.0,0.0,1.8018282651901245,0.3008880615235079,0.7225,1938.3419189453125,3588.0,732.3218383789062,18.574454041287918,42.28004281447862,7.4467143033884495,6.583333333333333,146.9677734375,225.32040405273438,47.92154312133789
2025-07-11,28.25,93.5,Non-Landslide Grid,Non-Landslide Grid,"Grid (28.25, 93.5)",0,0.0,4.748276233673096,33.274078369140625,46.84568786621094,167.56689453125,0.40087890625001177,0.8893000000000001,2574.24755859375,4003.0,879.6279296875,22.806868544787083,47.53085760010291,7.9523313855157625,17.694444444444443,182.40457153320312,266.17041015625,47.88905715942383
2022-07-14,28.25,93.5,Non-Landslide Grid,Non-Landslide Grid,"Grid (28.25, 93.5)",0,1.719712257385254,6.622950553894043,20.188194274902344,75.8282470703125,378.9669189453125,0.4132232666015744,0.8375,2574.24755859375,4003.0,879.6279296875,22.806868544787083,47.53085760010291,7.9523313855157625,17.694444444444443,182.40457153320312,266.17041015625,47.88905715942383
2025-05-30,25.75,92.0,Meghalaya,Ri Bhoi,Umiam Landslide 8,1,103.3324966430664,111.45738983154297,142.70361328125,261.2294921875,363.6540222167969,0.5154647827148221,0.6665,917.2408447265625,859.0,130.39633178710938,4.714470137470853,21.87834296680697,3.6313367608752385,0.0,39.3952522277832,86.12773895263672,23.6353702545166
2020-07-11,25.5,91.25,Meghalaya,West Khasi Hills,Nongstoin - Tura By-pass,1,402.8236999511719,910.48974609375,1084.0596923828125,2065.77685546875,3344.6689453125,0.5055541992186858,0.5787,1314.7471923828125,1195.0,194.55389404296875,3.6992724359140388,23.36189833434982,3.001264442394166,0.0,31.342395782470703,79.38065338134766,22.051706314086914
2023-02-10,26.75,95.25,Non-Landslide Grid,Non-Landslide Grid,"Grid (26.75, 95.25)",0,0.759939968585968,14.263700485229492,23.09394645690918,23.09394645690918,25.186491012573242,0.32349014282239297,0.4785,999.165283203125,1860.0,331.3018493652344,12.495146441185769,32.320531578977665,5.451192168709597,0.05555555555555555,96.74822998046875,147.27569580078125,30.187822341918945
2023-10-05,27.25,93.25,Non-Landslide Grid,Non-Landslide Grid,"Grid (27.25, 93.25)",0,49.19884490966797,167.798095703125,174.33450317382812,344.29315185546875,365.0640563964844,0.42053222656249856,0.8944000000000001,1699.124755859375,2124.0,379.8884582519531,12.975082879107026,33.22601564727641,5.46034466835552,0.1388888888888889,103.07848358154297,157.81167602539062,32.20867156982422
2024-07-18,25.75,93.0,Non-Landslide Grid,Non-Landslide Grid,"Grid (25.75, 93.0)",0,2.3007915019989014,3.186150550842285,3.660076141357422,27.891067504882812,208.26470947265625,0.4796600341796899,0.8701000000000001,152.81971740722656,298.0,59.06819152832031,1.7275602753606332,10.624935907251787,1.5943327614363987,0.0,14.700528144836426,38.704246520996094,12.037955284118652
2025-04-05,26.25,94.5,Non-Landslide Grid,Non-Landslide Grid,"Grid (26.25, 94.5)",0,0.0,0.8136247992515564,1.152635097503662,2.57146954536438,47.432777404785156,0.3496170043945441,0.7621,989.822509765625,1674.0,315.20281982421875,10.74273685959458,30.503507972756235,4.9305374882720026,0.027777777777777776,83.37834930419922,135.6664276123047,28.81993293762207
2025-04-08,26.5,90.0,Non-Landslide Grid,Non-Landslide Grid,"Grid (26.5, 90.0)",0,0.0,0.0,0.0,0.0,12.615737915039062,0.1430358886720096,0.5416000000000001,56.6533317565918,52.0,9.820548057556152,0.14294568489143822,1.6674019570925946,0.12519815859582314,0.0,1.2561147212982178,2.7838821411132812,0.8265275359153748
2023-11-06,26.5,94.0,Non-Landslide Grid,Non-Landslide Grid,"Grid (26.5, 94.0)",0,0.0,0.0,0.0,30.430585861206055,84.25914764404297,0.28559875488284725,0.7609,99.54611206054688,41.0,6.083729267120361,0.206291623045438,1.4451307569681917,0.16176084901716478,0.0,1.8473849296569824,3.8078866004943848,1.0516762733459473
2021-03-25,28.0,93.5,Non-Landslide Grid,Non-Landslide Grid,"Grid (28.0, 93.5)",0,14.801712989807129,15.544327735900879,20.742630004882812,43.767765045166016,85.27677917480469,0.4071655273437608,0.683,1484.33642578125,2599.0,493.2527160644531,19.551023521149574,43.518193096968105,7.1927422143998125,7.638888888888889,155.8037567138672,234.24903869628906,41.94073486328125
2024-12-09,27.25,94.0,Non-Landslide Grid,Non-Landslide Grid,"Grid (27.25, 94.0)",0,0.0,2.4973654747009277,2.4973654747009277,2.4973654747009277,3.5234341621398926,0.20001220703117192,0.4532,180.665283203125,1383.0,181.9029998779297,2.438772057464298,32.53731372794104,4.801649722757222,0.16666666666666669,19.482275009155273,96.9761962890625,36.374298095703125
2024-08-06,24.75,93.25,Manipur,JiribamSonapu r Landslide,"Sonapur Panchayat, Gram Jiribam",1,39.018611907958984,57.263885498046875,165.23538208007812,209.5205535888672,305.2646179199219,0.4143180847168052,0.8439000000000001,391.63970947265625,1431.0,303.173828125,9.487265584750292,34.49709226203304,6.790725772983349,0.3611111111111111,75.60086822509766,152.48123168945312,46.09552001953125
2020-06-26,26.25,91.75,Assam,Kamrup Rural,SDMA/AS/2020/North Guwahati1,1,23.522783279418945,57.049217224121094,74.32940673828125,169.21067810058594,247.5874481201172,0.4868087768554453,0.7918000000000001,67.3949966430664,295.0,37.075172424316406,1.4509254283381814,16.29219827144022,2.417741974738188,0.0,12.47722339630127,53.43284225463867,18.373598098754883
2023-10-20,26.5,94.0,Non-Landslide Grid,Non-Landslide Grid,"Grid (26.5, 94.0)",0,0.0,0.0,0.006338764913380146,60.31581115722656,160.41586303710938,0.3943939208984477,0.8729,99.54611206054688,41.0,6.083729267120361,0.206291623045438,1.4451307569681917,0.16176084901716478,0.0,1.8473849296569824,3.8078866004943848,1.0516762733459473
2020-10-23,25.25,94.0,Manipur,Senapati,Khongnem-Thana,1,30.10742950439453,45.69832229614258,88.19474792480469,108.96797943115234,209.93563842773438,0.4316101074218997,0.7974,1435.4375,1921.0,378.2546081542969,12.086842826308223,43.383133090803064,5.811415353223593,0.6944444444444444,94.75314331054688,156.38818359375,36.18202209472656
2025-07-22,27.75,94.25,Non-Landslide Grid,Non-Landslide Grid,"Grid (27.75, 94.25)",0,0.5900009870529175,8.731863021850586,21.24944305419922,39.82455825805664,218.75045776367188,0.4040184020996019,0.8651000000000001,893.6763916015625,2277.0,427.7653503417969,17.322903873453644,42.07766441958304,6.998357627634596,2.861111111111111,140.36521911621094,206.5841827392578,40.71442794799805
2024-08-29,26.25,94.5,Nagaland,Longsa Landslide,Between Longsa and Bridge NH 202 Junction Dikhu,1,0.46014899015426636,37.974525451660156,67.35554504394531,116.02657318115234,329.630615234375,0.4609146118163949,0.9088,989.822509765625,1674.0,315.20281982421875,10.74273685959458,30.503507972756235,4.9305374882720026,0.027777777777777776,83.37834930419922,135.6664276123047,28.81993293762207
2022-08-05,26.0,95.0,Non-Landslide Grid,Non-Landslide Grid,"Grid (26.0, 95.0)",0,28.509078979492188,34.457881927490234,74.40873718261719,149.67919921875,215.872802734375,0.4233856201174416,0.8612000000000001,1610.9891357421875,2688.0,589.7425537109375,16.027499746653127,40.90710192479149,5.811093611007914,1.2222222222222223,125.35421752929688,178.60330200195312,32.72863006591797
2021-03-12,24.75,93.0,Non-Landslide Grid,Non-Landslide Grid,"Grid (24.75, 93.0)",0,0.0,0.28323864936828613,8.8776216506958,9.65283489227295,9.65283489227295,0.22702026367189326,0.4701,62.61916732788086,690.0,84.31732177734375,1.6367193980536439,30.097787496872282,3.1067266734390007,0.05555555555555555,13.475712776184082,55.42180252075195,22.83565330505371
2022-09-06,27.25,93.5,Non-Landslide Grid,Non-Landslide Grid,"Grid (27.25, 93.5)",0,22.886608123779297,68.37582397460938,153.2334747314453,238.68589782714844,398.9299621582031,0.46652984619139576,0.7433000000000001,1506.97412109375,2357.0,400.4650573730469,13.490002771301448,35.73032569319689,5.876769363504501,0.3888888888888889,106.12234497070312,172.48289489746094,35.388729095458984
2024-06-13,27.5,88.5,Sikkim,Pakshep Landslide,Pakshep Mangan area in,1,60.79869842529297,171.9498291015625,246.72531127929688,445.1075744628906,553.9413452148438,0.4267883300781245,0.8892,2168.81982421875,3697.0,796.494384765625,23.632660743125502,49.23240538360047,7.919056484581935,20.916666666666668,188.52566528320312,282.9498291015625,52.20234680175781
2020-12-18,25.5,93.75,Non-Landslide Grid,Non-Landslide Grid,"Grid (25.5, 93.75)",0,0.0,0.0,0.0,0.0,1.696231722831726,0.2750244140623953,0.8704000000000001,1053.5872802734375,2037.0,386.0133056640625,14.16904624860355,41.285730438317074,7.158854539432471,1.6111111111111112,110.56718444824219,187.04185485839844,46.31894302368164
2020-04-30,26.5,93.0,Non-Landslide Grid,Non-Landslide Grid,"Grid (26.5, 93.0)",0,6.976241111755371,10.255087852478027,38.1326904296875,99.78262329101562,108.34855651855469,0.4738006591796982,0.5766,168.4308319091797,661.0,166.31455993652344,2.8684557130330925,24.76766018774044,4.400372428445073,0.0,23.470603942871094,100.2459487915039,32.69191360473633
2022-06-18,24.75,92.75,Assam,Cachar,Borakhai_tea_estate Borakhai Tea Estate near NIT Silchar,1,70.46005249023438,208.8103485107422,249.48583984375,333.4415283203125,574.6976318359375,0.48851776123044705,-0.055,28.799165725708008,83.0,10.98561954498291,0.49229396524952734,4.339614597493083,0.5527330881797449,0.0,4.288497447967529,12.693502426147461,4.094924449920654
2023-09-10,25.5,90.75,Non-Landslide Grid,Non-Landslide Grid,"Grid (25.5, 90.75)",0,0.04605695977807045,25.196765899658203,60.02577209472656,175.73171997070312,472.4026794433594,0.4778213500976666,0.8412000000000001,390.7541809082031,869.0,137.77670288085938,4.502417572893615,24.515239572592176,3.4412196162224515,0.0,36.87894058227539,86.07024383544922,23.63579559326172
2021-05-18,24.0,94.0,Non-Landslide Grid,Non-Landslide Grid,"Grid (24.0, 94.0)",0,1.2000576257705688,1.5000507831573486,30.70149040222168,68.00140380859375,88.00325012207031,0.26931762695358114,0.7227,1112.3905029296875,1970.0,384.6387023925781,13.368118460135134,30.430661338561226,5.088212487763951,0.027777777777777776,107.17179870605469,151.6919403076172,26.42008399963379
2021-07-26,24.25,94.25,Manipur,Chandel,Chahmol Village,1,2.799520492553711,15.799297332763672,35.097389221191406,81.29515838623047,110.09452056884766,0.4713668823243332,0.8747,480.40582275390625,1260.0,290.3222961425781,6.270173512438982,22.01110060871449,4.972308546349556,0.0,50.020259857177734,104.46087646484375,34.80989456176758
2025-12-18,28.0,96.75,Non-Landslide Grid,Non-Landslide Grid,"Grid (28.0, 96.75)",0,0.0,0.0,0.0,0.0,0.0,0.2734222412106808,0.8445,2343.101318359375,3668.0,819.2395629882812,24.44451092859459,44.491718187459,7.8590097378516806,25.75,195.9915313720703,268.7579345703125,45.308929443359375
2025-09-03,27.5,92.0,Arunachal Pradesh,Tawang,"Balipara-Charduar-Tawang Road, NH 13",1,24.783279418945312,37.942596435546875,60.633399963378906,83.82463836669922,212.50653076171875,0.4047241210937315,0.8644000000000001,3475.0341796875,3058.0,652.0191040039062,18.466368893188104,37.90957696530571,7.294949739263102,4.75,145.92019653320312,217.28733825683594,43.05392074584961
2023-01-09,26.5,95.0,Non-Landslide Grid,Non-Landslide Grid,"Grid (26.5, 95.0)",0,0.0,0.0,0.0,9.117810249328613,9.254118919372559,0.30810546875002215,0.7491,1117.9442138671875,2290.0,539.2392578125,13.935030303286451,29.537497348062463,6.369523827887884,0.0,107.99993133544922,165.35928344726562,37.627197265625
2021-08-30,23.75,93.25,Non-Landslide Grid,Non-Landslide Grid,"Grid (23.75, 93.25)",0,26.99713706970215,87.74466705322266,96.74955749511719,158.6204833984375,339.02972412109375,0.4204063415527332,0.8414,1111.324951171875,1782.0,321.77630615234375,12.857450198377249,40.77219974472245,6.40346406325916,1.3333333333333335,104.22640991210938,170.38052368164062,39.146873474121094
2025-05-30,26.0,91.75,Meghalaya,Ri Bhoi,Byrnihat Landslide 4,1,63.76811981201172,76.97537231445312,92.93867492675781,169.11962890625,273.59130859375,0.5051498413085942,0.7742,323.899169921875,766.0,135.91363525390625,4.957392974049627,20.61693827486847,3.3378267914883613,0.0,42.12355041503906,83.86418151855469,22.39252471923828
2022-06-21,26.75,95.25,Non-Landslide Grid,Non-Landslide Grid,"Grid (26.75, 95.25)",0,13.941853523254395,49.93446731567383,107.85372161865234,209.8937530517578,357.9256896972656,0.42066192626957133,0.7496,999.165283203125,1860.0,331.3018493652344,12.495146441185769,32.320531578977665,5.451192168709597,0.05555555555555555,96.74822998046875,147.27569580078125,30.187822341918945
2021-09-26,25.5,91.25,Non-Landslide Grid,Non-Landslide Grid,"Grid (25.5, 91.25)",0,4.68178653717041,9.730661392211914,24.856552124023438,114.19698333740234,278.6888122558594,0.49431610107422713,0.7786000000000001,1314.7471923828125,1195.0,194.55389404296875,3.6992724359140388,23.36189833434982,3.001264442394166,0.0,31.342395782470703,79.38065338134766,22.051706314086914
2025-08-14,26.0,93.25,Non-Landslide Grid,Non-Landslide Grid,"Grid (26.0, 93.25)",0,3.5776097774505615,16.778776168823242,19.65087127685547,35.32002258300781,53.348140716552734,0.49462890625000844,0.8502000000000001,189.2513885498047,451.0,83.03459930419922,2.0104656236977556,16.68519870123601,2.0140117777215854,0.0,16.337059020996094,43.61671447753906,14.256046295166016
2021-06-08,27.25,93.25,Arunachal Pradesh,Papum Pare,Leporiang,1,75.32597351074219,117.26152038574219,358.60723876953125,547.4483032226562,807.359619140625,0.4251785278320305,0.5731,1699.124755859375,2124.0,379.8884582519531,12.975082879107026,33.22601564727641,5.46034466835552,0.1388888888888889,103.07848358154297,157.81167602539062,32.20867156982422
2024-05-24,28.75,95.25,Non-Landslide Grid,Non-Landslide Grid,"Grid (28.75, 95.25)",0,0.5765366554260254,0.5765366554260254,4.938973426818848,20.240297317504883,193.84054565429688,0.4121055603028001,0.8091,2736.5224609375,3024.0,680.1970825195312,21.292541129227764,46.450576090691925,7.699032234102267,12.694444444444445,169.8072052001953,251.97125244140625,46.55298614501953
2025-02-06,26.0,91.0,Non-Landslide Grid,Non-Landslide Grid,"Grid (26.0, 91.0)",0,0.0,0.0,0.0,0.0,5.385078430175781,0.2559509277343831,0.3589,71.23139190673828,516.0,73.41050720214844,1.2930697934097897,23.16556601795955,3.108993288451381,0.0,10.812939643859863,62.34619903564453,22.8721923828125
2024-09-28,23.25,93.25,Non-Landslide Grid,Non-Landslide Grid,"Grid (23.25, 93.25)",0,5.748624801635742,55.272682189941406,66.7308578491211,76.75756072998047,276.7433166503906,0.3947372436523471,0.8473,1046.5596923828125,1393.0,273.9651794433594,12.221360231224697,34.165413161651,5.353317707704028,0.1111111111111111,97.85552215576172,150.60208129882812,28.638294219970703
2022-05-15,25.0,92.75,Assam,Dima Hasao,bungkhang_sw1 bungkhang,1,17.392393112182617,209.87167358398438,389.2757263183594,429.9621276855469,673.3184814453125,0.47242736816394554,0.7506,274.126953125,1465.0,315.2989196777344,7.0296151565544855,32.894933863241256,6.950774825954634,0.05555555555555555,56.27210235595703,144.00457763671875,50.87444305419922
2025-04-29,27.0,94.5,Non-Landslide Grid,Non-Landslide Grid,"Grid (27.0, 94.5)",0,2.1775670051574707,14.592487335205078,141.54095458984375,197.46763610839844,232.0763702392578,0.4978027343750281,0.7169,90.65249633789062,22.0,2.8395166397094727,0.16545223562159941,0.8522828008589193,0.11457742075278793,0.0,1.5466325283050537,3.0,0.8212949633598328
2024-07-20,27.75,92.0,Non-Landslide Grid,Non-Landslide Grid,"Grid (27.75, 92.0)",0,0.14396925270557404,6.544203281402588,25.787755966186523,65.73657989501953,256.1141357421875,0.41306304931640486,0.763,4297.740234375,3118.0,569.5491333007812,17.14904053708627,53.35791702363412,8.924339215195232,8.583333333333334,138.8452911376953,248.68756103515625,63.69837188720703
2020-06-17,25.25,92.25,Non-Landslide Grid,Non-Landslide Grid,"Grid (25.25, 92.25)",0,2.601344108581543,56.41069412231445,75.2139663696289,321.5365905761719,702.5665893554688,0.485492706298886,0.7694000000000001,776.0238647460938,1322.0,357.3675231933594,5.895885341126151,25.47091491614314,4.7990301285115855,0.0,47.91184997558594,115.95841217041016,34.28144836425781
2025-05-30,27.25,93.0,Arunachal Pradesh,East Kameng,"Bana Seppa Road, NH 13",1,41.689762115478516,59.7403564453125,68.91607666015625,158.5515594482422,304.8686828613281,0.42796325683594244,0.8375,1055.2911376953125,1795.0,369.5699157714844,14.651790736714245,36.79736456471443,6.273287109789744,1.0833333333333335,117.70903015136719,182.6220245361328,37.93098068237305
2022-05-15,25.0,92.75,Assam,Cachar,bandarkhal_north_1 bandarkhal,1,17.392393112182617,209.87167358398438,389.2757263183594,429.9621276855469,673.3184814453125,0.47242736816394554,0.7506,274.126953125,1465.0,315.2989196777344,7.0296151565544855,32.894933863241256,6.950774825954634,0.05555555555555555,56.27210235595703,144.00457763671875,50.87444305419922
2023-07-16,26.0,94.75,Nagaland,Kiphire,Kiphire Landslide Shamator Kiphire Road Section,1,34.25857925415039,97.66703796386719,110.72653198242188,201.68260192871094,416.3250427246094,0.5059509277343299,0.8337,1458.9405517578125,1831.0,406.3719177246094,16.022965692592955,32.756569682632716,5.710380092151458,0.2222222222222222,125.12663269042969,175.21231079101562,29.32090950012207
2025-08-24,23.25,93.0,Non-Landslide Grid,Non-Landslide Grid,"Grid (23.25, 93.0)",0,0.7852275967597961,8.216824531555176,20.130813598632812,101.83656311035156,294.0067138671875,0.415618896484383,0.8241,859.9835815429688,1165.0,239.15235900878906,12.048439866175153,31.73787841922022,5.3319287892461125,0.1111111111111111,97.79130554199219,147.54791259765625,29.074769973754883
2022-12-16,25.0,94.5,Non-Landslide Grid,Non-Landslide Grid,"Grid (25.0, 94.5)",0,0.0,0.0,0.0,0.0,0.0,0.20530700683595088,0.8210000000000001,1378.5263671875,2180.0,438.4300842285156,14.554947883626378,35.765322037924,5.378780229956303,0.19444444444444445,114.65390014648438,162.11016845703125,28.52706527709961
2024-02-08,27.25,93.25,Non-Landslide Grid,Non-Landslide Grid,"Grid (27.25, 93.25)",0,0.17429697513580322,10.562705039978027,13.27621078491211,26.65085220336914,27.81351089477539,0.40913009643556386,0.8095,1699.124755859375,2124.0,379.8884582519531,12.975082879107026,33.22601564727641,5.46034466835552,0.1388888888888889,103.07848358154297,157.81167602539062,32.20867156982422
2023-01-09,28.75,95.5,Non-Landslide Grid,Non-Landslide Grid,"Grid (28.75, 95.5)",0,0.0,0.0,0.06770779192447662,35.4368782043457,40.44094467163086,0.3994293212890295,0.773,2814.7041015625,2566.0,517.5949096679688,17.756420548127217,41.784986840461634,7.09236317665413,4.194444444444445,139.83053588867188,213.91949462890625,43.74800491333008
2025-03-09,26.5,90.0,Non-Landslide Grid,Non-Landslide Grid,"Grid (26.5, 90.0)",0,0.0,0.0,0.0,8.919532775878906,9.027544021606445,0.13584899902359227,0.5065000000000001,56.6533317565918,52.0,9.820548057556152,0.14294568489143822,1.6674019570925946,0.12519815859582314,0.0,1.2561147212982178,2.7838821411132812,0.8265275359153748
2022-02-11,27.0,95.75,Non-Landslide Grid,Non-Landslide Grid,"Grid (27.0, 95.75)",0,0.19586299359798431,1.037914752960205,24.77031707763672,47.698936462402344,75.83543395996094,0.4781875610352192,0.8494,1342.9383544921875,1991.0,453.0468444824219,16.10166883275908,33.87289449042497,6.195499275413429,0.5277777777777778,125.71900939941406,176.2679901123047,32.73480987548828
2020-06-08,24.75,93.0,Assam,Cachar,SDMA/AS/2020/SONAI2,1,2.852910280227661,11.8728609085083,147.4499053955078,343.9496154785156,403.38201904296875,0.4176330566406086,0.7334,62.61916732788086,690.0,84.31732177734375,1.6367193980536439,30.097787496872282,3.1067266734390007,0.05555555555555555,13.475712776184082,55.42180252075195,22.83565330505371
2022-04-18,27.5,92.75,Non-Landslide Grid,Non-Landslide Grid,"Grid (27.5, 92.75)",0,2.8206231594085693,2.9726948738098145,21.21187973022461,68.45345306396484,149.6375732421875,0.4232254028320275,0.8676,1803.6317138671875,2967.0,603.0645751953125,17.73978145129577,37.561653767107956,6.495172339377297,3.166666666666667,139.00157165527344,206.5306854248047,37.23012924194336
2024-09-30,27.5,88.5,Sikkim,Lower Tintek Landslide,"Marchak, Tintek Lower",1,1.6248518228530884,133.48056030273438,234.44615173339844,281.36053466796875,401.2912902832031,0.42959594726562245,0.8729,2168.81982421875,3697.0,796.494384765625,23.632660743125502,49.23240538360047,7.919056484581935,20.916666666666668,188.52566528320312,282.9498291015625,52.20234680175781
2024-07-11,24.25,93.0,Non-Landslide Grid,Non-Landslide Grid,"Grid (24.25, 93.0)",0,2.862353801727295,10.626079559326172,44.59721374511719,151.6357421875,257.3299255371094,0.4143447875976572,0.8530000000000001,422.1736145019531,1251.0,231.21096801757812,10.7432791899611,34.451684288921626,5.380399914738746,0.1388888888888889,86.97298431396484,138.01837158203125,30.29278564453125
2022-07-24,28.5,94.25,Non-Landslide Grid,Non-Landslide Grid,"Grid (28.5, 94.25)",0,6.191354274749756,35.142398834228516,113.9385757446289,129.6708221435547,340.48944091796875,0.42427062988280606,0.8512000000000001,2700.009765625,2854.0,589.1089477539062,19.1652531345547,45.85836536600699,7.829222579117078,8.333333333333332,149.95729064941406,244.7657470703125,52.62324523925781
2024-05-05,27.75,96.5,Non-Landslide Grid,Non-Landslide Grid,"Grid (27.75, 96.5)",0,0.0,16.93760108947754,240.6578369140625,454.3836669921875,603.6672973632812,0.44337463378911446,0.8400000000000001,1912.2774658203125,3015.0,640.3836669921875,21.45163246151097,40.459199193143306,7.178409802011485,10.75,171.69166564941406,237.52938842773438,40.915340423583984
2023-12-24,23.25,93.0,Non-Landslide Grid,Non-Landslide Grid,"Grid (23.25, 93.0)",0,0.2527369558811188,0.2527369558811188,0.2527369558811188,0.6246919631958008,63.000732421875,0.29647827148437345,0.8971,859.9835815429688,1165.0,239.15235900878906,12.048439866175153,31.73787841922022,5.3319287892461125,0.1111111111111111,97.79130554199219,147.54791259765625,29.074769973754883
2022-05-24,27.25,93.25,Non-Landslide Grid,Non-Landslide Grid,"Grid (27.25, 93.25)",0,0.0,11.673222541809082,96.72697448730469,474.49688720703125,524.123291015625,0.4299392700195315,0.6924,1699.124755859375,2124.0,379.8884582519531,12.975082879107026,33.22601564727641,5.46034466835552,0.1388888888888889,103.07848358154297,157.81167602539062,32.20867156982422
2021-11-27,26.5,91.25,Non-Landslide Grid,Non-Landslide Grid,"Grid (26.5, 91.25)",0,0.0,0.0,0.0,0.0,0.0,0.1735153198242137,0.5352,49.15250015258789,30.0,5.363800525665283,0.18562209965120394,0.7075021771317639,0.11761823001777501,0.0,1.8064534664154053,3.3175644874572754,0.807574987411499
2022-05-15,25.25,93.0,Assam,Dima Hasao,"L13 Near Kendri Vidyalaya, Halflong",1,13.70791244506836,171.51666259765625,325.0523681640625,348.9837951660156,558.1865234375,0.47109222412107926,0.7867000000000001,581.3922119140625,1271.0,220.6673126220703,7.95753565762605,30.952647139700577,4.65836575833331,0.027777777777777776,63.11333465576172,118.19319915771484,29.522968292236328
2024-08-23,28.0,95.75,Non-Landslide Grid,Non-Landslide Grid,"Grid (28.0, 95.75)",0,43.24529266357422,45.07979965209961,45.545631408691406,133.82894897460938,239.53756713867188,0.4535293579102576,0.8164,171.66221618652344,722.0,49.30070114135742,0.4719888783910699,17.954853852767833,1.0716985973237028,0.0,3.549304723739624,7.690090179443359,7.308851718902588
2020-09-08,24.75,93.0,Non-Landslide Grid,Non-Landslide Grid,"Grid (24.75, 93.0)",0,8.767477035522461,20.321624755859375,51.92985534667969,141.75404357910156,389.67572021484375,0.446319580078067,0.6471,62.61916732788086,690.0,84.31732177734375,1.6367193980536439,30.097787496872282,3.1067266734390007,0.05555555555555555,13.475712776184082,55.42180252075195,22.83565330505371
2025-09-20,28.0,95.5,Non-Landslide Grid,Non-Landslide Grid,"Grid (28.0, 95.5)",0,0.0,8.761466979980469,95.11650848388672,135.15447998046875,233.6388397216797,0.4655303955077207,0.8956000000000001,153.6744384765625,120.0,26.328083038330078,0.3271957680866793,1.892378376948654,0.2577120323122031,0.0,2.6049110889434814,6.206344127655029,1.7037417888641357
2021-03-25,24.5,94.0,Non-Landslide Grid,Non-Landslide Grid,"Grid (24.5, 94.0)",0,0.0,0.0,0.0,0.9633602499961853,2.378997802734375,0.24481201171846756,0.3163,871.6072387695312,739.0,146.46446228027344,3.882956415666678,20.998478770717725,4.831692814791372,0.0,31.758710861206055,100.81731414794922,35.78030014038086
2023-01-15,26.75,93.5,Non-Landslide Grid,Non-Landslide Grid,"Grid (26.75, 93.5)",0,0.0,0.01380080170929432,0.01380080170929432,0.01380080170929432,1.6515592336654663,0.2976379394530749,0.2213,78.78416442871094,35.0,5.793849945068359,0.23522763176363917,1.432164662648389,0.20169767391116272,0.0,2.129199743270874,4.874037742614746,1.4025331735610962
2025-09-18,29.0,95.5,Non-Landslide Grid,Non-Landslide Grid,"Grid (29.0, 95.5)",0,13.358409881591797,84.91600036621094,176.44998168945312,217.69020080566406,379.2325134277344,0.4229583740234334,0.8964000000000001,3238.650390625,1992.0,479.2296142578125,16.469424165397974,39.59498671028408,6.6568879602393976,1.7500000000000002,131.6859130859375,193.20579528808594,37.1080436706543
2024-11-21,26.25,93.75,Non-Landslide Grid,Non-Landslide Grid,"Grid (26.25, 93.75)",0,0.0,0.0,0.0,2.993593454360962,37.185638427734375,0.34794235229487913,0.8703000000000001,298.0380554199219,840.0,201.70179748535156,4.07158518576144,25.144996569127787,4.730847068924656,0.0,32.64014434814453,101.84503936767578,34.02714920043945
2024-06-15,25.5,90.25,Meghalaya,Garo Chasingre Landslide,Tura RongramDedenggre Road NH,1,97.52465057373047,188.85842895507812,222.22067260742188,494.72052001953125,1062.780517578125,0.45518493652347247,0.9006000000000001,456.1675109863281,1310.0,324.3319091796875,5.398804127806837,29.770511719549223,5.068353584541543,0.0,43.320011138916016,116.16681671142578,35.4824333190918
2021-12-27,23.25,92.5,Non-Landslide Grid,Non-Landslide Grid,"Grid (23.25, 92.5)",0,0.0,0.0,0.0,0.0,42.92530059814453,0.289634704589853,0.8948,415.3550109863281,1211.0,250.8226318359375,8.165654514477371,29.74318079250643,5.423421745520645,0.0,65.99642944335938,124.5242691040039,36.29525375366211
2020-05-01,25.25,93.75,Non-Landslide Grid,Non-Landslide Grid,"Grid (25.25, 93.75)",0,2.861473798751831,17.553316116333008,42.19546127319336,99.37950897216797,119.00275421142578,0.3616523742676304,0.8222,1232.69970703125,2240.0,469.18341064453125,14.479139277717076,44.38378731007046,7.1232052951327365,2.4166666666666665,113.90241241455078,199.898193359375,46.743064880371094
2025-05-31,26.25,91.75,Assam,Kamrup Metro,"Bhupen Hazarika Path, Navagraha Hills",1,84.89962005615234,152.96542358398438,167.04165649414062,223.528564453125,330.7607116699219,0.4634056091308524,0.7087,67.3949966430664,295.0,37.075172424316406,1.4509254283381814,16.29219827144022,2.417741974738188,0.0,12.47722339630127,53.43284225463867,18.373598098754883
2023-04-29,26.5,92.25,Non-Landslide Grid,Non-Landslide Grid,"Grid (26.5, 92.25)",0,0.0,2.1241707801818848,11.904038429260254,54.42815017700195,100.9529800415039,0.45579528808595837,0.4263,62.07083511352539,32.0,7.2921366691589355,0.18001140887036715,1.071428124322146,0.1361163404145674,0.0,1.6593478918075562,3.4469168186187744,0.9243626594543457
2021-02-08,25.0,93.25,Non-Landslide Grid,Non-Landslide Grid,"Grid (25.0, 93.25)",0,0.0,0.0,0.0,0.0,6.435807228088379,0.16363525390633632,0.7383000000000001,388.9544372558594,1577.0,313.54296875,8.403385222002298,40.00247247916611,6.875988133093646,0.5833333333333334,66.5434341430664,151.4106903076172,48.10566329956055
2020-02-21,28.0,93.5,Non-Landslide Grid,Non-Landslide Grid,"Grid (28.0, 93.5)",0,0.0,12.326491355895996,15.433284759521484,15.433284759521484,25.16851043701172,0.3988189697265729,0.8025,1484.33642578125,2599.0,493.2527160644531,19.551023521149574,43.518193096968105,7.1927422143998125,7.638888888888889,155.8037567138672,234.24903869628906,41.94073486328125
2021-12-29,25.75,94.25,Non-Landslide Grid,Non-Landslide Grid,"Grid (25.75, 94.25)",0,0.0,0.0,6.039906024932861,6.039906024932861,11.602214813232422,0.41448974609369593,0.7717,1149.9219970703125,1853.0,357.2713623046875,11.654470318827258,27.181987901759243,5.14388994564552,0.0,92.4559326171875,138.56854248046875,26.550003051757812
2022-07-01,25.75,94.75,Non-Landslide Grid,Non-Landslide Grid,"Grid (25.75, 94.75)",0,6.708262920379639,16.184429168701172,65.65535736083984,132.87448120117188,262.8232116699219,0.4850807189940274,0.8541000000000001,1144.83837890625,2030.0,426.00848388671875,16.093799853557623,38.850931907454914,6.157238975562164,1.1944444444444444,126.68045043945312,188.8299560546875,34.381961822509766
2023-03-16,22.25,92.75,Non-Landslide Grid,Non-Landslide Grid,"Grid (22.25, 92.75)",0,0.0,0.0,0.0,0.0,0.0,0.1227722167968727,0.6411,268.3175048828125,711.0,127.03475189208984,6.392025864742884,21.465236016838873,4.5493130622143605,0.0,55.32823181152344,107.2934341430664,30.79429817199707
2020-09-02,24.0,92.75,Non-Landslide Grid,Non-Landslide Grid,"Grid (24.0, 92.75)",0,6.944516658782959,30.928302764892578,57.69416427612305,145.63742065429688,260.877685546875,0.4091415405273464,0.9372,413.1927795410156,1166.0,224.97134399414062,9.87710112852536,28.642389605063794,5.463043876220932,0.0,78.46573638916016,133.672607421875,33.23142623901367
2020-07-16,25.5,93.0,Non-Landslide Grid,Non-Landslide Grid,"Grid (25.5, 93.0)",0,3.2060189247131348,23.532875061035156,67.10456085205078,86.47248840332031,215.99057006835938,0.4534149169921677,0.8948,260.9808349609375,528.0,109.60199737548828,3.776929962821571,21.606093697370188,3.0086132985999514,0.0,32.426116943359375,75.30668640136719,21.059011459350586
2025-06-02,28.75,94.0,Non-Landslide Grid,Non-Landslide Grid,"Grid (28.75, 94.0)",0,42.8004150390625,154.99038696289062,250.48216247558594,329.1566162109375,624.5493774414062,0.429840087890621,0.5081,3577.3251953125,2976.0,665.001953125,19.414225352620836,43.62889412441403,7.739202902579202,9.25,154.01666259765625,233.36834716796875,45.09198760986328
2022-05-07,25.5,94.5,Non-Landslide Grid,Non-Landslide Grid,"Grid (25.5, 94.5)",0,1.7514771223068237,6.79791784286499,32.309871673583984,62.38223648071289,139.3625946044922,0.4409027099608277,0.6996,1214.94775390625,1524.0,263.10931396484375,13.416159594748445,31.77914876142218,5.575241901226998,0.2222222222222222,104.84436798095703,152.53733825683594,28.473220825195312
2021-06-30,25.5,90.25,Meghalaya,West Garo Hills,Tura-Dalu stretch,1,111.66156005859375,234.10372924804688,516.0222778320312,664.059326171875,1025.3291015625,0.4903488159179649,0.8852000000000001,456.1675109863281,1310.0,324.3319091796875,5.398804127806837,29.770511719549223,5.068353584541543,0.0,43.320011138916016,116.16681671142578,35.4824333190918
2021-05-29,24.25,93.75,Non-Landslide Grid,Non-Landslide Grid,"Grid (24.25, 93.75)",0,0.0,1.7460932731628418,20.080076217651367,45.335121154785156,125.79039764404297,0.369827270507861,0.6487,994.7269287109375,1043.0,182.2924041748047,7.360570159897605,25.41189288464773,4.916189633151522,0.0,59.225154876708984,113.87767028808594,32.43421936035156
2023-11-25,24.25,92.75,Non-Landslide Grid,Non-Landslide Grid,"Grid (24.25, 92.75)",0,0.0,0.0,7.9032135009765625,81.55400085449219,81.55400085449219,0.3363838195800758,0.8415,251.05860900878906,821.0,166.82513427734375,6.891413606248748,23.3031321838253,5.0838525551102505,0.0,55.972328186035156,116.29582214355469,32.777156829833984
2024-06-08,27.25,95.5,Non-Landslide Grid,Non-Landslide Grid,"Grid (27.25, 95.5)",0,16.736244201660156,16.965957641601562,65.54270935058594,197.0283203125,246.74591064453125,0.47911834716800344,0.8166,242.67916870117188,997.0,171.97535705566406,3.1973148800343756,25.240599646989534,4.430299470185494,0.0,25.426071166992188,101.06342315673828,32.91106033325195
2025-11-02,25.25,90.75,Non-Landslide Grid,Non-Landslide Grid,"Grid (25.25, 90.75)",0,31.125850677490234,57.171478271484375,63.68143844604492,63.68143844604492,221.05018615722656,0.48252868652342884,0.866,220.2130584716797,990.0,198.9566192626953,5.50720102468387,27.625152906350095,4.717735264599902,0.0,45.642330169677734,112.03004455566406,33.80620574951172
2023-08-25,26.25,93.75,Non-Landslide Grid,Non-Landslide Grid,"Grid (26.25, 93.75)",0,5.708739280700684,10.584539413452148,52.31331253051758,88.83592987060547,207.34329223632812,0.452045440673806,0.8993,298.0380554199219,840.0,201.70179748535156,4.07158518576144,25.144996569127787,4.730847068924656,0.0,32.64014434814453,101.84503936767578,34.02714920043945
2022-12-27,26.5,92.0,Non-Landslide Grid,Non-Landslide Grid,"Grid (26.5, 92.0)",0,0.43026524782180786,0.43026524782180786,0.43026524782180786,0.43026524782180786,0.43026524782180786,0.29214477539060285,0.4407,64.29166412353516,31.0,6.50392484664917,0.1507893828492463,0.648211383490199,0.09358823710904016,0.0,1.4568734169006348,2.598076105117798,0.6090912818908691
2023-09-27,22.75,92.5,Non-Landslide Grid,Non-Landslide Grid,"Grid (22.75, 92.5)",0,29.964698791503906,35.47390365600586,56.23151397705078,150.38380432128906,295.73345947265625,0.4112625122070384,0.8847,154.17056274414062,613.0,108.34761047363281,4.160890702588159,22.818560370591143,3.9160354124603094,0.0,34.68327331542969,87.66633605957031,27.292755126953125
2020-08-14,26.25,94.5,Nagaland,Zunheboto,Akuluto Town,1,7.038218975067139,37.134613037109375,94.21109008789062,114.99825286865234,187.57736206054688,0.4803009033203274,0.9152,989.822509765625,1674.0,315.20281982421875,10.74273685959458,30.503507972756235,4.9305374882720026,0.027777777777777776,83.37834930419922,135.6664276123047,28.81993293762207
2020-09-15,26.0,91.25,Non-Landslide Grid,Non-Landslide Grid,"Grid (26.0, 91.25)",0,8.117053031921387,17.606731414794922,49.152767181396484,90.44305419921875,132.79286193847656,0.48800659179685313,0.8180000000000001,82.09278106689453,442.0,69.08829498291016,2.00048753778281,20.82804439509215,3.2811977086259057,0.0,17.104074478149414,69.61766052246094,24.65224266052246
2022-04-13,25.25,92.5,Meghalaya,Jaintia Hills,Byndihati-Umtyra_3 Between Byndihati and Umtyra,1,4.2119927406311035,15.343467712402344,20.91499900817871,66.46891784667969,231.5885467529297,0.4930801391601514,0.7032,819.6777954101562,1530.0,334.9479675292969,8.272812286185768,39.33030515212594,6.5070393989689945,1.0555555555555556,65.47273254394531,169.72897338867188,46.98260498046875
2020-07-08,25.75,94.5,Nagaland,Zunheboto,Between Xuivi and Kilomi District,1,1.2641271352767944,53.869930267333984,95.13236999511719,136.89114379882812,286.97283935546875,0.5018615722656362,0.9311,1396.2308349609375,2013.0,408.9830322265625,16.617851510009896,35.81275418340396,6.12449676554779,0.4166666666666667,128.43576049804688,179.00991821289062,30.28059196472168
2020-08-05,26.0,92.75,Non-Landslide Grid,Non-Landslide Grid,"Grid (26.0, 92.75)",0,12.311223030090332,12.311223030090332,54.59486389160156,132.79776000976562,324.1436462402344,0.4230422973633387,0.7572,92.85527801513672,437.0,67.35139465332031,0.672817939872994,8.807904322409069,1.2468140743328904,0.0,5.64442253112793,28.586381912231445,9.361499786376953
2023-09-27,26.75,90.75,Non-Landslide Grid,Non-Landslide Grid,"Grid (26.75, 90.75)",0,2.9823808670043945,4.350939750671387,122.90010070800781,133.43136596679688,215.078369140625,0.3281440734863682,0.8663000000000001,397.88916015625,1659.0,368.8592224121094,6.26488665703956,35.0730648698001,8.128569312154193,0.4722222222222222,49.33185577392578,167.44772338867188,61.67043685913086
2022-10-03,26.25,94.5,Non-Landslide Grid,Non-Landslide Grid,"Grid (26.25, 94.5)",0,0.0,13.935393333435059,68.05797576904297,171.57452392578125,293.17626953125,0.45637512207041275,0.9033,989.822509765625,1674.0,315.20281982421875,10.74273685959458,30.503507972756235,4.9305374882720026,0.027777777777777776,83.37834930419922,135.6664276123047,28.81993293762207
2025-05-30,25.5,91.75,Meghalaya,East Khasi Hills,Mylliem Landslide 6,1,140.50730895996094,148.46109008789062,196.48526000976562,387.7179260253906,528.7616577148438,0.5165710449218512,0.8818,1670.7216796875,913.0,153.39508056640625,5.919859729912694,32.03817497959001,5.573524917136624,0.1388888888888889,48.907474517822266,137.64651489257812,39.82622146606445
2025-10-01,27.0,95.5,Arunachal Pradesh,Tirap,Near Khonsa Town,1,43.341495513916016,43.341495513916016,50.06134796142578,182.71728515625,308.4129638671875,0.46871948242182365,0.8689,878.2063598632812,2074.0,480.03131103515625,12.628306626968714,39.39458957264711,7.148450419557855,0.8055555555555556,98.7378921508789,179.43768310546875,47.5245246887207
2020-08-31,27.5,88.25,Non-Landslide Grid,Non-Landslide Grid,"Grid (27.5, 88.25)",0,4.755906105041504,14.563469886779785,35.789859771728516,125.74532318115234,427.77972412109375,0.42578124999999606,0.3628,3683.10888671875,5499.0,1083.44580078125,24.01288268171491,52.81197458307307,8.90401633532975,24.11111111111111,192.6732635498047,312.0833435058594,62.59223556518555
2023-10-19,26.75,93.25,Non-Landslide Grid,Non-Landslide Grid,"Grid (26.75, 93.25)",0,0.30838075280189514,0.30838075280189514,40.9034309387207,116.93315124511719,294.4044494628906,0.4030838012695307,0.687,81.1066665649414,54.0,10.197127342224121,0.27788773466572253,1.4366760606726385,0.20565343808305273,0.0,2.466463565826416,5.442885398864746,1.4107826948165894
2021-08-07,23.75,91.75,Non-Landslide Grid,Non-Landslide Grid,"Grid (23.75, 91.75)",0,34.627262115478516,97.38909149169922,184.37281799316406,210.03684997558594,396.0631408691406,0.4199829101562492,0.8589,123.81305694580078,262.0,43.23754119873047,1.5564138210253045,12.083930312074296,1.4237959496706716,0.0,13.421937942504883,38.834102630615234,10.836121559143066
2024-08-18,24.75,93.75,Manipur,K. Sinam Landslide,K. Sinam Kangpokpi along Village in District NH-37,1,28.76475715637207,35.02967071533203,59.57206344604492,174.08604431152344,303.6572570800781,0.45502090454111715,0.8766,961.0741577148438,1622.0,285.96246337890625,8.732390351927053,32.08217257943746,7.811996970500874,0.08333333333333334,67.09193420410156,153.63829040527344,56.0186767578125
2021-07-17,24.25,93.5,Non-Landslide Grid,Non-Landslide Grid,"Grid (24.25, 93.5)",0,7.785754203796387,11.240116119384766,37.14313888549805,63.99522399902344,167.22879028320312,0.4116744995118161,0.8935000000000001,969.3502807617188,1563.0,260.0469055175781,10.94183110203401,41.25704250195322,6.225412892415463,0.6111111111111112,87.54002380371094,164.14285278320312,40.41925048828125
2020-11-22,27.25,94.75,Non-Landslide Grid,Non-Landslide Grid,"Grid (27.25, 94.75)",0,0.8997499942779541,1.0195776224136353,10.3411283493042,10.3411283493042,83.0406723022461,0.4791145324707222,0.6647000000000001,98.56222534179688,20.0,3.0542349815368652,0.1346666252805236,0.7194751504933604,0.08796323190569202,0.0,1.2764827013015747,2.345207929611206,0.5854437351226807
2021-09-30,27.75,96.75,Non-Landslide Grid,Non-Landslide Grid,"Grid (27.75, 96.75)",0,0.0,8.766840934753418,8.766840934753418,20.15728759765625,54.256004333496094,0.4151802062987656,0.7636000000000001,2939.690185546875,3381.0,679.4791870117188,23.2617787175157,48.74501991318944,7.818991507373922,19.72222222222222,188.0431671142578,260.81427001953125,44.29112243652344
2020-08-18,26.75,92.0,Non-Landslide Grid,Non-Landslide Grid,"Grid (26.75, 92.0)",0,7.26516580581665,7.26516580581665,44.02824783325195,53.228763580322266,365.7531433105469,0.47969055175775005,0.8317,136.9066619873047,439.0,66.59944915771484,0.697257570514572,10.005710728666225,1.2263725883885819,0.0,5.371273994445801,25.79478645324707,9.173100471496582
2024-04-03,24.5,92.25,Non-Landslide Grid,Non-Landslide Grid,"Grid (24.5, 92.25)",0,26.440217971801758,86.68508911132812,136.3690643310547,167.07308959960938,167.40823364257812,0.3584671020508684,0.7239,42.72222137451172,158.0,20.185434341430664,0.767792053854936,8.466332771113331,0.8235771111410504,0.0,6.467982769012451,17.136947631835938,6.131628513336182
2024-10-04,25.25,90.25,Meghalaya,Garo Koinadubi Landslide,"Koinadubi West Village, Garo Hills",1,116.56126403808594,161.87429809570312,222.4831085205078,409.63238525390625,460.37646484375,0.4515419006347944,0.8448,73.40249633789062,225.0,46.14529037475586,1.6844911888991303,8.95405354971055,1.6341408856870685,0.0,14.641450881958008,38.95814895629883,12.443431854248047
2020-04-14,25.5,90.0,Non-Landslide Grid,Non-Landslide Grid,"Grid (25.5, 90.0)",0,0.0,56.99064254760742,75.61351013183594,75.61351013183594,106.91970825195312,0.17524719238296996,0.5906,83.89027404785156,562.0,60.985748291015625,1.6985494366384757,18.375420595071056,1.8545637645266666,0.0,14.301230430603027,37.069862365722656,12.967105865478516
2022-04-18,22.25,93.0,Non-Landslide Grid,Non-Landslide Grid,"Grid (22.25, 93.0)",0,0.3192555904388428,1.1458320617675781,1.1458320617675781,1.1458320617675781,1.71091628074646,0.1609039306640363,0.643,830.5391845703125,1713.0,368.15631103515625,13.951789397076686,32.145788573499885,5.829028624295589,0.16666666666666669,110.75762176513672,168.91220092773438,31.81842803955078
2025-11-15,26.0,92.75,Non-Landslide Grid,Non-Landslide Grid,"Grid (26.0, 92.75)",0,0.0,0.0,0.0,12.278974533081055,24.163888931274414,0.3908538818359724,0.6187,92.85527801513672,437.0,67.35139465332031,0.672817939872994,8.807904322409069,1.2468140743328904,0.0,5.64442253112793,28.586381912231445,9.361499786376953
2022-11-23,28.5,94.5,Non-Landslide Grid,Non-Landslide Grid,"Grid (28.5, 94.5)",0,0.0,0.0,0.0,2.27846097946167,97.02059173583984,0.29214477539064543,0.8925000000000001,1978.379150390625,3601.0,703.2435913085938,21.6545655778802,47.30829583288325,7.47810168845436,12.88888888888889,170.44126892089844,247.89407348632812,43.76173400878906
2022-08-29,25.0,93.25,Non-Landslide Grid,Non-Landslide Grid,"Grid (25.0, 93.25)",0,0.15160337090492249,22.839935302734375,23.27716064453125,52.66276550292969,103.56544494628906,0.37812042236334065,0.8507,388.9544372558594,1577.0,313.54296875,8.403385222002298,40.00247247916611,6.875988133093646,0.5833333333333334,66.5434341430664,151.4106903076172,48.10566329956055
2025-08-05,27.0,95.5,Arunachal Pradesh,Tirap,between Noglo and Lazu,1,26.99104881286621,82.53316497802734,101.74054718017578,130.937255859375,249.28564453125,0.49113464355457814,0.8941,878.2063598632812,2074.0,480.03131103515625,12.628306626968714,39.39458957264711,7.148450419557855,0.8055555555555556,98.7378921508789,179.43768310546875,47.5245246887207
2020-04-19,26.75,94.75,Non-Landslide Grid,Non-Landslide Grid,"Grid (26.75, 94.75)",0,16.530517578125,37.56011199951172,52.71915054321289,60.82136154174805,68.80264282226562,0.41408920288066864,0.6589,300.79888916015625,1311.0,238.7985076904297,6.248032468997579,27.469179200102825,6.258762224316587,0.0,48.02571105957031,125.76162719726562,44.185550689697266
2022-09-08,28.0,93.75,Non-Landslide Grid,Non-Landslide Grid,"Grid (28.0, 93.75)",0,2.1233768463134766,13.213376998901367,69.3364028930664,161.49481201171875,226.6248779296875,0.426208496093745,0.8763000000000001,1455.862548828125,2434.0,492.0262756347656,20.263911744532226,40.810849556333466,7.4306715903592595,9.86111111111111,164.10630798339844,239.4039764404297,42.79767990112305
2022-04-13,25.25,92.5,Meghalaya,Jaintia Hills,Thangskai_1 near Thangskai,1,4.2119927406311035,15.343467712402344,20.91499900817871,66.46891784667969,231.5885467529297,0.4930801391601514,0.7032,819.6777954101562,1530.0,334.9479675292969,8.272812286185768,39.33030515212594,6.5070393989689945,1.0555555555555556,65.47273254394531,169.72897338867188,46.98260498046875
2024-08-10,28.25,94.25,Non-Landslide Grid,Non-Landslide Grid,"Grid (28.25, 94.25)",0,8.496179580688477,40.69828796386719,75.2970962524414,88.10291290283203,144.266845703125,0.42317962646484464,0.9127,1888.3660888671875,3573.0,785.7053833007812,19.692724875259685,42.70369433344942,6.757839891531304,5.305555555555555,155.3228302001953,222.8927459716797,38.04297637939453
2020-09-28,27.0,92.75,Non-Landslide Grid,Non-Landslide Grid,"Grid (27.0, 92.75)",0,34.77083969116211,90.92529296875,224.96754455566406,314.8312072753906,657.4369506835938,0.426391601562495,0.5351,255.40916442871094,1151.0,220.32513427734375,4.391100052618022,30.847493056603906,5.430744113028418,0.027777777777777776,34.97422409057617,121.67218017578125,40.59346008300781
2020-08-16,25.5,94.5,Non-Landslide Grid,Non-Landslide Grid,"Grid (25.5, 94.5)",0,45.665245056152344,53.623741149902344,107.19783020019531,154.2204132080078,236.6551513671875,0.4369812011719428,0.8549,1214.94775390625,1524.0,263.10931396484375,13.416159594748445,31.77914876142218,5.575241901226998,0.2222222222222222,104.84436798095703,152.53733825683594,28.473220825195312
2022-11-01,25.75,94.75,Non-Landslide Grid,Non-Landslide Grid,"Grid (25.75, 94.75)",0,0.0,0.0,4.314999103546143,44.414127349853516,99.8280258178711,0.3968734741209994,0.7999,1144.83837890625,2030.0,426.00848388671875,16.093799853557623,38.850931907454914,6.157238975562164,1.1944444444444444,126.68045043945312,188.8299560546875,34.381961822509766
2023-07-27,25.75,93.0,Non-Landslide Grid,Non-Landslide Grid,"Grid (25.75, 93.0)",0,1.0757337808609009,19.0037784576416,57.3078727722168,64.69535827636719,150.0882568359375,0.46073150634765125,0.9274,152.81971740722656,298.0,59.06819152832031,1.7275602753606332,10.624935907251787,1.5943327614363987,0.0,14.700528144836426,38.704246520996094,12.037955284118652
2025-05-31,26.25,91.75,Assam,Kamrup Metro,Near Swagat Hospital,1,84.89962005615234,152.96542358398438,167.04165649414062,223.528564453125,330.7607116699219,0.4634056091308524,0.7087,67.3949966430664,295.0,37.075172424316406,1.4509254283381814,16.29219827144022,2.417741974738188,0.0,12.47722339630127,53.43284225463867,18.373598098754883
2025-11-27,28.75,95.25,Non-Landslide Grid,Non-Landslide Grid,"Grid (28.75, 95.25)",0,0.0,0.0,0.0,0.0,40.62129211425781,0.33045196533207966,0.8612000000000001,2736.5224609375,3024.0,680.1970825195312,21.292541129227764,46.450576090691925,7.699032234102267,12.694444444444445,169.8072052001953,251.97125244140625,46.55298614501953
2022-12-15,24.75,94.0,Non-Landslide Grid,Non-Landslide Grid,"Grid (24.75, 94.0)",0,0.0,0.0,0.0,0.0,0.0,0.28318023681644044,0.6259,825.2747192382812,715.0,86.79336547851562,2.826579707596773,24.518171520500573,3.987665973213985,0.0,23.277711868286133,84.06521606445312,29.67618179321289
2024-06-15,25.25,90.25,Meghalaya,Garo Kherapara Landslide,Paikan 4 Road Tura Dalu NH,1,89.07714080810547,179.7403564453125,212.24151611328125,460.58087158203125,986.9158325195312,0.42585754394533126,0.7372000000000001,73.40249633789062,225.0,46.14529037475586,1.6844911888991303,8.95405354971055,1.6341408856870685,0.0,14.641450881958008,38.95814895629883,12.443431854248047
2023-09-04,24.75,92.5,Non-Landslide Grid,Non-Landslide Grid,"Grid (24.75, 92.5)",0,0.0,20.235923767089844,83.53115844726562,227.635986328125,512.7698364257812,0.4649429321288724,0.7749,27.9325008392334,114.0,13.478446006774902,0.5745536247366787,7.060201323014502,0.7546805728025614,0.0,4.88978910446167,15.001809120178223,5.414361953735352
2025-12-09,24.25,92.25,Non-Landslide Grid,Non-Landslide Grid,"Grid (24.25, 92.25)",0,0.0,0.0,0.0,0.0,0.0,0.1719665527343932,0.8316,82.42166900634766,394.0,35.173553466796875,1.271962195878752,16.83205201693353,1.3873413647789359,0.0,10.692564964294434,26.742700576782227,10.098943710327148
2021-10-20,26.25,91.75,Assam,Kamrup metro,Guwahati,1,8.025612831115723,8.181514739990234,9.974961280822754,59.45670700073242,127.73985290527344,0.4782714843750129,0.8447,67.3949966430664,295.0,37.075172424316406,1.4509254283381814,16.29219827144022,2.417741974738188,0.0,12.47722339630127,53.43284225463867,18.373598098754883
2021-10-30,27.75,94.75,Non-Landslide Grid,Non-Landslide Grid,"Grid (27.75, 94.75)",0,0.0,0.0,0.11411469429731369,57.69612121582031,100.55615234375,0.33284759521489216,0.8993,500.0322265625,1511.0,326.0230407714844,8.518411246684085,33.117979039440804,6.495407946808469,0.05555555555555555,69.726318359375,148.8292694091797,46.75351333618164
2024-09-24,26.0,91.5,Non-Landslide Grid,Non-Landslide Grid,"Grid (26.0, 91.5)",0,8.539058685302734,8.539058685302734,11.927157402038574,42.69546890258789,166.2074737548828,0.4801330566405955,0.8672000000000001,140.79083251953125,633.0,141.95619201660156,3.0672199291626563,21.513750580420666,4.1192893226981155,0.0,25.340831756591797,86.41690063476562,30.186782836914062
2024-06-03,25.5,94.5,Non-Landslide Grid,Non-Landslide Grid,"Grid (25.5, 94.5)",0,1.3846161365509033,20.273143768310547,148.2877655029297,229.84024047851562,274.9109802246094,0.4639129638669255,0.6609,1214.94775390625,1524.0,263.10931396484375,13.416159594748445,31.77914876142218,5.575241901226998,0.2222222222222222,104.84436798095703,152.53733825683594,28.473220825195312
2024-08-13,24.5,93.0,Non-Landslide Grid,Non-Landslide Grid,"Grid (24.5, 93.0)",0,3.156463623046875,21.072250366210938,61.456939697265625,220.44577026367188,280.74755859375,0.4058685302734264,0.8959,199.3169403076172,900.0,190.72097778320312,5.500342727895433,27.18743015094595,5.209598479718961,0.0,44.432010650634766,116.27139282226562,37.216575622558594
2020-04-02,28.25,94.5,Non-Landslide Grid,Non-Landslide Grid,"Grid (28.25, 94.5)",0,5.876699447631836,7.146143436431885,23.02020263671875,31.804731369018555,66.21670532226562,0.4281692504882858,0.7211000000000001,1686.3961181640625,3514.0,743.6204223632812,17.929890212742986,36.91777834329499,6.461823604418964,2.888888888888889,140.04136657714844,205.31048583984375,37.11265182495117
2022-09-09,26.25,94.0,Non-Landslide Grid,Non-Landslide Grid,"Grid (26.25, 94.0)",0,0.0,17.181228637695312,36.74551773071289,103.34530639648438,194.86146545410156,0.46153259277344555,0.7536,169.57777404785156,572.0,108.93779754638672,1.6135853471430621,20.000780087104882,2.877309930075903,0.0,13.115928649902344,61.819244384765625,21.755287170410156
2022-05-15,25.0,93.0,Assam,Cachar,lodhi_basti2 lodhi basti,1,25.542255401611328,166.13734436035156,303.17938232421875,348.6574401855469,537.8242797851562,0.418289184570331,0.792,384.5722351074219,1608.0,385.2471923828125,8.070900757120183,30.662939686285355,7.316109477494315,0.027777777777777776,64.66639709472656,154.00979614257812,53.41328811645508
2020-02-02,27.75,97.0,Non-Landslide Grid,Non-Landslide Grid,"Grid (27.75, 97.0)",0,7.91024923324585,27.130746841430664,27.130746841430664,61.85826873779297,87.1270751953125,0.37741088867199857,0.8344,2927.447998046875,3348.0,798.8855590820312,23.93215221198625,52.00139621883584,8.939823506109038,27.333333333333332,193.59352111816406,285.50946044921875,55.51548385620117
2025-06-01,27.75,93.75,Arunachal Pradesh,Keyi Panyor,Param Putu Circle,1,8.74760913848877,187.9248504638672,201.12770080566406,228.3284454345703,341.5022277832031,0.42619705200195,0.8241,1453.1263427734375,1994.0,357.58099365234375,15.182590486794677,36.29878503196507,6.710351564314028,1.5277777777777777,120.02904510498047,194.6954803466797,42.93043518066406
2020-12-07,26.25,94.0,Non-Landslide Grid,Non-Landslide Grid,"Grid (26.25, 94.0)",0,0.6807291507720947,0.6807291507720947,0.6807291507720947,3.5797982215881348,4.362636566162109,0.34362030029302343,0.5218,169.57777404785156,572.0,108.93779754638672,1.6135853471430621,20.000780087104882,2.877309930075903,0.0,13.115928649902344,61.819244384765625,21.755287170410156
2024-12-23,24.25,93.5,Non-Landslide Grid,Non-Landslide Grid,"Grid (24.25, 93.5)",0,0.0,0.0,0.0,0.0,5.023416519165039,0.23111724853532023,0.8180000000000001,969.3502807617188,1563.0,260.0469055175781,10.94183110203401,41.25704250195322,6.225412892415463,0.6111111111111112,87.54002380371094,164.14285278320312,40.41925048828125
2022-05-15,25.25,92.75,Assam,Dima Hasao,nachangjol_2 nachangjol,1,13.491990089416504,218.3403778076172,403.6387023925781,433.88177490234375,692.2595825195312,0.47227859497074953,0.6979000000000001,1091.2467041015625,1373.0,231.5597381591797,7.584705907355589,34.43482800660637,4.5059173844757305,0.1111111111111111,60.79730224609375,117.44474792480469,29.72018051147461
2021-08-13,22.5,93.0,Non-Landslide Grid,Non-Landslide Grid,"Grid (22.5, 93.0)",0,3.060011148452759,34.36819076538086,91.05155181884766,183.99203491210938,531.3681030273438,0.42059326171874034,0.8444,878.2855834960938,1778.0,377.2521057128906,14.638061184349539,36.38334612643967,5.925709104680568,0.4444444444444444,117.57864379882812,173.31338500976562,32.15381622314453
2023-06-23,27.0,92.5,Arunachal Pradesh,West Kameng,Sessa Landslide Balipara-Charduar-Tawang road,1,1.9461417198181152,53.487815856933594,170.2294158935547,444.5871887207031,552.5540161132812,0.4257354736329425,0.8266,741.2086181640625,3050.0,695.518798828125,9.641513969355696,38.87096797564732,8.623184388668472,1.5,77.50574493408203,186.1094207763672,64.16087341308594
2022-06-29,26.5,91.75,Non-Landslide Grid,Non-Landslide Grid,"Grid (26.5, 91.75)",0,16.906429290771484,24.26316261291504,33.54983901977539,429.7300109863281,710.1148681640625,0.47706604003905734,0.6289,62.77527618408203,27.0,5.656883716583252,0.155229743002666,0.5826327978107191,0.08573889757010468,0.0,1.5102808475494385,2.5,0.5472370982170105
2024-08-07,24.75,93.5,Manipur,Nungba Landslide,Near Nungba region,1,14.699999809265137,64.89999389648438,100.39999389648438,159.89263916015625,224.1860809326172,0.4246520996093977,0.7951,656.288330078125,1534.0,273.30828857421875,13.92695372753795,35.9465555765086,6.308069798004876,0.7777777777777778,110.30641174316406,178.22549438476562,37.871456146240234
2020-06-25,27.5,88.5,Sikkim,East Sikkim,North_Sikkim_cutoff_event_3,1,38.24916076660156,75.10148620605469,167.6402587890625,357.68408203125,610.2171630859375,0.42666625976562117,0.8506,2168.81982421875,3697.0,796.494384765625,23.632660743125502,49.23240538360047,7.919056484581935,20.916666666666668,188.52566528320312,282.9498291015625,52.20234680175781
2022-05-15,25.0,93.0,Assam,Dima Hasao,new_harangjao3 new harangjao,1,25.542255401611328,166.13734436035156,303.17938232421875,348.6574401855469,537.8242797851562,0.418289184570331,0.792,384.5722351074219,1608.0,385.2471923828125,8.070900757120183,30.662939686285355,7.316109477494315,0.027777777777777776,64.66639709472656,154.00979614257812,53.41328811645508
2022-11-10,23.5,91.75,Non-Landslide Grid,Non-Landslide Grid,"Grid (23.5, 91.75)",0,0.0,0.0,0.0,0.0,64.28614807128906,0.3047332763672068,0.8544,97.3919448852539,319.0,43.598297119140625,1.3999958346849113,14.119482577744533,1.6445455420576163,0.0,11.92961597442627,40.302757263183594,12.326164245605469
2022-03-25,29.0,94.75,Non-Landslide Grid,Non-Landslide Grid,"Grid (29.0, 94.75)",0,30.10146141052246,50.879398345947266,137.08135986328125,137.08135986328125,174.96009826660156,0.4266662597656269,0.7103,2266.47265625,3982.0,977.2572021484375,23.34678201392546,45.73915737302446,8.39788877188829,22.36111111111111,186.8229217529297,272.851318359375,50.38182067871094
2024-05-29,26.25,94.25,Non-Landslide Grid,Non-Landslide Grid,"Grid (26.25, 94.25)",0,42.31537628173828,113.48786163330078,157.35647583007812,184.921630859375,242.17263793945312,0.4710159301757618,0.7535000000000001,491.7852783203125,1126.0,202.76712036132812,8.039417040978874,28.470151641754825,5.29589844356717,0.0,62.95243835449219,122.80960845947266,34.49464797973633
2024-05-19,25.75,92.0,Non-Landslide Grid,Non-Landslide Grid,"Grid (25.75, 92.0)",0,4.214845657348633,22.819982528686523,32.42403793334961,98.41819763183594,110.93941497802734,0.48293304443364127,0.5917,917.2408447265625,859.0,130.39633178710938,4.714470137470853,21.87834296680697,3.6313367608752385,0.0,39.3952522277832,86.12773895263672,23.6353702545166
2025-01-01,26.0,90.0,Non-Landslide Grid,Non-Landslide Grid,"Grid (26.0, 90.0)",0,0.0,0.0,0.0,0.0,0.0,0.08421325683604072,0.1998,28.898611068725586,63.0,3.724393844604492,0.16355472571313043,4.5485220386263,0.26157735444069063,0.0,1.4790419340133667,3.221024751663208,1.801880955696106
2022-07-16,26.5,90.75,Non-Landslide Grid,Non-Landslide Grid,"Grid (26.5, 90.75)",0,0.0,1.8435559272766113,30.940540313720703,37.51588439941406,596.4597778320312,0.3690643310546987,0.6566000000000001,54.024444580078125,234.0,14.469660758972168,0.37174232379941785,14.821543779722273,1.1144722758464185,0.0,3.3137152194976807,3.9536359310150146,8.71249008178711
2020-06-20,25.25,90.25,Non-Landslide Grid,Non-Landslide Grid,"Grid (25.25, 90.25)",0,2.3606271743774414,208.614013671875,299.02960205078125,529.2628784179688,1016.89501953125,0.4471435546875464,0.7922,73.40249633789062,225.0,46.14529037475586,1.6844911888991303,8.95405354971055,1.6341408856870685,0.0,14.641450881958008,38.95814895629883,12.443431854248047
2024-12-30,24.0,92.5,Non-Landslide Grid,Non-Landslide Grid,"Grid (24.0, 92.5)",0,0.0,0.0,0.0,0.2385524958372116,13.956659317016602,0.1882019042969061,0.8420000000000001,278.63360595703125,864.0,195.9539794921875,7.443317121808474,26.943935612493448,5.500279187235453,0.0,58.76435852050781,123.90907287597656,36.05270004272461
2023-09-16,27.5,96.75,Non-Landslide Grid,Non-Landslide Grid,"Grid (27.5, 96.75)",0,0.0,0.03754669055342674,4.264542579650879,16.034238815307617,129.41612243652344,0.47572326660153974,0.8718,1938.3419189453125,3588.0,732.3218383789062,18.574454041287918,42.28004281447862,7.4467143033884495,6.583333333333333,146.9677734375,225.32040405273438,47.92154312133789
2020-02-10,25.0,93.75,Non-Landslide Grid,Non-Landslide Grid,"Grid (25.0, 93.75)",0,2.783600330352783,3.171863079071045,3.171863079071045,11.138498306274414,11.138498306274414,0.3089904785157556,0.8233,1265.4688720703125,2081.0,432.47119140625,14.538912014989583,40.723699976416356,7.183837064458101,1.9444444444444444,113.70149230957031,193.79930114746094,47.90442657470703
2021-11-03,26.5,94.25,Non-Landslide Grid,Non-Landslide Grid,"Grid (26.5, 94.25)",0,0.0,3.3490359783172607,3.3490359783172607,23.17314910888672,60.99289321899414,0.3793258666993128,0.8992,189.35638427734375,810.0,108.3760986328125,2.4571540846781,28.84645973882282,3.593153905716134,0.0,19.35856819152832,70.91165161132812,25.592174530029297
2024-01-16,25.75,92.0,Non-Landslide Grid,Non-Landslide Grid,"Grid (25.75, 92.0)",0,0.0,0.0,0.0,0.0,0.5500128269195557,0.3439331054687709,0.5705,917.2408447265625,859.0,130.39633178710938,4.714470137470853,21.87834296680697,3.6313367608752385,0.0,39.3952522277832,86.12773895263672,23.6353702545166
2020-02-02,27.5,88.75,Non-Landslide Grid,Non-Landslide Grid,"Grid (27.5, 88.75)",0,0.0,12.969645500183105,12.969645500183105,13.557045936584473,55.0978889465332,0.381942749023394,0.3681,3655.463623046875,3785.0,916.703857421875,20.971574388527277,46.42993270893594,8.447305502800985,15.611111111111112,171.92767333984375,259.5278625488281,51.53205490112305
2025-06-07,26.25,91.75,Assam,Kamrup Metro,"RupNagar Region, Guwahati",1,0.0,14.35232162475586,36.573753356933594,203.61538696289062,349.0751647949219,0.4636154174804795,0.8332,67.3949966430664,295.0,37.075172424316406,1.4509254283381814,16.29219827144022,2.417741974738188,0.0,12.47722339630127,53.43284225463867,18.373598098754883
2020-07-10,27.0,93.75,Arunachal Pradesh,Papum Pare,Modrijo,1,27.963924407958984,102.52297973632812,156.30386352539062,234.94447326660156,603.6886596679688,0.42800903320316663,0.5862,141.790283203125,561.0,89.47208404541016,1.5707203689471758,18.980671243667295,2.58089755269254,0.0,12.962088584899902,56.661376953125,19.76386070251465
2022-08-24,27.75,92.25,Non-Landslide Grid,Non-Landslide Grid,"Grid (27.75, 92.25)",0,8.649449348449707,18.798324584960938,31.130157470703125,47.5660285949707,213.7142333984375,0.396728515625029,0.6421,4753.14111328125,3193.0,500.3550720214844,16.699716847559724,40.642120257495016,8.164041230138745,6.888888888888889,135.24229431152344,225.8867645263672,52.33216857910156
2024-12-23,25.25,93.5,Non-Landslide Grid,Non-Landslide Grid,"Grid (25.25, 93.5)",0,0.0,0.0,0.0,0.0,0.38335976004600525,0.29141235351546085,0.8976000000000001,1060.439697265625,1873.0,360.42626953125,14.593124141851856,38.8512187305665,6.712043642214799,2.083333333333333,115.01531219482422,190.64218139648438,41.82122039794922
2021-11-01,28.75,94.0,Non-Landslide Grid,Non-Landslide Grid,"Grid (28.75, 94.0)",0,6.074408054351807,7.014108657836914,30.905080795288086,100.94095611572266,188.14056396484375,0.4158172607421884,-0.0125,3577.3251953125,2976.0,665.001953125,19.414225352620836,43.62889412441403,7.739202902579202,9.25,154.01666259765625,233.36834716796875,45.09198760986328
2024-03-02,27.0,92.75,Non-Landslide Grid,Non-Landslide Grid,"Grid (27.0, 92.75)",0,0.0,0.0,0.0,11.525694847106934,19.121782302856445,0.29885864257806155,0.3575,255.40916442871094,1151.0,220.32513427734375,4.391100052618022,30.847493056603906,5.430744113028418,0.027777777777777776,34.97422409057617,121.67218017578125,40.59346008300781
2020-06-09,27.75,95.75,Non-Landslide Grid,Non-Landslide Grid,"Grid (27.75, 95.75)",0,0.0,13.244462013244629,167.8517303466797,339.06195068359375,499.676513671875,0.4325942993163845,0.5035000000000001,135.81472778320312,29.0,5.7640509605407715,0.18216602711762214,1.387874253946801,0.14190128771812477,0.0,1.645431399345398,3.4278273582458496,0.9563491344451904
2022-10-20,26.75,93.0,Non-Landslide Grid,Non-Landslide Grid,"Grid (26.75, 93.0)",0,0.0,0.0,7.863682746887207,273.68310546875,376.33929443359375,0.38425445556645116,0.7776000000000001,76.99722290039062,54.0,7.969385147094727,0.20260103374914112,1.2051084865701036,0.15606920765892474,0.0,1.8137434720993042,4.183300018310547,1.0959464311599731
2023-09-16,25.0,93.0,Non-Landslide Grid,Non-Landslide Grid,"Grid (25.0, 93.0)",0,0.0,0.7614511847496033,33.265316009521484,48.37274932861328,280.94708251953125,0.3703613281250447,0.8440000000000001,384.5722351074219,1608.0,385.2471923828125,8.070900757120183,30.662939686285355,7.316109477494315,0.027777777777777776,64.66639709472656,154.00979614257812,53.41328811645508
2025-03-14,27.75,92.75,Non-Landslide Grid,Non-Landslide Grid,"Grid (27.75, 92.75)",0,15.109722137451172,16.87759780883789,21.260833740234375,30.84482192993164,40.01784896850586,0.4281768798828153,0.0787,2777.78857421875,4468.0,873.0940551757812,20.95534962571717,46.83326311687205,7.829214708175818,11.777777777777777,166.9709930419922,250.79298400878906,48.583499908447266
2022-10-24,23.5,91.5,Non-Landslide Grid,Non-Landslide Grid,"Grid (23.5, 91.5)",0,31.49881362915039,31.49881362915039,31.843250274658203,62.44305419921875,261.332275390625,0.5064239501951768,0.6821,56.6069450378418,199.0,28.764816284179688,0.9478303748513243,9.569014472456242,0.903505507840783,0.0,8.022164344787598,19.110843658447266,6.463800430297852
2024-05-09,25.5,91.75,Non-Landslide Grid,Non-Landslide Grid,"Grid (25.5, 91.75)",0,3.187682867050171,20.93532943725586,63.14999771118164,78.44563293457031,95.58393096923828,0.491096496582038,0.7050000000000001,1670.7216796875,913.0,153.39508056640625,5.919859729912694,32.03817497959001,5.573524917136624,0.1388888888888889,48.907474517822266,137.64651489257812,39.82622146606445
2021-01-26,27.0,92.75,Non-Landslide Grid,Non-Landslide Grid,"Grid (27.0, 92.75)",0,0.0,0.0,17.416748046875,18.05375862121582,18.206750869750977,0.30846405029289786,0.4568,255.40916442871094,1151.0,220.32513427734375,4.391100052618022,30.847493056603906,5.430744113028418,0.027777777777777776,34.97422409057617,121.67218017578125,40.59346008300781
2025-09-17,28.0,93.25,Non-Landslide Grid,Non-Landslide Grid,"Grid (28.0, 93.25)",0,15.228910446166992,51.961669921875,78.98158264160156,152.58888244628906,254.930908203125,0.4277877807617181,0.9236,1965.9844970703125,3492.0,621.1699829101562,19.39743554027697,42.119196939304246,7.237502995633268,6.861111111111111,153.54193115234375,228.49781799316406,42.730045318603516
2023-04-27,28.75,95.75,Non-Landslide Grid,Non-Landslide Grid,"Grid (28.75, 95.75)",0,0.0,1.0898659229278564,30.108570098876953,45.744956970214844,99.97118377685547,0.42582321166992076,0.6912,2329.892333984375,2786.0,595.1620483398438,18.067088109814307,42.4756221836399,8.234818771439365,9.388888888888888,143.6309356689453,242.38714599609375,55.86472702026367
2023-07-27,28.25,93.75,Non-Landslide Grid,Non-Landslide Grid,"Grid (28.25, 93.75)",0,7.718934535980225,36.41148376464844,46.9228515625,92.29621124267578,213.6029510498047,0.42111206054687345,0.7020000000000001,2163.187744140625,3233.0,651.02685546875,21.59219516730122,43.9618607568965,7.902084776124613,14.63888888888889,170.12351989746094,251.8534393310547,47.64670944213867
2023-08-16,24.75,93.5,Manipur,Noney,Khongsang Landslide Imphal Silchar Road,1,5.774277687072754,7.367267608642578,14.752182006835938,77.8455810546875,103.00847625732422,0.41986083984378075,0.9247,656.288330078125,1534.0,273.30828857421875,13.92695372753795,35.9465555765086,6.308069798004876,0.7777777777777778,110.30641174316406,178.22549438476562,37.871456146240234
2022-08-24,26.5,94.0,Non-Landslide Grid,Non-Landslide Grid,"Grid (26.5, 94.0)",0,0.7282772660255432,17.748876571655273,30.422914505004883,71.47051239013672,199.68382263183594,0.41044616699223124,0.7849,99.54611206054688,41.0,6.083729267120361,0.206291623045438,1.4451307569681917,0.16176084901716478,0.0,1.8473849296569824,3.8078866004943848,1.0516762733459473
2022-09-02,23.75,92.25,Non-Landslide Grid,Non-Landslide Grid,"Grid (23.75, 92.25)",0,2.855585813522339,5.614443778991699,41.27463150024414,125.47395324707031,288.12811279296875,0.4137496948242169,0.906,286.8108215332031,792.0,156.8992462158203,6.455399862731471,22.633933340531765,5.127083891809967,0.0,51.970577239990234,118.72166442871094,34.0297737121582
2025-05-21,27.0,95.25,Non-Landslide Grid,Non-Landslide Grid,"Grid (27.0, 95.25)",0,7.47261905670166,14.931499481201172,33.414329528808594,106.04425811767578,305.7976379394531,0.4515991210938032,0.8602000000000001,360.5635986328125,1241.0,234.73947143554688,6.347254151889837,26.816205826252787,5.681313410802673,0.0,50.52357482910156,118.57117462158203,39.50800323486328
2022-01-16,23.5,92.5,Non-Landslide Grid,Non-Landslide Grid,"Grid (23.5, 92.5)",0,0.18058602511882782,1.8468676805496216,2.892657518386841,2.892657518386841,2.892657518386841,0.26725769042968406,0.8531000000000001,496.1630554199219,1128.0,215.22274780273438,10.230260678356062,29.680199679241476,5.2741438966790035,0.0,84.38279724121094,136.08900451660156,32.635520935058594
2025-07-16,25.5,90.75,Non-Landslide Grid,Non-Landslide Grid,"Grid (25.5, 90.75)",0,5.446990013122559,28.68921661376953,58.7257080078125,130.9307861328125,304.4706726074219,0.4998855590820148,0.8433,390.7541809082031,869.0,137.77670288085938,4.502417572893615,24.515239572592176,3.4412196162224515,0.0,36.87894058227539,86.07024383544922,23.63579559326172
2020-07-05,25.0,93.25,Non-Landslide Grid,Non-Landslide Grid,"Grid (25.0, 93.25)",0,12.377007484436035,14.401949882507324,33.92829513549805,93.28668975830078,165.5826416015625,0.4161834716797213,0.8413,388.9544372558594,1577.0,313.54296875,8.403385222002298,40.00247247916611,6.875988133093646,0.5833333333333334,66.5434341430664,151.4106903076172,48.10566329956055
2023-02-12,27.5,88.25,Non-Landslide Grid,Non-Landslide Grid,"Grid (27.5, 88.25)",0,0.0,3.0815794467926025,21.16164779663086,21.42011260986328,23.240571975708008,0.398895263671864,0.2299,3683.10888671875,5499.0,1083.44580078125,24.01288268171491,52.81197458307307,8.90401633532975,24.11111111111111,192.6732635498047,312.0833435058594,62.59223556518555
2021-08-24,27.75,96.0,Non-Landslide Grid,Non-Landslide Grid,"Grid (27.75, 96.0)",0,11.287787437438965,42.83226776123047,117.42037200927734,198.38157653808594,268.5689697265625,0.4784622192382036,0.8994000000000001,200.50083923339844,408.0,71.52455139160156,0.8900150931918519,5.634020640191341,1.058786573294691,0.0,6.807943820953369,23.394710540771484,7.5052642822265625
2021-01-19,25.75,93.75,Non-Landslide Grid,Non-Landslide Grid,"Grid (25.75, 93.75)",0,0.0,0.0,0.0,0.1358623206615448,0.1358623206615448,0.3003044128417985,0.7448,323.7869567871094,1453.0,169.9934844970703,3.137159307419787,28.946238016299887,3.842826353315334,0.0,25.070592880249023,84.23445892333984,28.07028579711914
2023-09-21,24.75,93.0,Non-Landslide Grid,Non-Landslide Grid,"Grid (24.75, 93.0)",0,73.12348937988281,101.68529510498047,105.51699829101562,162.52297973632812,338.4744873046875,0.45558166503900044,0.6239,62.61916732788086,690.0,84.31732177734375,1.6367193980536439,30.097787496872282,3.1067266734390007,0.05555555555555555,13.475712776184082,55.42180252075195,22.83565330505371
2025-07-23,26.75,92.0,Non-Landslide Grid,Non-Landslide Grid,"Grid (26.75, 92.0)",0,0.0,1.8185615539550781,16.866024017333984,59.581119537353516,301.6735534667969,0.47355651855463876,0.7627,136.9066619873047,439.0,66.59944915771484,0.697257570514572,10.005710728666225,1.2263725883885819,0.0,5.371273994445801,25.79478645324707,9.173100471496582
2020-02-23,23.5,93.25,Non-Landslide Grid,Non-Landslide Grid,"Grid (23.5, 93.25)",0,0.0,0.0,0.0,0.10177716612815857,0.6158390045166016,0.17630767822264348,0.7853,1168.5150146484375,1179.0,224.37669372558594,11.817134948886705,32.43801863001352,5.679167882227417,0.1111111111111111,95.34366607666016,150.8507080078125,32.57124710083008
2023-12-17,28.25,97.0,Non-Landslide Grid,Non-Landslide Grid,"Grid (28.25, 97.0)",0,0.0,0.0,12.758612632751465,35.54103088378906,61.44305419921875,0.3483505249024483,0.6773,2937.380615234375,3915.0,898.3536987304688,25.401639802241334,57.30023526726715,9.746530013211483,36.19444444444444,207.5095672607422,316.9516296386719,67.75711059570312
2020-08-04,25.5,93.25,Non-Landslide Grid,Non-Landslide Grid,"Grid (25.5, 93.25)",0,0.8456441760063171,0.8456441760063171,12.874553680419922,87.03519439697266,172.78848266601562,0.43525695800786235,0.9089,358.20166015625,609.0,98.87348175048828,4.135225908768584,22.99099559897999,3.4155016860409595,0.0,33.49117660522461,81.11685180664062,22.557592391967773
2021-01-07,25.75,93.25,Non-Landslide Grid,Non-Landslide Grid,"Grid (25.75, 93.25)",0,0.0,0.2721492648124695,0.2721492648124695,0.2721492648124695,0.2721492648124695,0.27919769287112517,0.5239,240.9116668701172,374.0,73.08515930175781,2.4310288845095096,11.502144607010557,1.999552036504579,0.0,20.06298828125,48.11341094970703,14.144377708435059
2022-02-10,27.5,94.75,Non-Landslide Grid,Non-Landslide Grid,"Grid (27.5, 94.75)",0,0.0,1.6264041662216187,18.34416961669922,38.91618347167969,63.862754821777344,0.35630035400416105,0.479,104.59388732910156,38.0,5.581822395324707,0.1302345706068359,1.1555514767930655,0.1032864828524461,0.0,1.1642005443572998,2.423840045928955,0.6909770369529724
2025-06-18,24.75,94.25,Non-Landslide Grid,Non-Landslide Grid,"Grid (24.75, 94.25)",0,3.04836106300354,37.849708557128906,38.251792907714844,50.58722686767578,339.8046875,0.4434051513670543,0.7859,1074.4000244140625,1538.0,283.6929016113281,13.63312290726426,27.502933685967555,5.48280181319473,0.0,109.33614349365234,154.9348602294922,28.626388549804688
2022-11-22,25.25,90.25,Non-Landslide Grid,Non-Landslide Grid,"Grid (25.25, 90.25)",0,0.0,0.0,0.0,0.0,201.63636779785156,0.2559661865234901,0.7825000000000001,73.40249633789062,225.0,46.14529037475586,1.6844911888991303,8.95405354971055,1.6341408856870685,0.0,14.641450881958008,38.95814895629883,12.443431854248047
2021-10-23,24.25,93.0,Non-Landslide Grid,Non-Landslide Grid,"Grid (24.25, 93.0)",0,0.0,80.40821075439453,105.64786529541016,105.64786529541016,176.71363830566406,0.381843566894524,0.9078,422.1736145019531,1251.0,231.21096801757812,10.7432791899611,34.451684288921626,5.380399914738746,0.1388888888888889,86.97298431396484,138.01837158203125,30.29278564453125
2025-11-04,28.5,93.5,Non-Landslide Grid,Non-Landslide Grid,"Grid (28.5, 93.5)",0,0.0,12.959587097167969,34.78940200805664,40.674766540527344,67.38894653320312,0.394210815429701,0.8350000000000001,3411.674560546875,3765.0,826.7841796875,20.60021656963089,52.52021406191496,8.94526016023897,14.416666666666666,156.19125366210938,259.6390686035156,63.15973663330078
2021-05-05,27.25,95.25,Non-Landslide Grid,Non-Landslide Grid,"Grid (27.25, 95.25)",0,0.21418365836143494,34.909278869628906,40.025047302246094,63.338375091552734,80.69176483154297,0.4370155334473773,0.6631,118.54083251953125,211.0,9.696734428405762,0.22504747920484852,11.413607213835506,0.6574771540889619,0.0,2.055091381072998,2.915475845336914,4.99699592590332
2025-03-28,28.0,95.0,Non-Landslide Grid,Non-Landslide Grid,"Grid (28.0, 95.0)",0,0.0,0.0,10.012267112731934,43.25093078613281,64.27200317382812,0.36227416992192196,0.7504000000000001,837.0311279296875,1798.0,399.0563659667969,12.274925900524995,33.17538171446187,7.039361689145617,0.3055555555555556,99.63040161132812,177.19049072265625,47.71099090576172
2024-08-15,27.75,96.75,Non-Landslide Grid,Non-Landslide Grid,"Grid (27.75, 96.75)",0,0.39429450035095215,0.39429450035095215,21.627185821533203,77.20491790771484,107.5678482055664,0.4247817993163467,0.8498,2939.690185546875,3381.0,679.4791870117188,23.2617787175157,48.74501991318944,7.818991507373922,19.72222222222222,188.0431671142578,260.81427001953125,44.29112243652344
2024-09-03,27.75,97.0,Non-Landslide Grid,Non-Landslide Grid,"Grid (27.75, 97.0)",0,0.2377633899450302,2.9808731079101562,7.98406982421875,13.09013843536377,58.48197555541992,0.4268112182617329,0.8286,2927.447998046875,3348.0,798.8855590820312,23.93215221198625,52.00139621883584,8.939823506109038,27.333333333333332,193.59352111816406,285.50946044921875,55.51548385620117
2020-04-04,24.0,91.75,Non-Landslide Grid,Non-Landslide Grid,"Grid (24.0, 91.75)",0,2.4337358474731445,12.536608695983887,12.536608695983887,12.955007553100586,18.236221313476562,0.22765350341801016,0.6351,97.42472076416016,381.0,54.14148712158203,1.479486148698273,14.643667531994335,1.9171856520033936,0.0,12.111098289489746,46.464691162109375,13.882058143615723
2021-11-09,27.75,91.75,Non-Landslide Grid,Non-Landslide Grid,"Grid (27.75, 91.75)",0,0.0,0.0,0.0,1.1523011922836304,56.261940002441406,0.36047363281247924,0.6703,3811.190673828125,3426.0,719.0172119140625,21.427624015103362,46.613342239590125,9.426926135794474,19.52777777777778,172.4033966064453,277.4831237792969,62.34989547729492
2024-07-12,27.25,88.25,Sikkim,Makha Landslide,"Near Sisney, to 10th Mile Makha close in",1,47.33409881591797,60.94157409667969,110.39510345458984,213.03170776367188,520.560546875,0.4237365722656257,0.7933,1501.7489013671875,2997.0,562.7520751953125,20.1096381425214,40.56662648067611,7.081886297460569,6.555555555555556,159.76638793945312,230.42623901367188,40.55621337890625
2023-11-21,28.75,94.75,Non-Landslide Grid,Non-Landslide Grid,"Grid (28.75, 94.75)",0,0.0,0.0,0.2955230176448822,0.6658205986022949,13.796420097351074,0.33720397949215375,0.8609,1346.776611328125,2496.0,500.8155822753906,21.126720099482604,42.692614624157635,7.449301184118711,10.222222222222223,167.07745361328125,231.20486450195312,38.11601638793945
2024-01-22,27.0,94.25,Non-Landslide Grid,Non-Landslide Grid,"Grid (27.0, 94.25)",0,0.0,0.0,0.0,0.0,0.0,0.24589538574202385,0.432,86.0183334350586,14.0,2.3724570274353027,0.15339693133018162,0.7595510239630698,0.09990164677995549,0.0,1.5030637979507446,2.7613401412963867,0.6967684626579285
2023-04-11,22.75,93.0,Non-Landslide Grid,Non-Landslide Grid,"Grid (22.75, 93.0)",0,0.0,0.0,11.857165336608887,68.92078399658203,99.0625991821289,0.16045379638675344,0.6857000000000001,789.2650146484375,1898.0,341.1698913574219,14.561089002221255,36.86079860562968,6.300029884029621,1.027777777777778,116.944091796875,181.39210510253906,35.221229553222656
2023-01-27,25.5,92.75,Non-Landslide Grid,Non-Landslide Grid,"Grid (25.5, 92.75)",0,0.0,0.0,0.0,0.0,0.0,0.2918701171875292,0.6435000000000001,586.2133178710938,856.0,209.28675842285156,4.4531155842589465,21.4801619072271,3.528074163719557,0.0,35.90679168701172,87.60953521728516,24.07171630859375
2020-10-04,25.75,94.0,Nagaland,Kohima,Lower PWD,1,3.334923505783081,22.894840240478516,47.2657470703125,91.02558898925781,270.0194396972656,0.47821044921870287,0.8759,1057.0296630859375,2478.0,501.8348388671875,12.132001583102527,38.017046564435354,6.381968560798878,0.9722222222222222,94.8803939819336,172.8865203857422,42.01777267456055
2025-10-28,24.5,94.0,Non-Landslide Grid,Non-Landslide Grid,"Grid (24.5, 94.0)",0,0.0,0.0,0.0,2.5582082271575928,58.97355651855469,0.4089050292967242,0.6548,871.6072387695312,739.0,146.46446228027344,3.882956415666678,20.998478770717725,4.831692814791372,0.0,31.758710861206055,100.81731414794922,35.78030014038086
2025-05-30,26.0,91.75,Meghalaya,Ri Bhoi,Umling Landslide 3,1,63.76811981201172,76.97537231445312,92.93867492675781,169.11962890625,273.59130859375,0.5051498413085942,0.7742,323.899169921875,766.0,135.91363525390625,4.957392974049627,20.61693827486847,3.3378267914883613,0.0,42.12355041503906,83.86418151855469,22.39252471923828
2025-04-04,26.0,94.25,Non-Landslide Grid,Non-Landslide Grid,"Grid (26.0, 94.25)",0,0.0,0.0,0.0,6.159267425537109,27.618968963623047,0.29094696044928897,0.5691,885.2597045898438,1675.0,304.77520751953125,11.490526964431924,35.483394617014326,4.835898006153164,0.05555555555555555,89.0573959350586,133.66107177734375,26.900562286376953
2024-12-20,27.75,92.25,Non-Landslide Grid,Non-Landslide Grid,"Grid (27.75, 92.25)",0,0.0,0.0,0.0,0.15091000497341156,1.5629243850708008,0.2979812622071428,0.293,4753.14111328125,3193.0,500.3550720214844,16.699716847559724,40.642120257495016,8.164041230138745,6.888888888888889,135.24229431152344,225.8867645263672,52.33216857910156
2024-08-13,25.25,92.75,Non-Landslide Grid,Non-Landslide Grid,"Grid (25.25, 92.75)",0,34.45405960083008,69.95359802246094,141.30613708496094,365.1794738769531,478.3851013183594,0.4880294799804328,0.8374,1091.2467041015625,1373.0,231.5597381591797,7.584705907355589,34.43482800660637,4.5059173844757305,0.1111111111111111,60.79730224609375,117.44474792480469,29.72018051147461
2024-11-08,25.75,91.75,Non-Landslide Grid,Non-Landslide Grid,"Grid (25.75, 91.75)",0,0.0,0.5614826083183289,17.821674346923828,30.239898681640625,41.93528747558594,0.4387855529785089,0.8187000000000001,806.6327514648438,1218.0,244.60678100585938,4.8513282190506875,23.125668861377935,3.9623545317341726,0.0,39.709774017333984,96.14913940429688,26.952320098876953
2022-05-15,25.25,93.0,Assam,Dima Hasao,jatinga_lumpur jatonga_lumpur,1,13.70791244506836,171.51666259765625,325.0523681640625,348.9837951660156,558.1865234375,0.47109222412107926,0.7867000000000001,581.3922119140625,1271.0,220.6673126220703,7.95753565762605,30.952647139700577,4.65836575833331,0.027777777777777776,63.11333465576172,118.19319915771484,29.522968292236328
2024-07-29,24.75,93.5,Manipur,Rengpang Landslide,Between Rengpang Nungba and villages,1,0.0,5.09175443649292,28.873611450195312,63.36867141723633,326.98614501953125,0.4131851196289343,0.4959,656.288330078125,1534.0,273.30828857421875,13.92695372753795,35.9465555765086,6.308069798004876,0.7777777777777778,110.30641174316406,178.22549438476562,37.871456146240234
2024-04-14,28.0,94.75,Non-Landslide Grid,Non-Landslide Grid,"Grid (28.0, 94.75)",0,0.0,0.33792591094970703,11.5950288772583,75.87762451171875,112.39508819580078,0.36385345458982227,0.7756000000000001,868.9953002929688,1410.0,281.4892883300781,11.962375729382549,31.314883041830033,5.951567221273456,0.08333333333333334,95.5738525390625,158.34274291992188,36.94168472290039
2024-08-01,24.75,94.0,Manipur,Oinam Landslide,OinamLeikai,1,8.97309684753418,35.41419219970703,45.78013610839844,75.12477111816406,192.93064880371094,0.4724349975585754,0.7804,825.2747192382812,715.0,86.79336547851562,2.826579707596773,24.518171520500573,3.987665973213985,0.0,23.277711868286133,84.06521606445312,29.67618179321289
2021-05-18,28.25,96.25,Non-Landslide Grid,Non-Landslide Grid,"Grid (28.25, 96.25)",0,6.766706943511963,36.124629974365234,80.44781494140625,92.8356704711914,120.94245147705078,0.4299011230468741,0.0175,2700.932861328125,3465.0,729.9940185546875,23.57243030144863,51.886077120855624,8.016388485014025,21.666666666666668,190.74913024902344,271.5876770019531,47.71710205078125
2023-01-14,24.75,94.0,Non-Landslide Grid,Non-Landslide Grid,"Grid (24.75, 94.0)",0,0.0,0.0,0.0,0.0,9.78635025024414,0.2748794555664153,0.5035000000000001,825.2747192382812,715.0,86.79336547851562,2.826579707596773,24.518171520500573,3.987665973213985,0.0,23.277711868286133,84.06521606445312,29.67618179321289
2024-02-21,28.5,93.75,Non-Landslide Grid,Non-Landslide Grid,"Grid (28.5, 93.75)",0,4.3734130859375,6.735037803649902,8.55352783203125,14.364953994750977,46.95734786987305,0.40825653076175183,0.4975,2668.67138671875,3899.0,945.4757080078125,24.27127304371123,52.68328789407103,8.571868274575294,26.666666666666668,194.73861694335938,282.025146484375,52.457374572753906
2022-06-18,25.25,93.25,Non-Landslide Grid,Non-Landslide Grid,"Grid (25.25, 93.25)",0,17.187150955200195,39.25116729736328,51.78656768798828,68.22681427001953,150.2000274658203,0.4867248535156641,0.9288,785.26806640625,1527.0,353.894287109375,10.280514172000354,35.57332360132202,6.220787235002333,0.1111111111111111,81.5216064453125,148.7100830078125,41.36553955078125
2021-11-17,26.0,93.75,Non-Landslide Grid,Non-Landslide Grid,"Grid (26.0, 93.75)",0,0.0,0.0,0.0,0.0,47.84461975097656,0.28663635253905384,0.5496,170.7897186279297,836.0,66.41282653808594,0.7315379951505613,17.308978020483142,1.6631596125564576,0.0,5.739075660705566,16.6248722076416,11.79712200164795
2025-06-04,25.25,94.25,Non-Landslide Grid,Non-Landslide Grid,"Grid (25.25, 94.25)",0,4.206943035125732,16.083251953125,255.02206420898438,329.55645751953125,356.79925537109375,0.48112106323240783,0.7788,1430.0185546875,1384.0,287.5816345214844,11.674566235110182,28.340971183162768,5.219642748494721,0.0,90.2953109741211,142.03536987304688,29.378387451171875
2025-01-07,23.5,91.5,Non-Landslide Grid,Non-Landslide Grid,"Grid (23.5, 91.5)",0,0.0,0.0,0.0,0.0,0.8071271777153015,0.24923706054676445,0.5217,56.6069450378418,199.0,28.764816284179688,0.9478303748513243,9.569014472456242,0.903505507840783,0.0,8.022164344787598,19.110843658447266,6.463800430297852
2023-06-19,29.0,94.75,Non-Landslide Grid,Non-Landslide Grid,"Grid (29.0, 94.75)",0,0.0,14.454282760620117,241.9954071044922,368.84783935546875,541.5668334960938,0.42936706542968794,0.8130000000000001,2266.47265625,3982.0,977.2572021484375,23.34678201392546,45.73915737302446,8.39788877188829,22.36111111111111,186.8229217529297,272.851318359375,50.38182067871094
2022-01-14,23.5,92.5,Non-Landslide Grid,Non-Landslide Grid,"Grid (23.5, 92.5)",0,1.2511272430419922,2.296916961669922,2.296916961669922,2.296916961669922,2.296916961669922,0.27273559570311473,0.8531000000000001,496.1630554199219,1128.0,215.22274780273438,10.230260678356062,29.680199679241476,5.2741438966790035,0.0,84.38279724121094,136.08900451660156,32.635520935058594
2021-07-05,26.25,92.0,Non-Landslide Grid,Non-Landslide Grid,"Grid (26.25, 92.0)",0,9.185503005981445,25.330419540405273,52.80137634277344,103.63182067871094,186.18370056152344,0.46188354492195927,0.8848,81.80860900878906,487.0,71.23992919921875,1.4984263825570932,19.891675655384233,2.8474638150595473,0.0,12.53154182434082,62.08441162109375,21.3975887298584
2024-08-28,24.0,92.75,Mizoram,Kolasib Kawnpui Landslide Landslide Name,Near Railway Location Kawnpui Station NH/SH Affected,1,63.55632781982422,90.05934143066406,144.02157592773438,426.0951232910156,615.186279296875,0.42070770263672497,0.8628,413.1927795410156,1166.0,224.97134399414062,9.87710112852536,28.642389605063794,5.463043876220932,0.0,78.46573638916016,133.672607421875,33.23142623901367
2022-03-22,26.25,90.25,Non-Landslide Grid,Non-Landslide Grid,"Grid (26.25, 90.25)",0,0.0,0.0,0.0,0.0,14.982791900634766,0.18194580078118122,0.4291,46.04166793823242,345.0,37.442012786865234,0.7831241559738612,18.369590637491665,2.120966203950077,0.0,6.556437015533447,43.48411560058594,15.787139892578125
2024-09-03,27.25,94.5,Non-Landslide Grid,Non-Landslide Grid,"Grid (27.25, 94.5)",0,0.16382649540901184,0.2680796980857849,140.3485565185547,158.54234313964844,474.3570251464844,0.4659423828124603,0.7992,93.84222412109375,14.0,2.522806167602539,0.14395948667497072,0.5202768828274156,0.08740411474298848,0.0,1.3913774490356445,2.4494898319244385,0.5659976601600647
2022-05-15,25.0,92.75,Assam,Dima Hasao,new_harangjao1 new harangjao,1,17.392393112182617,209.87167358398438,389.2757263183594,429.9621276855469,673.3184814453125,0.47242736816394554,0.7506,274.126953125,1465.0,315.2989196777344,7.0296151565544855,32.894933863241256,6.950774825954634,0.05555555555555555,56.27210235595703,144.00457763671875,50.87444305419922
2025-07-26,27.75,95.0,Non-Landslide Grid,Non-Landslide Grid,"Grid (27.75, 95.0)",0,3.330148935317993,3.715721368789673,38.08442306518555,100.36383819580078,239.25270080566406,0.4310836791992525,0.6068,210.0144500732422,665.0,147.44435119628906,3.2444306120874202,24.301466622182044,4.821011778395849,0.0,27.464941024780273,104.05208587646484,37.805721282958984
2020-03-26,27.0,93.0,Non-Landslide Grid,Non-Landslide Grid,"Grid (27.0, 93.0)",0,7.815065383911133,7.815065383911133,9.743167877197266,10.315271377563477,35.64484405517578,0.32458496093754846,0.7721,468.3388977050781,1635.0,355.15875244140625,7.352648615656198,33.22468867105141,6.523761778166748,0.05555555555555555,58.91574478149414,146.1652069091797,48.73173904418945
2025-02-07,25.75,92.75,Non-Landslide Grid,Non-Landslide Grid,"Grid (25.75, 92.75)",0,0.0,0.0,0.0,0.0,0.0,0.38442611694331297,0.6538,300.461669921875,705.0,183.7952117919922,3.048803559917997,16.157152691267846,2.574562197381793,0.0,25.4659423828125,62.73475646972656,19.108924865722656
2020-11-06,26.0,92.75,Non-Landslide Grid,Non-Landslide Grid,"Grid (26.0, 92.75)",0,0.0,0.0,11.379159927368164,92.73299407958984,141.6112060546875,0.4298248291015958,0.6279,92.85527801513672,437.0,67.35139465332031,0.672817939872994,8.807904322409069,1.2468140743328904,0.0,5.64442253112793,28.586381912231445,9.361499786376953
2024-05-30,25.25,93.0,Assam,Bethel,"Landslide Road side, Bethel",1,78.4551773071289,200.38491821289062,204.71914672851562,222.25344848632812,370.7305603027344,0.48333740234370137,0.6970000000000001,581.3922119140625,1271.0,220.6673126220703,7.95753565762605,30.952647139700577,4.65836575833331,0.027777777777777776,63.11333465576172,118.19319915771484,29.522968292236328
2024-02-04,27.5,95.5,Non-Landslide Grid,Non-Landslide Grid,"Grid (27.5, 95.5)",0,1.783299207687378,17.782934188842773,19.667875289916992,22.588829040527344,26.480499267578125,0.3617553710938009,0.4531,131.9530487060547,104.0,8.866808891296387,0.2538773734100314,3.429389603379658,0.2686651310820663,0.0,2.1893973350524902,5.086747646331787,1.8324651718139648
2024-06-15,25.25,92.5,Meghalaya,Lumshnong Landslide,2 Lumshnong along area NH NH 6,1,35.31862258911133,76.02033996582031,105.29837036132812,168.95372009277344,596.6434936523438,0.47364044189450666,0.7751,819.6777954101562,1530.0,334.9479675292969,8.272812286185768,39.33030515212594,6.5070393989689945,1.0555555555555556,65.47273254394531,169.72897338867188,46.98260498046875
2021-10-21,25.0,93.75,Non-Landslide Grid,Non-Landslide Grid,"Grid (25.0, 93.75)",0,16.044458389282227,44.41996383666992,44.41996383666992,45.26045227050781,72.6507568359375,0.442077636718899,0.873,1265.4688720703125,2081.0,432.47119140625,14.538912014989583,40.723699976416356,7.183837064458101,1.9444444444444444,113.70149230957031,193.79930114746094,47.90442657470703
2024-07-29,24.75,93.75,Manipur,Sinam Landslide,Along Sinam NH-37 near K. village,1,0.0,4.3625264167785645,18.952993392944336,47.98057174682617,271.5486755371094,0.45721054077158785,0.1342,961.0741577148438,1622.0,285.96246337890625,8.732390351927053,32.08217257943746,7.811996970500874,0.08333333333333334,67.09193420410156,153.63829040527344,56.0186767578125
2022-01-07,25.75,90.25,Non-Landslide Grid,Non-Landslide Grid,"Grid (25.75, 90.25)",0,0.0,0.0,0.0,0.0,0.0,0.2620124816894573,0.6498,268.25360107421875,694.0,145.89248657226562,2.6266826104787047,13.143420707951513,2.0358751126267824,0.0,21.159591674804688,51.440372467041016,13.796658515930176
2022-02-27,25.0,92.75,Non-Landslide Grid,Non-Landslide Grid,"Grid (25.0, 92.75)",0,0.0,7.3294148445129395,8.762296676635742,8.762296676635742,58.00110626220703,0.3793945312499653,0.7060000000000001,274.126953125,1465.0,315.2989196777344,7.0296151565544855,32.894933863241256,6.950774825954634,0.05555555555555555,56.27210235595703,144.00457763671875,50.87444305419922
2021-03-10,27.5,93.75,Non-Landslide Grid,Non-Landslide Grid,"Grid (27.5, 93.75)",0,0.33357128500938416,0.33357128500938416,12.428023338317871,36.44660186767578,36.64640808105469,0.42378234863280045,0.5955,1403.812255859375,1825.0,359.3349914550781,10.438109203008903,37.90955894955613,6.252872853036605,0.75,80.70602416992188,157.44125366210938,42.59994888305664
2021-11-13,27.75,93.25,Non-Landslide Grid,Non-Landslide Grid,"Grid (27.75, 93.25)",0,0.0,0.0,0.0,0.48119843006134033,61.403316497802734,0.3331108093261524,0.8752000000000001,2134.03564453125,2684.0,518.6760864257812,17.304813459602983,45.93594349450423,6.953065955001086,4.388888888888888,136.74777221679688,223.04844665527344,44.572750091552734
2025-11-30,25.25,91.25,Non-Landslide Grid,Non-Landslide Grid,"Grid (25.25, 91.25)",0,0.0,0.0,0.0,0.0,41.42180633544922,0.3322868347168374,0.8114,454.3727722167969,1538.0,425.57232666015625,6.985947347214785,32.59208001058595,6.859219201396241,0.2222222222222222,56.320255279541016,155.3539581298828,51.49196243286133
2022-10-15,27.25,92.75,Non-Landslide Grid,Non-Landslide Grid,"Grid (27.25, 92.75)",0,0.36156022548675537,6.819082736968994,138.88975524902344,261.9635314941406,427.0639953613281,0.41803741455076937,0.8723000000000001,1064.0302734375,2489.0,430.59619140625,16.90999999597306,36.56335488201379,6.799202817058838,2.5833333333333335,136.30735778808594,208.24038696289062,40.6927490234375
2020-08-13,23.75,92.75,Mizoram,Aizawl,Maubawk_3,1,0.0,11.46365737915039,32.835201263427734,105.74266052246094,198.1331787109375,0.38555908203126443,0.8350000000000001,558.530029296875,1301.0,251.22454833984375,11.561747209331001,33.20981307339313,5.7138444190846345,0.25,94.32711791992188,152.0427703857422,34.32426834106445
2020-07-30,24.25,92.5,Non-Landslide Grid,Non-Landslide Grid,"Grid (24.25, 92.5)",0,11.911176681518555,24.276668548583984,89.15580749511719,147.46527099609375,396.947509765625,0.3909378051758247,0.747,133.27944946289062,525.0,98.21791076660156,3.9419843846183813,20.36428950917837,3.955636841696392,0.0,31.272674560546875,87.31401062011719,26.571542739868164
2020-06-27,25.5,91.75,Non-Landslide Grid,Non-Landslide Grid,"Grid (25.5, 91.75)",0,177.2919921875,306.91229248046875,401.7437438964844,562.294189453125,792.5036010742188,0.47559356689443316,0.4558,1670.7216796875,913.0,153.39508056640625,5.919859729912694,32.03817497959001,5.573524917136624,0.1388888888888889,48.907474517822266,137.64651489257812,39.82622146606445
2024-05-28,23.75,92.75,Mizoram,Aizawl Hunthar Landslide,Western Aizawl outskirts of,1,111.03622436523438,171.81805419921875,189.34593200683594,200.90985107421875,317.3617858886719,0.42999267578125,0.7366,558.530029296875,1301.0,251.22454833984375,11.561747209331001,33.20981307339313,5.7138444190846345,0.25,94.32711791992188,152.0427703857422,34.32426834106445
2024-05-30,26.25,91.75,Assam,Rudra,"Nagar Landslide Chandmari, Guwahati",1,24.10777473449707,94.4817886352539,120.47543334960938,130.97897338867188,157.00303649902344,0.4568710327148293,0.7369,67.3949966430664,295.0,37.075172424316406,1.4509254283381814,16.29219827144022,2.417741974738188,0.0,12.47722339630127,53.43284225463867,18.373598098754883
2023-11-24,27.75,96.5,Non-Landslide Grid,Non-Landslide Grid,"Grid (27.75, 96.5)",0,0.0,0.0,24.235658645629883,24.235658645629883,37.44247817993164,0.41036987304691613,0.8406,1912.2774658203125,3015.0,640.3836669921875,21.45163246151097,40.459199193143306,7.178409802011485,10.75,171.69166564941406,237.52938842773438,40.915340423583984
2023-07-16,28.0,97.0,Non-Landslide Grid,Non-Landslide Grid,"Grid (28.0, 97.0)",0,4.827358722686768,6.240330219268799,23.059057235717773,43.292198181152344,160.3375244140625,0.4034271240235208,0.913,2783.501220703125,3574.0,869.3119506835938,25.84699027623324,50.09329561578092,8.839593051374832,36.083333333333336,212.98886108398438,298.797607421875,53.17280960083008
2021-05-08,26.75,91.25,Non-Landslide Grid,Non-Landslide Grid,"Grid (26.75, 91.25)",0,1.0618184804916382,25.506202697753906,50.402347564697266,67.25534057617188,105.1915283203125,0.33232498168954633,0.6676000000000001,282.118896484375,1586.0,351.4069519042969,4.765222201824302,32.590798680167666,6.953452371169983,0.19444444444444445,37.54658889770508,146.8262176513672,53.13004684448242
2024-02-22,25.75,90.0,Non-Landslide Grid,Non-Landslide Grid,"Grid (25.75, 90.0)",0,0.0,8.31921672821045,8.31921672821045,8.31921672821045,8.31921672821045,0.21872711181651405,0.5302,67.37972259521484,315.0,57.01261520385742,1.074160892015206,13.420996454219074,1.2903401630573892,0.0,8.647370338439941,25.551294326782227,9.001255989074707
2023-02-11,25.0,94.25,Non-Landslide Grid,Non-Landslide Grid,"Grid (25.0, 94.25)",0,0.0,0.0,0.0,0.0,0.0,0.1771087646482028,0.7029000000000001,1233.2835693359375,1244.0,265.4721984863281,10.62303176740798,27.88183800191073,4.826559786669395,0.0,82.0025634765625,128.76394653320312,27.49030303955078
2022-07-27,23.0,92.75,Non-Landslide Grid,Non-Landslide Grid,"Grid (23.0, 92.75)",0,14.190163612365723,61.08181381225586,117.83551788330078,141.64015197753906,340.1692810058594,0.39353179931642746,0.9007000000000001,600.8905639648438,1063.0,211.06544494628906,10.224830946019251,26.863271860186263,4.794858292963323,0.0,84.38616943359375,129.06028747558594,26.374740600585938
2023-08-27,26.75,94.5,Nagaland,Mokokchung,Noklangsangba Landslide Noklangsangba Government High School,1,13.674017906188965,38.02119064331055,126.82007598876953,181.255859375,359.71148681640625,0.465705871582088,0.7547,152.64083862304688,816.0,111.94622802734375,1.8494915913344705,25.33835269579095,3.853828538313039,0.0,14.316750526428223,88.5917739868164,27.788942337036133
2023-01-15,27.5,96.5,Non-Landslide Grid,Non-Landslide Grid,"Grid (27.5, 96.5)",0,0.6022384762763977,0.6643048524856567,0.6643048524856567,0.6645582318305969,17.5975341796875,0.3382568359375727,0.5971000000000001,1077.08056640625,2976.0,465.3326721191406,12.640977201658412,38.92595716757484,7.13953799670703,2.3333333333333335,98.56029510498047,199.70248413085938,50.579246520996094
2025-12-27,27.5,96.0,Non-Landslide Grid,Non-Landslide Grid,"Grid (27.5, 96.0)",0,0.0,0.0,0.0,0.0,0.0,0.27256774902346187,0.7042,201.21360778808594,532.0,78.42937469482422,1.1679882519971398,15.455060228625408,2.348388527453235,0.0,9.16063117980957,51.294803619384766,17.13377571105957
2024-09-12,24.75,92.75,Non-Landslide Grid,Non-Landslide Grid,"Grid (24.75, 92.75)",0,4.3585615158081055,21.513858795166016,43.88204574584961,124.1670913696289,273.4273986816406,0.41410064697261206,-0.1687,28.799165725708008,83.0,10.98561954498291,0.49229396524952734,4.339614597493083,0.5527330881797449,0.0,4.288497447967529,12.693502426147461,4.094924449920654
2024-06-15,25.5,90.5,Meghalaya,Mangrure Landslide,Tura 1 Road Williamnagar SH,1,76.74958801269531,132.9657745361328,170.02198791503906,357.93109130859375,811.3975830078125,0.4961395263671592,0.8628,543.5358276367188,1175.0,224.3740997314453,5.480898761902344,28.045471172004955,4.568385134784606,0.0,43.9293327331543,112.02342224121094,32.36680221557617
2020-10-16,25.25,90.5,Non-Landslide Grid,Non-Landslide Grid,"Grid (25.25, 90.5)",0,0.0,0.4698701798915863,0.6890865564346313,56.589439392089844,1018.6116943359375,0.3727264404298035,0.8513000000000001,110.20999908447266,470.0,81.19135284423828,3.1080991690904507,17.643092472165375,2.508927115792947,0.0,26.54151725769043,56.400413513183594,17.79831886291504
2021-10-05,26.0,94.75,Non-Landslide Grid,Non-Landslide Grid,"Grid (26.0, 94.75)",0,5.538898468017578,36.606597900390625,54.76143264770508,71.87837219238281,116.26277160644531,0.46932220458984053,0.8556,1458.9405517578125,1831.0,406.3719177246094,16.022965692592955,32.756569682632716,5.710380092151458,0.2222222222222222,125.12663269042969,175.21231079101562,29.32090950012207
2023-05-11,25.0,94.5,Non-Landslide Grid,Non-Landslide Grid,"Grid (25.0, 94.5)",0,0.11092741787433624,0.11092741787433624,2.197127103805542,6.619713306427002,33.403873443603516,0.1334381103515416,0.5795,1378.5263671875,2180.0,438.4300842285156,14.554947883626378,35.765322037924,5.378780229956303,0.19444444444444445,114.65390014648438,162.11016845703125,28.52706527709961
2025-10-06,27.75,93.75,Non-Landslide Grid,Non-Landslide Grid,"Grid (27.75, 93.75)",0,15.80981731414795,68.89481353759766,95.4078140258789,132.61642456054688,298.6178283691406,0.42417526245117265,0.8496,1453.1263427734375,1994.0,357.58099365234375,15.182590486794677,36.29878503196507,6.710351564314028,1.5277777777777777,120.02904510498047,194.6954803466797,42.93043518066406
2022-05-15,25.0,93.0,Assam,Dima Hasao,new_harangjao2 new harangjao,1,25.542255401611328,166.13734436035156,303.17938232421875,348.6574401855469,537.8242797851562,0.418289184570331,0.792,384.5722351074219,1608.0,385.2471923828125,8.070900757120183,30.662939686285355,7.316109477494315,0.027777777777777776,64.66639709472656,154.00979614257812,53.41328811645508
2021-06-30,25.25,90.75,Meghalaya,South Garo Hills,Malikona Village Baghmara town,1,218.80429077148438,1017.827392578125,1514.9324951171875,1840.812744140625,2471.701416015625,0.48303985595711224,0.8815000000000001,220.2130584716797,990.0,198.9566192626953,5.50720102468387,27.625152906350095,4.717735264599902,0.0,45.642330169677734,112.03004455566406,33.80620574951172
2022-01-16,28.25,95.5,Non-Landslide Grid,Non-Landslide Grid,"Grid (28.25, 95.5)",0,0.0,4.135144233703613,33.76654052734375,46.00112533569336,54.51958084106445,0.37221527099621676,0.869,892.1255493164062,2771.0,592.14453125,13.33587761862261,42.291176610644136,10.68142455888192,7.194444444444445,107.26727294921875,232.85174560546875,80.64944458007812
2024-01-05,27.25,92.75,Non-Landslide Grid,Non-Landslide Grid,"Grid (27.25, 92.75)",0,0.0,0.0,0.0,0.0,1.2954574823379517,0.3117675781249901,0.7061000000000001,1064.0302734375,2489.0,430.59619140625,16.90999999597306,36.56335488201379,6.799202817058838,2.5833333333333335,136.30735778808594,208.24038696289062,40.6927490234375
2024-06-25,26.5,93.5,Non-Landslide Grid,Non-Landslide Grid,"Grid (26.5, 93.5)",0,25.71577262878418,28.167255401611328,68.60502624511719,130.03834533691406,289.60772705078125,0.46319580078126327,0.8951,360.2744445800781,783.0,185.83135986328125,5.735065078245441,23.76211334867683,4.362436401030866,0.0,48.01420974731445,101.02499389648438,30.54395294189453
2021-02-08,27.5,88.75,Non-Landslide Grid,Non-Landslide Grid,"Grid (27.5, 88.75)",0,0.0,0.3304232656955719,0.3304232656955719,0.3304232656955719,22.986787796020508,0.38753509521482254,0.3423,3655.463623046875,3785.0,916.703857421875,20.971574388527277,46.42993270893594,8.447305502800985,15.611111111111112,171.92767333984375,259.5278625488281,51.53205490112305
2020-12-10,24.25,93.0,Non-Landslide Grid,Non-Landslide Grid,"Grid (24.25, 93.0)",0,0.0,0.0,0.0,0.0,0.0,0.2528991699218596,0.8827,422.1736145019531,1251.0,231.21096801757812,10.7432791899611,34.451684288921626,5.380399914738746,0.1388888888888889,86.97298431396484,138.01837158203125,30.29278564453125
2021-10-13,25.75,93.5,Non-Landslide Grid,Non-Landslide Grid,"Grid (25.75, 93.5)",0,2.777470350265503,2.777470350265503,49.87110900878906,56.5677375793457,82.54496002197266,0.4305648803710726,0.8635,227.40277099609375,203.0,31.68953514099121,1.0207360884141397,5.919642534555406,0.6974274536843569,0.0,8.528032302856445,17.773048400878906,4.812337875366211
2020-12-29,27.5,96.0,Non-Landslide Grid,Non-Landslide Grid,"Grid (27.5, 96.0)",0,0.0,0.0,0.0,0.0,0.0,0.2998809814453147,0.6811,201.21360778808594,532.0,78.42937469482422,1.1679882519971398,15.455060228625408,2.348388527453235,0.0,9.16063117980957,51.294803619384766,17.13377571105957
2021-02-23,25.0,92.75,Non-Landslide Grid,Non-Landslide Grid,"Grid (25.0, 92.75)",0,0.0,0.0,0.0,0.0,0.0,0.2543029785156516,0.6973,274.126953125,1465.0,315.2989196777344,7.0296151565544855,32.894933863241256,6.950774825954634,0.05555555555555555,56.27210235595703,144.00457763671875,50.87444305419922
2025-12-29,29.25,96.0,Non-Landslide Grid,Non-Landslide Grid,"Grid (29.25, 96.0)",0,0.0,0.0,0.0,0.0,0.0,0.3789825439453091,0.0156,3878.079833984375,3163.0,629.399658203125,22.63858601854045,55.29292804553204,10.433435911884475,24.666666666666668,186.75059509277344,314.1125183105469,69.53962707519531
2020-05-27,24.75,93.5,Manipur,Tamenglong,Imphal-Jiribam Landslide-2,1,23.60489273071289,26.60831069946289,56.206871032714844,62.60848617553711,115.01263427734375,0.426300048828172,0.8699,656.288330078125,1534.0,273.30828857421875,13.92695372753795,35.9465555765086,6.308069798004876,0.7777777777777778,110.30641174316406,178.22549438476562,37.871456146240234
2025-01-20,25.5,94.0,Non-Landslide Grid,Non-Landslide Grid,"Grid (25.5, 94.0)",0,0.0,0.0,0.0,1.017844557762146,1.017844557762146,0.2198028564455923,0.7271000000000001,1779.1180419921875,2283.0,519.9027099609375,15.449684050655147,43.88097592543788,7.42973910462332,3.361111111111111,122.66064453125,211.4700469970703,49.36199188232422
2023-01-05,23.25,92.5,Non-Landslide Grid,Non-Landslide Grid,"Grid (23.25, 92.5)",0,0.0,0.0,0.0,7.299548625946045,7.299548625946045,0.16139221191408748,0.8500000000000001,415.3550109863281,1211.0,250.8226318359375,8.165654514477371,29.74318079250643,5.423421745520645,0.0,65.99642944335938,124.5242691040039,36.29525375366211
2022-11-14,28.5,95.75,Non-Landslide Grid,Non-Landslide Grid,"Grid (28.5, 95.75)",0,0.0,0.0,0.0,0.0,60.618953704833984,0.3282852172851967,0.8897,1452.072509765625,2728.0,539.487060546875,22.310271837469433,43.22261989189705,8.01152758549326,17.333333333333336,182.08642578125,260.0995788574219,44.85043716430664
2025-07-31,23.25,92.5,Non-Landslide Grid,Non-Landslide Grid,"Grid (23.25, 92.5)",0,0.8119590878486633,11.95156192779541,52.32714080810547,237.72901916503906,411.3658752441406,0.4229660034179728,0.9039,415.3550109863281,1211.0,250.8226318359375,8.165654514477371,29.74318079250643,5.423421745520645,0.0,65.99642944335938,124.5242691040039,36.29525375366211
2025-11-25,26.5,90.25,Non-Landslide Grid,Non-Landslide Grid,"Grid (26.5, 90.25)",0,0.0,0.0,0.0,0.0,32.0010986328125,0.3072738647460978,0.6977,59.386112213134766,279.0,14.850844383239746,0.25189229626896753,18.396578822541294,0.9049348328452662,0.0,2.1553163528442383,3.1034224033355713,6.661799430847168
2020-03-26,22.25,93.0,Non-Landslide Grid,Non-Landslide Grid,"Grid (22.25, 93.0)",0,0.0,0.0,0.0,0.0,9.88935661315918,0.1361770629882748,0.773,830.5391845703125,1713.0,368.15631103515625,13.951789397076686,32.145788573499885,5.829028624295589,0.16666666666666669,110.75762176513672,168.91220092773438,31.81842803955078
2022-05-15,25.25,93.0,Assam,Dima Hasao,"L25 Near Kendri Vidyalaya, Halflong",1,13.70791244506836,171.51666259765625,325.0523681640625,348.9837951660156,558.1865234375,0.47109222412107926,0.7867000000000001,581.3922119140625,1271.0,220.6673126220703,7.95753565762605,30.952647139700577,4.65836575833331,0.027777777777777776,63.11333465576172,118.19319915771484,29.522968292236328
2024-06-30,27.5,92.0,Non-Landslide Grid,Non-Landslide Grid,"Grid (27.5, 92.0)",0,15.488017082214355,33.056907653808594,63.750484466552734,111.30738067626953,167.032958984375,0.4295043945312483,0.7965,3475.0341796875,3058.0,652.0191040039062,18.466368893188104,37.90957696530571,7.294949739263102,4.75,145.92019653320312,217.28733825683594,43.05392074584961
2024-08-01,27.75,92.0,Non-Landslide Grid,Non-Landslide Grid,"Grid (27.75, 92.0)",0,3.8650527000427246,20.138805389404297,34.698341369628906,62.64697265625,161.12237548828125,0.4067840576171764,0.742,4297.740234375,3118.0,569.5491333007812,17.14904053708627,53.35791702363412,8.924339215195232,8.583333333333334,138.8452911376953,248.68756103515625,63.69837188720703
2025-02-26,28.75,96.0,Arunachal Pradesh,Dibang Valley,"Near Anini, NH 313",1,1.5628551244735718,10.584489822387695,19.33420181274414,80.2293701171875,112.33924865722656,0.4136428833007263,0.5771000000000001,2497.4091796875,3651.0,782.8612670898438,22.067963141205666,44.771191436200475,8.098994007816286,16.694444444444446,176.60426330566406,255.8905029296875,48.057762145996094
2020-12-10,24.75,93.5,Non-Landslide Grid,Non-Landslide Grid,"Grid (24.75, 93.5)",0,0.0,0.0,0.0,0.0,0.0,0.25291442871098313,0.8981,656.288330078125,1534.0,273.30828857421875,13.92695372753795,35.9465555765086,6.308069798004876,0.7777777777777778,110.30641174316406,178.22549438476562,37.871456146240234
2025-06-12,26.5,93.25,Non-Landslide Grid,Non-Landslide Grid,"Grid (26.5, 93.25)",0,0.6922948360443115,0.6922948360443115,10.984082221984863,187.41116333007812,328.4872131347656,0.44797515869137255,0.8195,358.2972106933594,770.0,243.78945922851562,4.421381017122808,24.279744144814494,4.451682343253157,0.0,36.2896614074707,101.02350616455078,31.975385665893555
2020-04-27,27.25,95.25,Non-Landslide Grid,Non-Landslide Grid,"Grid (27.25, 95.25)",0,0.0,1.6377224922180176,36.213932037353516,72.56798553466797,88.92518615722656,0.4528617858887626,0.6068,118.54083251953125,211.0,9.696734428405762,0.22504747920484852,11.413607213835506,0.6574771540889619,0.0,2.055091381072998,2.915475845336914,4.99699592590332
2021-12-23,26.25,93.75,Non-Landslide Grid,Non-Landslide Grid,"Grid (26.25, 93.75)",0,0.0,0.0,0.0,5.805755138397217,5.805755138397217,0.3006477355956828,0.7932,298.0380554199219,840.0,201.70179748535156,4.07158518576144,25.144996569127787,4.730847068924656,0.0,32.64014434814453,101.84503936767578,34.02714920043945
2023-01-11,24.25,94.0,Non-Landslide Grid,Non-Landslide Grid,"Grid (24.25, 94.0)",0,0.0,0.0,0.0,2.196955442428589,8.803043365478516,0.31148529052716734,0.7933,1108.9971923828125,1186.0,211.2830047607422,9.72204202992706,28.300647142322283,5.399202084474063,0.0,78.39988708496094,132.37979125976562,34.178977966308594
2021-04-15,25.25,93.0,Non-Landslide Grid,Non-Landslide Grid,"Grid (25.25, 93.0)",0,0.7095784544944763,1.7813334465026855,8.476820945739746,80.9512939453125,119.76002502441406,0.4018783569335475,0.6575000000000001,581.3922119140625,1271.0,220.6673126220703,7.95753565762605,30.952647139700577,4.65836575833331,0.027777777777777776,63.11333465576172,118.19319915771484,29.522968292236328
2024-10-04,28.25,94.5,Non-Landslide Grid,Non-Landslide Grid,"Grid (28.25, 94.5)",0,47.361488342285156,62.39381408691406,77.38617706298828,129.68258666992188,203.21578979492188,0.42928314208984236,0.8791,1686.3961181640625,3514.0,743.6204223632812,17.929890212742986,36.91777834329499,6.461823604418964,2.888888888888889,140.04136657714844,205.31048583984375,37.11265182495117
2022-07-21,28.75,96.5,Non-Landslide Grid,Non-Landslide Grid,"Grid (28.75, 96.5)",0,0.0,0.0,0.0,0.0,0.0,0.42650604248045443,0.8238000000000001,4022.5810546875,2639.0,468.3454895019531,23.773225686123318,50.071104792786485,9.196028748530004,27.97222222222222,197.5394287109375,286.3636169433594,50.75253677368164
2025-05-30,26.0,92.0,Meghalaya,Ri Bhoi,Umling Landslide 2,1,47.65731430053711,60.695011138916016,72.08164978027344,109.74012756347656,204.9593048095703,0.5075073242187793,0.7511,425.2469482421875,849.0,238.75572204589844,4.634511980265262,21.85694252416076,3.5256456496705213,0.0,39.874755859375,84.67662811279297,24.005374908447266
2022-05-15,25.0,92.75,Assam,Dima Hasao,Maharajpur Maharajpur,1,17.392393112182617,209.87167358398438,389.2757263183594,429.9621276855469,673.3184814453125,0.47242736816394554,0.7506,274.126953125,1465.0,315.2989196777344,7.0296151565544855,32.894933863241256,6.950774825954634,0.05555555555555555,56.27210235595703,144.00457763671875,50.87444305419922
2023-06-30,28.0,95.75,Non-Landslide Grid,Non-Landslide Grid,"Grid (28.0, 95.75)",0,8.285431861877441,27.750839233398438,77.7494888305664,274.2838134765625,375.900634765625,0.4503250122070396,0.7561,171.66221618652344,722.0,49.30070114135742,0.4719888783910699,17.954853852767833,1.0716985973237028,0.0,3.549304723739624,7.690090179443359,7.308851718902588
2023-04-17,25.0,93.25,Non-Landslide Grid,Non-Landslide Grid,"Grid (25.0, 93.25)",0,0.0,0.0,0.0,94.95160675048828,194.60101318359375,0.18122100830081528,0.7199,388.9544372558594,1577.0,313.54296875,8.403385222002298,40.00247247916611,6.875988133093646,0.5833333333333334,66.5434341430664,151.4106903076172,48.10566329956055
2023-05-03,24.5,92.25,Non-Landslide Grid,Non-Landslide Grid,"Grid (24.5, 92.25)",0,0.0,0.0,1.8140777349472046,33.740455627441406,126.52243041992188,0.1843795776369443,0.7040000000000001,42.72222137451172,158.0,20.185434341430664,0.767792053854936,8.466332771113331,0.8235771111410504,0.0,6.467982769012451,17.136947631835938,6.131628513336182
2024-08-31,23.75,91.5,Non-Landslide Grid,Non-Landslide Grid,"Grid (23.75, 91.5)",0,2.5204145908355713,25.99628257751465,41.628143310546875,452.7120666503906,622.4359741210938,0.4289093017577626,0.8732000000000001,80.13249969482422,216.0,39.730262756347656,1.0524201581852122,9.504236888385735,1.0460411323828493,0.0,8.788656234741211,23.749982833862305,7.339593887329102
2024-06-15,25.5,90.25,Meghalaya,Garo Bolpuchring Landslide,Paikan 2 Road Tura Dalu NH,1,97.52465057373047,188.85842895507812,222.22067260742188,494.72052001953125,1062.780517578125,0.45518493652347247,0.9006000000000001,456.1675109863281,1310.0,324.3319091796875,5.398804127806837,29.770511719549223,5.068353584541543,0.0,43.320011138916016,116.16681671142578,35.4824333190918
2020-09-26,25.75,90.75,Non-Landslide Grid,Non-Landslide Grid,"Grid (25.75, 90.75)",0,31.75404930114746,127.56057739257812,234.36778259277344,361.4952392578125,584.4255981445312,0.4391441345214456,0.9203,343.042236328125,612.0,114.87918090820312,4.266481429972291,18.878320236794654,3.253566480746816,0.0,35.23768997192383,73.53412628173828,21.00526237487793
2023-08-22,27.5,88.25,Non-Landslide Grid,Non-Landslide Grid,"Grid (27.5, 88.25)",0,22.531190872192383,57.03184509277344,129.8843231201172,326.3372802734375,522.7874145507812,0.426963806152344,0.4517,3683.10888671875,5499.0,1083.44580078125,24.01288268171491,52.81197458307307,8.90401633532975,24.11111111111111,192.6732635498047,312.0833435058594,62.59223556518555
2020-06-27,26.25,91.75,Assam,Kamrup Rural,SDMA/AS/2020/North Guwahati3,1,10.024869918823242,66.87303924560547,77.00627899169922,152.9613494873047,257.6123046875,0.4588508605957524,0.7918000000000001,67.3949966430664,295.0,37.075172424316406,1.4509254283381814,16.29219827144022,2.417741974738188,0.0,12.47722339630127,53.43284225463867,18.373598098754883
2024-06-15,25.5,90.5,Meghalaya,Simsang Landslide,Tura 2 Road Williamnagar SH,1,76.74958801269531,132.9657745361328,170.02198791503906,357.93109130859375,811.3975830078125,0.4961395263671592,0.8628,543.5358276367188,1175.0,224.3740997314453,5.480898761902344,28.045471172004955,4.568385134784606,0.0,43.9293327331543,112.02342224121094,32.36680221557617
2025-04-13,26.25,93.0,Non-Landslide Grid,Non-Landslide Grid,"Grid (26.25, 93.0)",0,1.0919227600097656,5.551411151885986,6.121821403503418,6.718179702758789,9.998446464538574,0.26296234130871854,0.6218,218.1891632080078,587.0,152.19326782226562,3.65835546289021,23.303605154040486,4.164987731737117,0.0,29.8038330078125,86.3546371459961,29.683298110961914
2020-07-24,28.75,95.5,Non-Landslide Grid,Non-Landslide Grid,"Grid (28.75, 95.5)",0,0.0,14.656390190124512,275.4738464355469,490.9887390136719,653.7144775390625,0.4252853393554696,0.7829,2814.7041015625,2566.0,517.5949096679688,17.756420548127217,41.784986840461634,7.09236317665413,4.194444444444445,139.83053588867188,213.91949462890625,43.74800491333008
2022-06-01,24.75,93.25,Non-Landslide Grid,Non-Landslide Grid,"Grid (24.75, 93.25)",0,1.0932297706604004,14.358999252319336,38.268367767333984,143.4280548095703,357.50103759765625,0.41127014160155245,0.8815000000000001,391.63970947265625,1431.0,303.173828125,9.487265584750292,34.49709226203304,6.790725772983349,0.3611111111111111,75.60086822509766,152.48123168945312,46.09552001953125
2021-01-28,25.25,92.5,Non-Landslide Grid,Non-Landslide Grid,"Grid (25.25, 92.5)",0,0.0,0.0,0.0,2.3054862022399902,2.3054862022399902,0.28395080566406267,0.8098000000000001,819.6777954101562,1530.0,334.9479675292969,8.272812286185768,39.33030515212594,6.5070393989689945,1.0555555555555556,65.47273254394531,169.72897338867188,46.98260498046875
2022-06-13,25.25,92.75,Non-Landslide Grid,Non-Landslide Grid,"Grid (25.25, 92.75)",0,13.459407806396484,14.591866493225098,30.494871139526367,131.70277404785156,351.8543395996094,0.49095153808595793,0.877,1091.2467041015625,1373.0,231.5597381591797,7.584705907355589,34.43482800660637,4.5059173844757305,0.1111111111111111,60.79730224609375,117.44474792480469,29.72018051147461
2025-02-10,27.5,94.5,Non-Landslide Grid,Non-Landslide Grid,"Grid (27.5, 94.5)",0,0.0,0.0,7.163538455963135,24.230628967285156,26.18138313293457,0.25068664550793346,0.371,154.8491668701172,849.0,136.64370727539062,2.0181369604907906,31.548979054872365,4.708029144356517,0.05555555555555555,16.22595977783203,111.13555908203125,36.23345947265625
2025-12-30,26.0,93.25,Non-Landslide Grid,Non-Landslide Grid,"Grid (26.0, 93.25)",0,0.0,0.0,0.0,0.0,0.0,0.2607192993164128,0.635,189.2513885498047,451.0,83.03459930419922,2.0104656236977556,16.68519870123601,2.0140117777215854,0.0,16.337059020996094,43.61671447753906,14.256046295166016
2021-09-05,27.5,93.0,Non-Landslide Grid,Non-Landslide Grid,"Grid (27.5, 93.0)",0,0.0,7.768108367919922,98.53736877441406,310.76043701171875,666.9307861328125,0.42214965820313477,0.8649,1176.511962890625,1821.0,389.470458984375,16.355365607707643,33.85954950009676,5.652813207767165,0.4166666666666667,125.92327880859375,175.48025512695312,29.11582374572754
2021-08-02,26.25,90.5,Non-Landslide Grid,Non-Landslide Grid,"Grid (26.25, 90.5)",0,2.03361177444458,51.08877944946289,133.40956115722656,180.0668487548828,439.7522888183594,0.43984222412104884,0.3599,48.86888885498047,420.0,41.738399505615234,1.109574574143597,22.476644030121314,2.718231100002853,0.0,9.38329792022705,59.14864730834961,20.585315704345703
2021-08-13,27.75,94.75,Arunachal Pradesh,West Siang,Between Likabali and Basar,1,47.81059265136719,81.05821228027344,164.45433044433594,227.0226287841797,351.99786376953125,0.43740844726568506,0.999,500.0322265625,1511.0,326.0230407714844,8.518411246684085,33.117979039440804,6.495407946808469,0.05555555555555555,69.726318359375,148.8292694091797,46.75351333618164
2021-03-16,28.0,94.0,Non-Landslide Grid,Non-Landslide Grid,"Grid (28.0, 94.0)",0,2.537508249282837,20.2878475189209,23.328950881958008,54.26683807373047,84.35834503173828,0.39700317382810885,0.7755000000000001,1514.4849853515625,2504.0,506.3511962890625,18.232457640141085,41.1153354340168,6.7911660542412475,4.888888888888889,145.129150390625,220.32748413085938,40.34345245361328
2023-11-04,23.75,92.0,Non-Landslide Grid,Non-Landslide Grid,"Grid (23.75, 92.0)",0,0.0,0.0,0.0,12.342813491821289,16.217330932617188,0.31230163574218,0.8721,170.00083923339844,357.0,57.49930191040039,2.5374253798396653,17.30229144499008,2.18833912838166,0.0,21.320125579833984,51.54880905151367,15.2173433303833
2023-06-18,27.25,88.25,Sikkim,West Sikkim,Lower Okhrey Landslide Sombaria area,1,33.70075607299805,88.85813903808594,180.36874389648438,184.41696166992188,307.82440185546875,0.4282341003417991,0.7972,1501.7489013671875,2997.0,562.7520751953125,20.1096381425214,40.56662648067611,7.081886297460569,6.555555555555556,159.76638793945312,230.42623901367188,40.55621337890625
2025-11-08,22.5,93.0,Non-Landslide Grid,Non-Landslide Grid,"Grid (22.5, 93.0)",0,0.0,2.497081995010376,60.69974899291992,76.85578918457031,184.66696166992188,0.380264282226574,0.8609,878.2855834960938,1778.0,377.2521057128906,14.638061184349539,36.38334612643967,5.925709104680568,0.4444444444444444,117.57864379882812,173.31338500976562,32.15381622314453
2024-06-15,25.5,90.25,Meghalaya,Garo Matchurigre Landslide,Tura 5 Road Williamnagar SH,1,97.52465057373047,188.85842895507812,222.22067260742188,494.72052001953125,1062.780517578125,0.45518493652347247,0.9006000000000001,456.1675109863281,1310.0,324.3319091796875,5.398804127806837,29.770511719549223,5.068353584541543,0.0,43.320011138916016,116.16681671142578,35.4824333190918
2025-09-18,25.25,91.5,Non-Landslide Grid,Non-Landslide Grid,"Grid (25.25, 91.5)",0,13.088102340698242,163.79281616210938,253.34266662597656,378.2633972167969,816.7384033203125,0.4675216674804853,0.8445,653.3880615234375,1748.0,565.5803833007812,9.294597714521347,34.68336982930679,8.295642727190083,0.6666666666666667,75.68921661376953,180.33497619628906,60.4273567199707
2024-01-26,25.0,94.25,Non-Landslide Grid,Non-Landslide Grid,"Grid (25.0, 94.25)",0,0.0,0.0,0.0,0.0,0.0,0.2203674316404284,0.7905000000000001,1233.2835693359375,1244.0,265.4721984863281,10.62303176740798,27.88183800191073,4.826559786669395,0.0,82.0025634765625,128.76394653320312,27.49030303955078
2023-09-10,26.5,91.25,Non-Landslide Grid,Non-Landslide Grid,"Grid (26.5, 91.25)",0,0.0,8.44438362121582,8.44438362121582,135.03530883789062,203.5261993408203,0.3999176025390776,0.7378,49.15250015258789,30.0,5.363800525665283,0.18562209965120394,0.7075021771317639,0.11761823001777501,0.0,1.8064534664154053,3.3175644874572754,0.807574987411499
2024-06-03,29.0,94.75,Non-Landslide Grid,Non-Landslide Grid,"Grid (29.0, 94.75)",0,6.57213830947876,20.00489044189453,66.76770782470703,118.61029815673828,150.50999450683594,0.42790222167968983,0.0694,2266.47265625,3982.0,977.2572021484375,23.34678201392546,45.73915737302446,8.39788877188829,22.36111111111111,186.8229217529297,272.851318359375,50.38182067871094
2024-08-21,24.0,92.25,Non-Landslide Grid,Non-Landslide Grid,"Grid (24.0, 92.25)",0,61.936954498291016,111.1998291015625,249.25091552734375,339.2762145996094,506.87799072265625,0.4299926757812512,0.8665,179.16360473632812,730.0,141.9304656982422,4.1304345365304584,21.81166598581612,4.911130345915189,0.0,32.45446014404297,108.56443786621094,33.974525451660156
2021-10-31,25.25,90.25,Non-Landslide Grid,Non-Landslide Grid,"Grid (25.25, 90.25)",0,0.0,0.0,0.0,56.05177688598633,247.70004272460938,0.3317070007324786,0.8548,73.40249633789062,225.0,46.14529037475586,1.6844911888991303,8.95405354971055,1.6341408856870685,0.0,14.641450881958008,38.95814895629883,12.443431854248047
