execution_timestamp,data_mode,observation_date,latitude,longitude,Daily_Rain_mm,Rain_3Day_mm,Rain_7Day_mm,Rain_15Day_mm,Rain_30Day_mm,Soil_Moisture,NDVI,ndvi_observation_timestamp,landslide_probability,risk_level,source_status
2026-10-04 13:18:18,SIMULATION_REPLAY,2025-05-30,22.0,93.0,53.198211669921875,91.14765930175781,195.69322204589844,336.02410888671875,391.8317565917969,0.42999267578125,0.6756,2025-05-30,0.7866,HIGH,SIMULATION_REPLAY_ACTIVE
2026-10-04 13:18:18,SIMULATION_REPLAY,2025-05-30,22.25,92.75,52.92583465576172,90.4043960571289,194.91763305664062,334.02056884765625,389.69635009765625,0.42728042602539246,0.8143,2025-05-30,0.8325,HIGH,SIMULATION_REPLAY_ACTIVE
2026-10-04 13:18:18,SIMULATION_REPLAY,2025-05-30,22.25,93.0,53.36195755004883,91.59449768066406,196.1594696044922,337.2286376953125,392.7001037597656,0.42999267578124983,0.7342000000000001,2025-05-30,0.6995,WATCH,SIMULATION_REPLAY_ACTIVE
2026-10-04 13:18:18,SIMULATION_REPLAY,2025-05-30,22.5,92.75,53.44924545288086,91.83186340332031,196.40525817871094,337.8465881347656,393.3271789550781,0.42842864990233975,0.7773,2025-05-30,0.6787,WATCH,SIMULATION_REPLAY_ACTIVE
2026-10-04 13:18:18,SIMULATION_REPLAY,2025-05-30,22.5,93.0,54.579010009765625,94.91220092773438,199.62051391601562,346.1642761230469,401.23223876953125,0.42834472656250033,0.752,2025-05-30,0.7087,HIGH,SIMULATION_REPLAY_ACTIVE
2026-10-04 13:18:18,SIMULATION_REPLAY,2025-05-30,22.75,92.5,53.839202880859375,92.69801330566406,197.18179321289062,339.8545837402344,389.36102294921875,0.4264373779296924,0.7574000000000001,2025-05-30,0.5127,WATCH,SIMULATION_REPLAY_ACTIVE
2026-10-04 13:18:18,SIMULATION_REPLAY,2025-05-30,22.75,92.75,55.93308639526367,98.46339416503906,203.2116241455078,355.2488708496094,410.08209228515625,0.42834091186523376,0.7677,2025-05-30,0.7758,HIGH,SIMULATION_REPLAY_ACTIVE
2026-10-04 13:18:18,SIMULATION_REPLAY,2025-05-30,22.75,93.0,55.30332565307617,96.7540283203125,201.47422790527344,350.7039489746094,405.0876770019531,0.4270858764648469,0.6757000000000001,2025-05-30,0.6343,WATCH,SIMULATION_REPLAY_ACTIVE
2026-10-04 13:18:18,SIMULATION_REPLAY,2025-05-30,23.0,92.5,54.6053466796875,92.09357452392578,194.51171875,333.31304931640625,381.6676330566406,0.4293212890625024,0.728,2025-05-30,0.6684,WATCH,SIMULATION_REPLAY_ACTIVE
2026-10-04 13:18:18,SIMULATION_REPLAY,2025-05-30,23.0,92.75,53.935569763183594,91.12442016601562,194.12319946289062,331.23992919921875,380.9097595214844,0.42999267578124967,0.7283000000000001,2025-05-30,0.7807,HIGH,SIMULATION_REPLAY_ACTIVE
2026-10-04 13:18:18,SIMULATION_REPLAY,2025-05-30,23.0,93.0,55.573516845703125,95.8628921508789,199.55087280273438,344.8116760253906,395.2559814453125,0.42997741699218756,0.7472000000000001,2025-05-30,0.7999,HIGH,SIMULATION_REPLAY_ACTIVE
2026-10-04 13:18:18,SIMULATION_REPLAY,2025-05-30,23.25,91.5,85.67141723632812,95.2184066772461,157.41635131835938,262.3558044433594,343.94525146484375,0.4427337646484251,0.6364000000000001,2025-05-30,0.5097,WATCH,SIMULATION_REPLAY_ACTIVE
2026-10-04 13:18:18,SIMULATION_REPLAY,2025-05-30,23.25,91.75,81.22990417480469,90.06126403808594,148.33128356933594,252.864501953125,331.19561767578125,0.44714355468747347,0.7331000000000001,2025-05-30,0.1698,SAFE,SIMULATION_REPLAY_ACTIVE
2026-10-04 13:18:18,SIMULATION_REPLAY,2025-05-30,23.25,92.5,58.09550094604492,83.58097076416016,163.79278564453125,263.62255859375,320.96954345703125,0.42999267578124933,0.7704000000000001,2025-05-30,0.6487,WATCH,SIMULATION_REPLAY_ACTIVE
2026-10-04 13:18:18,SIMULATION_REPLAY,2025-05-30,23.25,92.75,58.45155715942383,87.32789611816406,173.41844177246094,282.2941589355469,346.9799499511719,0.4299545288085936,0.7594000000000001,2025-05-30,0.8118,HIGH,SIMULATION_REPLAY_ACTIVE
2026-10-04 13:18:18,SIMULATION_REPLAY,2025-05-30,23.25,93.0,57.51850509643555,89.81504821777344,186.56716918945312,301.8083801269531,367.241455078125,0.42999267578124806,0.7574000000000001,2025-05-30,0.8477,HIGH,SIMULATION_REPLAY_ACTIVE
2026-10-04 13:18:18,SIMULATION_REPLAY,2025-05-30,23.25,93.25,56.08502960205078,94.35096740722656,190.14990234375,315.00921630859375,373.561279296875,0.4281005859374962,0.7019000000000001,2025-05-30,0.8287,HIGH,SIMULATION_REPLAY_ACTIVE
2026-10-04 13:18:18,SIMULATION_REPLAY,2025-05-30,23.5,91.25,87.2322006225586,91.33979034423828,124.27154541015625,211.25624084472656,299.2431640625,0.4406738281250127,0.6631,2025-05-30,0.4461,WATCH,SIMULATION_REPLAY_ACTIVE
2026-10-04 13:18:18,SIMULATION_REPLAY,2025-05-30,23.5,91.5,44.728004455566406,54.03509521484375,93.5459213256836,168.14996337890625,241.89599609375,0.4897155761718007,0.608,2025-05-30,0.0737,SAFE,SIMULATION_REPLAY_ACTIVE
2026-10-04 13:18:18,SIMULATION_REPLAY,2025-05-30,23.5,91.75,53.57862091064453,69.39631652832031,107.36739349365234,196.9888916015625,266.44342041015625,0.4299392700195311,0.7596,2025-05-30,0.1886,SAFE,SIMULATION_REPLAY_ACTIVE
2026-10-04 13:18:18,SIMULATION_REPLAY,2025-05-30,23.5,92.5,59.862266540527344,84.34371948242188,166.97750854492188,262.69677734375,344.3240966796875,0.42999267578124495,0.8603000000000001,2025-05-30,0.6282,WATCH,SIMULATION_REPLAY_ACTIVE
2026-10-04 13:18:18,SIMULATION_REPLAY,2025-05-30,23.5,92.75,59.61644744873047,85.5191650390625,162.49270629882812,265.819091796875,354.25445556640625,0.4269638061523441,0.7374,2025-05-30,0.7563,HIGH,SIMULATION_REPLAY_ACTIVE
2026-10-04 13:18:18,SIMULATION_REPLAY,2025-05-30,23.5,93.0,55.45463943481445,83.84944915771484,157.54122924804688,253.17971801757812,342.241455078125,0.4272155761718744,0.4811,2025-05-30,0.6696,WATCH,SIMULATION_REPLAY_ACTIVE
2026-10-04 13:18:18,SIMULATION_REPLAY,2025-05-30,23.5,93.25,38.486083984375,75.51851654052734,110.38191223144531,175.11849975585938,227.73114013671875,0.4237518310546861,0.7377,2025-05-30,0.7472,HIGH,SIMULATION_REPLAY_ACTIVE
2026-10-04 13:18:18,SIMULATION_REPLAY,2025-05-30,23.75,91.25,62.08682632446289,69.96965789794922,100.18220520019531,170.00001525878906,272.81243896484375,0.4415359497070516,0.6689,2025-05-30,0.0499,SAFE,SIMULATION_REPLAY_ACTIVE
2026-10-04 13:18:18,SIMULATION_REPLAY,2025-05-30,23.75,91.5,46.960899353027344,62.38983917236328,95.98588562011719,180.94186401367188,254.42022705078125,0.44087982177731466,0.783,2025-05-30,0.0494,SAFE,SIMULATION_REPLAY_ACTIVE
2026-10-04 13:18:18,SIMULATION_REPLAY,2025-05-30,23.75,91.75,45.521026611328125,66.98577117919922,98.42762756347656,190.99803161621094,266.54229736328125,0.42964172363281306,0.6987,2025-05-30,0.549,WATCH,SIMULATION_REPLAY_ACTIVE
2026-10-04 13:18:18,SIMULATION_REPLAY,2025-05-30,23.75,92.0,54.88114547729492,77.90335845947266,136.4346466064453,237.40354919433594,350.9346923828125,0.42990112304686906,0.7096,2025-05-30,0.5994,WATCH,SIMULATION_REPLAY_ACTIVE
2026-10-04 13:18:18,SIMULATION_REPLAY,2025-05-30,23.75,92.25,55.02915573120117,71.5575942993164,133.83665466308594,229.02883911132812,353.4687194824219,0.4268836975097624,0.754,2025-05-30,0.6407,WATCH,SIMULATION_REPLAY_ACTIVE
2026-10-04 13:18:18,SIMULATION_REPLAY,2025-05-30,23.75,92.5,60.531734466552734,85.83216094970703,171.446044921875,266.0726013183594,381.5218200683594,0.424385070800781,0.8492000000000001,2025-05-30,0.7297,HIGH,SIMULATION_REPLAY_ACTIVE
2026-10-04 13:18:18,SIMULATION_REPLAY,2025-05-30,23.75,92.75,58.55056381225586,85.02435302734375,158.4029998779297,259.6730651855469,370.7181091308594,0.42418670654297275,0.8194,2025-05-30,0.8028,HIGH,SIMULATION_REPLAY_ACTIVE
2026-10-04 13:18:18,SIMULATION_REPLAY,2025-05-30,23.75,93.0,49.75547790527344,80.57870483398438,139.9527587890625,226.4237823486328,307.63543701171875,0.4257278442382823,0.787,2025-05-30,0.7173,HIGH,SIMULATION_REPLAY_ACTIVE
2026-10-04 13:18:18,SIMULATION_REPLAY,2025-05-30,23.75,93.25,33.56590270996094,74.42098999023438,98.56509399414062,155.9937286376953,194.19180297851562,0.42559051513671786,0.7055,2025-05-30,0.5598,WATCH,SIMULATION_REPLAY_ACTIVE
2026-10-04 13:18:18,SIMULATION_REPLAY,2025-05-30,24.0,91.5,46.614803314208984,85.56645202636719,98.6617202758789,220.16407775878906,259.914794921875,0.4243316650390656,0.8417,2025-05-30,0.0529,SAFE,SIMULATION_REPLAY_ACTIVE
2026-10-04 13:18:18,SIMULATION_REPLAY,2025-05-30,24.0,91.75,58.96452713012695,95.72467041015625,124.24069213867188,281.8588562011719,347.9385681152344,0.4295196533203131,0.7086,2025-05-30,0.7631,HIGH,SIMULATION_REPLAY_ACTIVE
2026-10-04 13:18:18,SIMULATION_REPLAY,2025-05-30,24.0,92.0,47.28279113769531,73.3878173828125,130.88525390625,271.68280029296875,466.01068115234375,0.4241790771484392,0.7334,2025-05-30,0.6075,WATCH,SIMULATION_REPLAY_ACTIVE
2026-10-04 13:18:18,SIMULATION_REPLAY,2025-05-30,24.0,92.25,55.40082931518555,76.77601623535156,138.62509155273438,254.1700439453125,417.56805419921875,0.42490386962891014,0.7517,2025-05-30,0.2574,SAFE,SIMULATION_REPLAY_ACTIVE
2026-10-04 13:18:18,SIMULATION_REPLAY,2025-05-30,24.0,92.5,59.19817352294922,90.12702941894531,164.058349609375,281.7596740722656,437.78656005859375,0.4272155761718578,0.8592000000000001,2025-05-30,0.717,HIGH,SIMULATION_REPLAY_ACTIVE
2026-10-04 13:18:18,SIMULATION_REPLAY,2025-05-30,24.0,92.75,55.843711853027344,78.64988708496094,142.92745971679688,251.546875,395.0939636230469,0.42469787597656194,0.7098,2025-05-30,0.5991,WATCH,SIMULATION_REPLAY_ACTIVE
2026-10-04 13:18:18,SIMULATION_REPLAY,2025-05-30,24.0,93.0,36.63592529296875,72.69752502441406,107.83027648925781,187.25119018554688,251.48141479492188,0.4220428466796881,0.8595,2025-05-30,0.6987,WATCH,SIMULATION_REPLAY_ACTIVE
2026-10-04 13:18:18,SIMULATION_REPLAY,2025-05-30,24.0,93.25,32.760311126708984,76.83780670166016,84.19363403320312,131.93507385253906,161.17214965820312,0.4218139648437491,0.864,2025-05-30,0.7198,HIGH,SIMULATION_REPLAY_ACTIVE
2026-10-04 13:18:18,SIMULATION_REPLAY,2025-05-30,24.0,93.5,31.97942543029785,72.8372802734375,79.12427520751953,124.27235412597656,156.41697692871094,0.42315673828125705,0.7614000000000001,2025-05-30,0.7453,HIGH,SIMULATION_REPLAY_ACTIVE
2026-10-04 13:18:18,SIMULATION_REPLAY,2025-05-30,24.0,94.0,31.774824142456055,71.4048080444336,76.97383117675781,119.60588836669922,152.63299560546875,0.43061828613302544,0.7083,2025-05-30,0.5511,WATCH,SIMULATION_REPLAY_ACTIVE
2026-10-04 13:18:18,SIMULATION_REPLAY,2025-05-30,24.25,92.0,43.25327682495117,79.22891235351562,150.85874938964844,329.3511657714844,564.02001953125,0.4267578124999906,0.7136,2025-05-30,0.1049,SAFE,SIMULATION_REPLAY_ACTIVE
2026-10-04 13:18:18,SIMULATION_REPLAY,2025-05-30,24.25,92.25,60.62970733642578,101.16787719726562,171.22813415527344,332.52642822265625,552.282958984375,0.4285316467285264,0.7853,2025-05-30,0.238,SAFE,SIMULATION_REPLAY_ACTIVE
2026-10-04 13:18:18,SIMULATION_REPLAY,2025-05-30,24.25,92.5,50.286285400390625,81.1209487915039,141.84539794921875,274.372314453125,449.5420227050781,0.42550659179687916,0.6907,2025-05-30,0.5048,WATCH,SIMULATION_REPLAY_ACTIVE
2026-10-04 13:18:18,SIMULATION_REPLAY,2025-05-30,24.25,92.75,54.33831024169922,66.20389556884766,108.82645416259766,226.83465576171875,361.99517822265625,0.42949295043945346,0.6764,2025-05-30,0.5658,WATCH,SIMULATION_REPLAY_ACTIVE
2026-10-04 13:18:18,SIMULATION_REPLAY,2025-05-30,24.25,93.0,41.32441329956055,74.09232330322266,96.83547973632812,194.1706085205078,276.4883728027344,0.4278335571289054,0.8069000000000001,2025-05-30,0.6035,WATCH,SIMULATION_REPLAY_ACTIVE
2026-10-04 13:18:18,SIMULATION_REPLAY,2025-05-30,24.25,93.25,34.711177825927734,82.15406799316406,90.25363159179688,139.14451599121094,164.11566162109375,0.42595291137695057,0.8968,2025-05-30,0.6898,WATCH,SIMULATION_REPLAY_ACTIVE
2026-10-04 13:18:18,SIMULATION_REPLAY,2025-05-30,24.25,93.5,31.07325553894043,67.41486358642578,72.619873046875,116.49203491210938,153.30517578125,0.4250106811523222,0.7455,2025-05-30,0.743,HIGH,SIMULATION_REPLAY_ACTIVE
2026-10-04 13:18:18,SIMULATION_REPLAY,2025-05-30,24.25,93.75,31.12079429626465,68.41970825195312,73.6518325805664,117.03178405761719,153.0548858642578,0.46703338623060614,0.6481,2025-05-30,0.6915,WATCH,SIMULATION_REPLAY_ACTIVE
2026-10-04 13:18:18,SIMULATION_REPLAY,2025-05-30,24.25,94.0,32.672786712646484,72.39984893798828,78.09664916992188,120.40374755859375,152.0846405029297,0.5044021606443132,0.7396,2025-05-30,0.7905,HIGH,SIMULATION_REPLAY_ACTIVE
2026-10-04 13:18:18,SIMULATION_REPLAY,2025-05-30,24.25,94.25,39.29081344604492,81.95066833496094,94.37051391601562,131.2250518798828,163.1142578125,0.4659500122071857,0.7593000000000001,2025-05-30,0.6905,WATCH,SIMULATION_REPLAY_ACTIVE
2026-10-04 13:18:18,SIMULATION_REPLAY,2025-05-30,24.5,92.25,28.94207763671875,40.616737365722656,93.80006408691406,222.0460205078125,420.90887451171875,0.4153747558594185,0.6572,2025-05-30,0.0303,SAFE,SIMULATION_REPLAY_ACTIVE
2026-10-04 13:18:18,SIMULATION_REPLAY,2025-05-30,24.5,92.5,36.50718688964844,40.95641326904297,81.084716796875,174.0771484375,303.70941162109375,0.43457031250001843,0.7876000000000001,2025-05-30,0.0245,SAFE,SIMULATION_REPLAY_ACTIVE
2026-10-04 13:18:18,SIMULATION_REPLAY,2025-05-30,24.5,92.75,59.380287170410156,62.71197509765625,92.2821044921875,210.11019897460938,317.9514465332031,0.4315109252929302,0.7572,2025-05-30,0.5095,WATCH,SIMULATION_REPLAY_ACTIVE
2026-10-04 13:18:18,SIMULATION_REPLAY,2025-05-30,24.5,93.0,47.08599853515625,76.0849838256836,97.36138916015625,201.0146026611328,273.17626953125,0.4282836914062396,0.8829,2025-05-30,0.5984,WATCH,SIMULATION_REPLAY_ACTIVE
2026-10-04 13:18:18,SIMULATION_REPLAY,2025-05-30,24.5,93.25,30.972482681274414,78.10106658935547,89.3800048828125,149.08950805664062,176.83648681640625,0.4293441772460942,0.8544,2025-05-30,0.6009,WATCH,SIMULATION_REPLAY_ACTIVE
2026-10-04 13:18:18,SIMULATION_REPLAY,2025-05-30,24.5,93.5,30.714645385742188,73.06298065185547,80.24574279785156,126.8132553100586,158.12673950195312,0.429641723632807,0.8639,2025-05-30,0.7187,HIGH,SIMULATION_REPLAY_ACTIVE
2026-10-04 13:18:18,SIMULATION_REPLAY,2025-05-30,24.5,93.75,32.56886672973633,74.22616577148438,79.6036376953125,118.93193054199219,148.36944580078125,0.4295578002929694,0.3256,2025-05-30,0.7317,HIGH,SIMULATION_REPLAY_ACTIVE
2026-10-04 13:18:18,SIMULATION_REPLAY,2025-05-30,24.5,94.0,38.756595611572266,81.81544494628906,93.44993591308594,129.98680114746094,160.00485229492188,0.505355834960733,0.3262,2025-05-30,0.5853,WATCH,SIMULATION_REPLAY_ACTIVE
2026-10-04 13:18:18,SIMULATION_REPLAY,2025-05-30,24.5,94.25,51.9460563659668,102.62196350097656,128.53048706054688,161.17845153808594,191.0101776123047,0.4299774169921985,0.7929,2025-05-30,0.8682,HIGH,SIMULATION_REPLAY_ACTIVE
2026-10-04 13:18:18,SIMULATION_REPLAY,2025-05-30,24.75,92.5,42.10313034057617,44.86323928833008,79.29290008544922,214.0305633544922,320.4187927246094,0.4778137207031328,0.7317,2025-05-30,0.0816,SAFE,SIMULATION_REPLAY_ACTIVE
2026-10-04 13:18:18,SIMULATION_REPLAY,2025-05-30,24.75,92.75,72.55640411376953,74.79960632324219,101.73771667480469,234.49526977539062,333.8869934082031,0.49198532104488446,0.6287,2025-05-30,0.2003,SAFE,SIMULATION_REPLAY_ACTIVE
2026-10-04 13:18:18,SIMULATION_REPLAY,2025-05-30,24.75,93.0,53.17100524902344,73.70223999023438,96.59537506103516,215.2115020751953,303.04132080078125,0.4671096801757394,0.5944,2025-05-30,0.8236,HIGH,SIMULATION_REPLAY_ACTIVE
2026-10-04 13:18:18,SIMULATION_REPLAY,2025-05-30,24.75,93.25,32.98560333251953,71.3797836303711,85.9815902709961,163.59567260742188,214.40768432617188,0.43001937866210926,0.8259000000000001,2025-05-30,0.6725,WATCH,SIMULATION_REPLAY_ACTIVE
2026-10-04 13:18:18,SIMULATION_REPLAY,2025-05-30,24.75,93.5,32.99568176269531,71.04911804199219,78.23722839355469,118.43832397460938,142.79164123535156,0.4299926757812746,0.7695000000000001,2025-05-30,0.7267,HIGH,SIMULATION_REPLAY_ACTIVE
2026-10-04 13:18:18,SIMULATION_REPLAY,2025-05-30,24.75,93.75,43.24964141845703,93.11192321777344,109.18995666503906,143.57684326171875,167.29049682617188,0.4692878723145203,0.8293,2025-05-30,0.8567,HIGH,SIMULATION_REPLAY_ACTIVE
2026-10-04 13:18:18,SIMULATION_REPLAY,2025-05-30,24.75,94.0,62.1421012878418,118.7291259765625,155.78469848632812,185.48524475097656,214.13307189941406,0.4754028320312526,0.4977,2025-05-30,0.7216,HIGH,SIMULATION_REPLAY_ACTIVE
2026-10-04 13:18:18,SIMULATION_REPLAY,2025-05-30,24.75,94.25,65.05301666259766,123.09101867675781,163.36907958984375,192.36886596679688,221.57843017578125,0.44158935546866945,0.6599,2025-05-30,0.7656,HIGH,SIMULATION_REPLAY_ACTIVE
2026-10-04 13:18:18,SIMULATION_REPLAY,2025-05-30,24.75,94.5,70.55103302001953,131.40634155273438,177.76461791992188,205.3994140625,235.078857421875,0.42984008789062406,0.749,2025-05-30,0.9035,HIGH,SIMULATION_REPLAY_ACTIVE
2026-10-04 13:18:18,SIMULATION_REPLAY,2025-05-30,25.0,92.5,41.714107513427734,44.10662078857422,78.77064514160156,214.4426727294922,323.31396484375,0.49099731445307165,0.769,2025-05-30,0.6358,WATCH,SIMULATION_REPLAY_ACTIVE
2026-10-04 13:18:18,SIMULATION_REPLAY,2025-05-30,25.0,92.75,60.654197692871094,68.7322769165039,91.60737609863281,229.86575317382812,331.390869140625,0.48841857910152825,0.8200000000000001,2025-05-30,0.7187,HIGH,SIMULATION_REPLAY_ACTIVE
2026-10-04 13:18:18,SIMULATION_REPLAY,2025-05-30,25.0,93.0,51.958248138427734,71.18836975097656,95.1588363647461,226.22113037109375,334.60174560546875,0.43157958984379846,0.8368,2025-05-30,0.5915,WATCH,SIMULATION_REPLAY_ACTIVE
2026-10-04 13:18:18,SIMULATION_REPLAY,2025-05-30,25.0,93.25,46.02490997314453,71.01821899414062,93.32978820800781,205.05020141601562,296.7096862792969,0.430183410644551,0.7444000000000001,2025-05-30,0.6682,WATCH,SIMULATION_REPLAY_ACTIVE
2026-10-04 13:18:18,SIMULATION_REPLAY,2025-05-30,25.0,93.5,40.96920394897461,73.98371124267578,95.18518829345703,129.5278778076172,167.2274932861328,0.4299926757812488,0.8365,2025-05-30,0.6334,WATCH,SIMULATION_REPLAY_ACTIVE
2026-10-04 13:18:18,SIMULATION_REPLAY,2025-05-30,25.0,93.75,66.26914978027344,116.2132568359375,161.7829132080078,187.9490966796875,224.5040740966797,0.47303009033217697,0.7686000000000001,2025-05-30,0.663,WATCH,SIMULATION_REPLAY_ACTIVE
2026-10-04 13:18:18,SIMULATION_REPLAY,2025-05-30,25.0,94.0,80.3629379272461,144.82980346679688,202.75393676757812,227.78451538085938,259.54327392578125,0.5036315917967317,0.6900000000000001,2025-05-30,0.9528,HIGH,SIMULATION_REPLAY_ACTIVE
2026-10-04 13:18:18,SIMULATION_REPLAY,2025-05-30,25.0,94.25,72.34764099121094,130.2223663330078,180.36260986328125,206.26797485351562,239.18727111816406,0.43473052978512916,0.7825000000000001,2025-05-30,0.9198,HIGH,SIMULATION_REPLAY_ACTIVE
2026-10-04 13:18:18,SIMULATION_REPLAY,2025-05-30,25.0,94.5,72.30533599853516,128.29364013671875,182.68508911132812,207.854736328125,245.76602172851562,0.42999267578125,0.7585000000000001,2025-05-30,0.6707,WATCH,SIMULATION_REPLAY_ACTIVE
2026-10-04 13:18:18,SIMULATION_REPLAY,2025-05-30,25.25,90.25,149.83787536621094,153.18934631347656,223.5615997314453,592.9344482421875,954.3377685546875,0.4611091613769997,0.7417,2025-05-30,0.898,HIGH,SIMULATION_REPLAY_ACTIVE
2026-10-04 13:18:18,SIMULATION_REPLAY,2025-05-30,25.25,90.5,193.17613220214844,200.08795166015625,284.28515625,700.5277709960938,1084.109375,0.4643249511720098,0.7102,2025-05-30,0.8786,HIGH,SIMULATION_REPLAY_ACTIVE
2026-10-04 13:18:18,SIMULATION_REPLAY,2025-05-30,25.25,90.75,243.67669677734375,272.2387390136719,369.44775390625,750.5177001953125,1084.023193359375,0.5073051452636343,0.8034,2025-05-30,0.7574,HIGH,SIMULATION_REPLAY_ACTIVE
2026-10-04 13:18:18,SIMULATION_REPLAY,2025-05-30,25.25,91.0,247.38710021972656,274.3790588378906,369.00244140625,757.96435546875,1103.6024169921875,0.47302246093748906,0.727,2025-05-30,0.7197,HIGH,SIMULATION_REPLAY_ACTIVE
2026-10-04 13:18:18,SIMULATION_REPLAY,2025-05-30,25.25,91.25,261.1893005371094,285.42608642578125,374.4844970703125,780.7755126953125,1151.5955810546875,0.4851646423340287,0.6988000000000001,2025-05-30,0.8515,HIGH,SIMULATION_REPLAY_ACTIVE
2026-10-04 13:18:18,SIMULATION_REPLAY,2025-05-30,25.25,91.5,215.46249389648438,248.0769805908203,348.3585205078125,685.7215576171875,962.859375,0.4949722290038786,0.7481,2025-05-30,0.7505,HIGH,SIMULATION_REPLAY_ACTIVE
2026-10-04 13:18:18,SIMULATION_REPLAY,2025-05-30,25.25,91.75,142.35092163085938,153.876220703125,213.94082641601562,436.8374938964844,610.6279907226562,0.49443435668945457,0.784,2025-05-30,0.7507,HIGH,SIMULATION_REPLAY_ACTIVE
2026-10-04 13:18:18,SIMULATION_REPLAY,2025-05-30,25.25,92.0,122.21886444091797,128.4277801513672,175.33181762695312,333.2781677246094,479.3749084472656,0.507263183593726,0.7337,2025-05-30,0.8875,HIGH,SIMULATION_REPLAY_ACTIVE
2026-10-04 13:18:18,SIMULATION_REPLAY,2025-05-30,25.25,92.25,124.92828369140625,130.16677856445312,168.6753692626953,248.53848266601562,341.7499084472656,0.5083847045898355,0.7887000000000001,2025-05-30,0.9461,HIGH,SIMULATION_REPLAY_ACTIVE
2026-10-04 13:18:18,SIMULATION_REPLAY,2025-05-30,25.25,92.5,99.63592529296875,103.21194458007812,131.32191467285156,207.73593139648438,284.58843994140625,0.5144348144530599,0.8693000000000001,2025-05-30,0.8834,HIGH,SIMULATION_REPLAY_ACTIVE
2026-10-04 13:18:18,SIMULATION_REPLAY,2025-05-30,25.25,92.75,74.42745971679688,82.65754699707031,100.94499206542969,208.11656188964844,296.85321044921875,0.5031242370605498,0.7613000000000001,2025-05-30,0.8455,HIGH,SIMULATION_REPLAY_ACTIVE
2026-10-04 13:18:18,SIMULATION_REPLAY,2025-05-30,25.25,93.0,48.81056213378906,62.774131774902344,87.7109375,204.99131774902344,308.10870361328125,0.5163497924804247,0.7841,2025-05-30,0.8072,HIGH,SIMULATION_REPLAY_ACTIVE
2026-10-04 13:18:18,SIMULATION_REPLAY,2025-05-30,25.25,93.25,46.36695861816406,69.53230285644531,93.78988647460938,176.6255340576172,255.47048950195312,0.5123252868652606,0.7585000000000001,2025-05-30,0.8468,HIGH,SIMULATION_REPLAY_ACTIVE
2026-10-04 13:18:18,SIMULATION_REPLAY,2025-05-30,25.25,93.5,51.426753997802734,75.31329345703125,115.63920593261719,140.04396057128906,194.5143280029297,0.479957580566283,0.5572,2025-05-30,0.5569,WATCH,SIMULATION_REPLAY_ACTIVE
2026-10-04 13:18:18,SIMULATION_REPLAY,2025-05-30,25.25,93.75,55.35453796386719,84.82949829101562,128.9381561279297,153.47201538085938,206.12498474121094,0.42943572998046853,0.8746,2025-05-30,0.5802,WATCH,SIMULATION_REPLAY_ACTIVE
2026-10-04 13:18:18,SIMULATION_REPLAY,2025-05-30,25.25,94.0,73.23667907714844,128.53379821777344,185.37725830078125,210.55563354492188,250.2064971923828,0.43842315673843163,0.7479,2025-05-30,0.8034,HIGH,SIMULATION_REPLAY_ACTIVE
2026-10-04 13:18:18,SIMULATION_REPLAY,2025-05-30,25.25,94.25,67.2594985961914,115.27845764160156,169.18899536132812,193.94284057617188,236.45733642578125,0.47715759277343894,0.7895000000000001,2025-05-30,0.8985,HIGH,SIMULATION_REPLAY_ACTIVE
2026-10-04 13:18:18,SIMULATION_REPLAY,2025-05-30,25.25,94.5,62.582984924316406,107.78065490722656,159.55364990234375,184.2059326171875,222.694091796875,0.4556427001952503,0.5578000000000001,2025-05-30,0.7674,HIGH,SIMULATION_REPLAY_ACTIVE
2026-10-04 13:18:18,SIMULATION_REPLAY,2025-05-30,25.5,90.0,164.09121704101562,164.09121704101562,241.99624633789062,653.511474609375,1041.90771484375,0.4362487792969255,0.741,2025-05-30,0.8962,HIGH,SIMULATION_REPLAY_ACTIVE
2026-10-04 13:18:18,SIMULATION_REPLAY,2025-05-30,25.5,90.25,154.65414428710938,157.43951416015625,230.9081573486328,613.3341064453125,984.4921875,0.5080795288085964,0.8659,2025-05-30,0.9301,HIGH,SIMULATION_REPLAY_ACTIVE
2026-10-04 13:18:18,SIMULATION_REPLAY,2025-05-30,25.5,90.5,137.99050903320312,152.37628173828125,220.52117919921875,534.5391845703125,883.2701416015625,0.4865417480468906,0.8125,2025-05-30,0.8534,HIGH,SIMULATION_REPLAY_ACTIVE
2026-10-04 13:18:18,SIMULATION_REPLAY,2025-05-30,25.5,90.75,275.649658203125,308.7218017578125,392.76934814453125,742.1342163085938,1032.57470703125,0.48776245117187556,0.7388,2025-05-30,0.4883,WATCH,SIMULATION_REPLAY_ACTIVE
2026-10-04 13:18:18,SIMULATION_REPLAY,2025-05-30,25.5,91.0,273.5454406738281,305.63037109375,387.601806640625,736.5676879882812,1028.947998046875,0.4997406005859643,0.7154,2025-05-30,0.5829,WATCH,SIMULATION_REPLAY_ACTIVE
2026-10-04 13:18:18,SIMULATION_REPLAY,2025-05-30,25.5,91.25,241.10018920898438,266.54296875,329.64697265625,628.470458984375,871.781005859375,0.48074340820311046,0.7801,2025-05-30,0.7841,HIGH,SIMULATION_REPLAY_ACTIVE
2026-10-04 13:18:18,SIMULATION_REPLAY,2025-05-30,25.5,91.5,161.46328735351562,176.2795867919922,233.45486450195312,465.0978088378906,626.2568969726562,0.46682739257818134,0.7051000000000001,2025-05-30,0.9044,HIGH,SIMULATION_REPLAY_ACTIVE
2026-10-04 13:18:18,SIMULATION_REPLAY,2025-05-30,25.5,91.75,140.50730895996094,148.46109008789062,196.48526000976562,387.7179260253906,528.7616577148438,0.5165710449218512,0.8818,2025-05-30,0.8807,HIGH,SIMULATION_REPLAY_ACTIVE
2026-10-04 13:18:18,SIMULATION_REPLAY,2025-05-30,25.5,92.0,140.4612579345703,147.4078826904297,190.16481018066406,330.9189147949219,446.17572021484375,0.5179138183593407,0.6888000000000001,2025-05-30,0.91,HIGH,SIMULATION_REPLAY_ACTIVE
2026-10-04 13:18:18,SIMULATION_REPLAY,2025-05-30,25.5,92.25,142.4553985595703,147.59771728515625,179.85633850097656,213.5030975341797,280.59490966796875,0.4959793090819472,0.6095,2025-05-30,0.9112,HIGH,SIMULATION_REPLAY_ACTIVE
2026-10-04 13:18:18,SIMULATION_REPLAY,2025-05-30,25.5,92.5,122.52452087402344,126.85519409179688,157.25173950195312,192.83377075195312,258.6700439453125,0.5043945312500057,0.6794,2025-05-30,0.8274,HIGH,SIMULATION_REPLAY_ACTIVE
2026-10-04 13:18:18,SIMULATION_REPLAY,2025-05-30,25.5,92.75,56.619964599609375,59.41863250732422,80.38743591308594,148.29559326171875,217.64459228515625,0.512359619140597,0.7046,2025-05-30,0.4888,WATCH,SIMULATION_REPLAY_ACTIVE
2026-10-04 13:18:18,SIMULATION_REPLAY,2025-05-30,25.5,93.0,32.81704330444336,38.94683837890625,63.537967681884766,149.9937286376953,237.85435485839844,0.4344940185547635,0.7946000000000001,2025-05-30,0.3752,WATCH,SIMULATION_REPLAY_ACTIVE
2026-10-04 13:18:18,SIMULATION_REPLAY,2025-05-30,25.5,93.25,34.79034423828125,45.592254638671875,78.47016143798828,128.12669372558594,205.15931701660156,0.44757843017569965,0.5458000000000001,2025-05-30,0.3329,WATCH,SIMULATION_REPLAY_ACTIVE
2026-10-04 13:18:18,SIMULATION_REPLAY,2025-05-30,25.5,93.5,40.279266357421875,55.04669189453125,92.03433990478516,121.32945251464844,185.64773559570312,0.5056457519530783,0.6138,2025-05-30,0.7106,HIGH,SIMULATION_REPLAY_ACTIVE
2026-10-04 13:18:18,SIMULATION_REPLAY,2025-05-30,25.5,93.75,34.14509201049805,46.087432861328125,93.41180419921875,121.36189270019531,199.2119140625,0.4771041870115367,0.8123,2025-05-30,0.4363,WATCH,SIMULATION_REPLAY_ACTIVE
2026-10-04 13:18:18,SIMULATION_REPLAY,2025-05-30,25.5,94.0,47.35109329223633,72.98985290527344,122.44705200195312,147.95758056640625,209.3606719970703,0.42529296875013545,0.8815000000000001,2025-05-30,0.4708,WATCH,SIMULATION_REPLAY_ACTIVE
2026-10-04 13:18:18,SIMULATION_REPLAY,2025-05-30,25.5,94.25,47.16743850708008,77.0327377319336,122.24214172363281,146.8572235107422,189.7018280029297,0.5080184936523031,0.6615,2025-05-30,0.8031,HIGH,SIMULATION_REPLAY_ACTIVE
2026-10-04 13:18:18,SIMULATION_REPLAY,2025-05-30,25.5,94.5,42.66069793701172,70.76948547363281,116.64163208007812,143.22386169433594,193.35275268554688,0.44812011718740824,0.6816,2025-05-30,0.72,HIGH,SIMULATION_REPLAY_ACTIVE
2026-10-04 13:18:18,SIMULATION_REPLAY,2025-05-30,25.5,94.75,,,,,,0.4349441528320733,0.6489,2025-05-30,,UNAVAILABLE_MISSING_DATA,SIMULATION_REPLAY_ACTIVE
2026-10-04 13:18:18,SIMULATION_REPLAY,2025-05-30,25.75,90.0,139.1939239501953,139.70236206054688,201.1991729736328,552.7220458984375,897.1358032226562,0.4299468994140866,0.6157,2025-05-30,0.571,WATCH,SIMULATION_REPLAY_ACTIVE
2026-10-04 13:18:18,SIMULATION_REPLAY,2025-05-30,25.75,90.25,130.97677612304688,141.45413208007812,205.8932647705078,519.1982421875,857.43603515625,0.4651870727539244,0.7448,2025-05-30,0.7262,HIGH,SIMULATION_REPLAY_ACTIVE
2026-10-04 13:18:18,SIMULATION_REPLAY,2025-05-30,25.75,90.5,105.182861328125,125.86224365234375,182.73464965820312,439.6173400878906,740.7393798828125,0.5196609497070273,0.744,2025-05-30,0.8477,HIGH,SIMULATION_REPLAY_ACTIVE
2026-10-04 13:18:18,SIMULATION_REPLAY,2025-05-30,25.75,90.75,44.804962158203125,71.42911529541016,94.3931884765625,246.00218200683594,412.014892578125,0.5104713439941342,0.7214,2025-05-30,0.6618,WATCH,SIMULATION_REPLAY_ACTIVE
2026-10-04 13:18:18,SIMULATION_REPLAY,2025-05-30,25.75,91.0,132.11984252929688,150.7527618408203,189.45538330078125,418.94158935546875,617.2338256835938,0.47859954833987506,0.7856000000000001,2025-05-30,0.8662,HIGH,SIMULATION_REPLAY_ACTIVE
2026-10-04 13:18:18,SIMULATION_REPLAY,2025-05-30,25.75,91.25,135.62973022460938,148.2505645751953,196.4915008544922,399.93609619140625,569.791015625,0.49180603027344305,0.7895000000000001,2025-05-30,0.9,HIGH,SIMULATION_REPLAY_ACTIVE
2026-10-04 13:18:18,SIMULATION_REPLAY,2025-05-30,25.75,91.5,91.78986358642578,96.83729553222656,131.400634765625,279.504638671875,382.35833740234375,0.4912948608398621,0.7578,2025-05-30,0.8102,HIGH,SIMULATION_REPLAY_ACTIVE
2026-10-04 13:18:18,SIMULATION_REPLAY,2025-05-30,25.75,91.75,95.78997802734375,100.86360168457031,134.73489379882812,281.40594482421875,378.32513427734375,0.47858428955077265,0.6613,2025-05-30,0.8161,HIGH,SIMULATION_REPLAY_ACTIVE
2026-10-04 13:18:18,SIMULATION_REPLAY,2025-05-30,25.75,92.0,103.3324966430664,111.45738983154297,142.70361328125,261.2294921875,363.6540222167969,0.5154647827148221,0.6665,2025-05-30,0.9203,HIGH,SIMULATION_REPLAY_ACTIVE
2026-10-04 13:18:18,SIMULATION_REPLAY,2025-05-30,25.75,92.25,119.67720794677734,126.03527069091797,152.11070251464844,178.35655212402344,244.56723022460938,0.4973983764648716,0.6956,2025-05-30,0.8213,HIGH,SIMULATION_REPLAY_ACTIVE
2026-10-04 13:18:18,SIMULATION_REPLAY,2025-05-30,25.75,92.5,80.09951782226562,84.85427856445312,104.95430755615234,153.23263549804688,216.69863891601562,0.49999237060549634,0.735,2025-05-30,0.5262,WATCH,SIMULATION_REPLAY_ACTIVE
2026-10-04 13:18:18,SIMULATION_REPLAY,2025-05-30,25.75,92.75,28.077838897705078,30.425722122192383,37.78900146484375,118.826171875,172.66696166992188,0.490859985351421,0.7457,2025-05-30,0.2185,SAFE,SIMULATION_REPLAY_ACTIVE
2026-10-04 13:18:18,SIMULATION_REPLAY,2025-05-30,25.75,93.0,29.030012130737305,30.71747398376465,64.31465148925781,142.3753662109375,238.31358337402344,0.43872070312505956,0.7662,2025-05-30,0.4968,WATCH,SIMULATION_REPLAY_ACTIVE
2026-10-04 13:18:18,SIMULATION_REPLAY,2025-05-30,25.75,93.25,25.73936653137207,28.938739776611328,52.53893280029297,115.58805084228516,189.7208709716797,0.47637176513671464,0.7617,2025-05-30,0.4999,WATCH,SIMULATION_REPLAY_ACTIVE
2026-10-04 13:18:18,SIMULATION_REPLAY,2025-05-30,25.75,93.5,24.685760498046875,31.151973724365234,44.519718170166016,83.29530334472656,156.8749237060547,0.48941040039060935,0.7085,2025-05-30,0.0298,SAFE,SIMULATION_REPLAY_ACTIVE
2026-10-04 13:18:18,SIMULATION_REPLAY,2025-05-30,25.75,93.75,28.83806037902832,37.04436492919922,82.07254028320312,111.58119201660156,189.11631774902344,0.47701644897459217,0.6457,2025-05-30,0.272,SAFE,SIMULATION_REPLAY_ACTIVE
2026-10-04 13:18:18,SIMULATION_REPLAY,2025-05-30,25.75,94.0,22.950382232666016,30.32381820678711,66.21369934082031,94.40592956542969,164.03927612304688,0.46915435791014,0.7597,2025-05-30,0.6147,WATCH,SIMULATION_REPLAY_ACTIVE
2026-10-04 13:18:18,SIMULATION_REPLAY,2025-05-30,25.75,94.25,23.75823402404785,36.63311004638672,80.56927490234375,112.42794799804688,184.32989501953125,0.451908111572246,0.7724000000000001,2025-05-30,0.4439,WATCH,SIMULATION_REPLAY_ACTIVE
2026-10-04 13:18:18,SIMULATION_REPLAY,2025-05-30,25.75,94.5,24.922109603881836,40.20228576660156,87.06793212890625,120.97412109375,200.14903259277344,0.44963836669932755,0.7922,2025-05-30,0.2755,SAFE,SIMULATION_REPLAY_ACTIVE
2026-10-04 13:18:18,SIMULATION_REPLAY,2025-05-30,25.75,94.75,23.80071258544922,38.76097869873047,84.83545684814453,119.1536865234375,197.61083984375,0.4641990661620101,0.7274,2025-05-30,0.2809,SAFE,SIMULATION_REPLAY_ACTIVE
2026-10-04 13:18:18,SIMULATION_REPLAY,2025-05-30,25.75,95.0,20.83759880065918,32.65131759643555,73.50281524658203,107.39256286621094,194.48480224609375,0.4333190917969786,0.7118,2025-05-30,0.3791,WATCH,SIMULATION_REPLAY_ACTIVE
2026-10-04 13:18:18,SIMULATION_REPLAY,2025-05-30,26.0,90.0,66.4272232055664,76.85413360595703,89.89227294921875,251.12185668945312,432.6298828125,0.42753601074222053,0.3787,2025-05-30,0.0349,SAFE,SIMULATION_REPLAY_ACTIVE
2026-10-04 13:18:18,SIMULATION_REPLAY,2025-05-30,26.0,90.25,61.37657928466797,100.670654296875,140.44985961914062,272.552734375,519.9790649414062,0.42586517333981383,0.6538,2025-05-30,0.1931,SAFE,SIMULATION_REPLAY_ACTIVE
2026-10-04 13:18:18,SIMULATION_REPLAY,2025-05-30,26.0,90.5,53.87355041503906,91.87525939941406,127.19530487060547,278.06414794921875,493.87298583984375,0.4849548339843282,0.783,2025-05-30,0.4884,WATCH,SIMULATION_REPLAY_ACTIVE
2026-10-04 13:18:18,SIMULATION_REPLAY,2025-05-30,26.0,90.75,46.828819274902344,72.03234100341797,92.96697235107422,270.9908142089844,403.5362854003906,0.4965438842773541,0.609,2025-05-30,0.5718,WATCH,SIMULATION_REPLAY_ACTIVE
2026-10-04 13:18:18,SIMULATION_REPLAY,2025-05-30,26.0,91.0,39.43705368041992,62.30987548828125,75.51991271972656,217.9812774658203,340.87640380859375,0.49366760253908587,0.4971,2025-05-30,0.0402,SAFE,SIMULATION_REPLAY_ACTIVE
2026-10-04 13:18:18,SIMULATION_REPLAY,2025-05-30,26.0,91.25,43.04998016357422,61.89805221557617,76.2449951171875,211.287841796875,339.8461608886719,0.50093078613279,0.5204,2025-05-30,0.4497,WATCH,SIMULATION_REPLAY_ACTIVE
2026-10-04 13:18:18,SIMULATION_REPLAY,2025-05-30,26.0,91.5,57.807472229003906,73.16526794433594,84.42689514160156,167.12095642089844,283.51611328125,0.5158691406249931,0.546,2025-05-30,0.412,WATCH,SIMULATION_REPLAY_ACTIVE
2026-10-04 13:18:18,SIMULATION_REPLAY,2025-05-30,26.0,91.75,63.76811981201172,76.97537231445312,92.93867492675781,169.11962890625,273.59130859375,0.5051498413085942,0.7742,2025-05-30,0.8345,HIGH,SIMULATION_REPLAY_ACTIVE
2026-10-04 13:18:18,SIMULATION_REPLAY,2025-05-30,26.0,92.0,47.65731430053711,60.695011138916016,72.08164978027344,109.74012756347656,204.9593048095703,0.5075073242187793,0.7511,2025-05-30,0.4683,WATCH,SIMULATION_REPLAY_ACTIVE
2026-10-04 13:18:18,SIMULATION_REPLAY,2025-05-30,26.0,92.25,53.895103454589844,64.98711395263672,74.70925903320312,106.86691284179688,181.62442016601562,0.4713592529297469,0.7864,2025-05-30,0.4699,WATCH,SIMULATION_REPLAY_ACTIVE
2026-10-04 13:18:18,SIMULATION_REPLAY,2025-05-30,26.0,92.5,43.59156799316406,54.27190399169922,61.88577651977539,112.47347259521484,176.97647094726562,0.45013427734374223,0.8200000000000001,2025-05-30,0.253,SAFE,SIMULATION_REPLAY_ACTIVE
2026-10-04 13:18:18,SIMULATION_REPLAY,2025-05-30,26.0,92.75,31.64879608154297,40.75569152832031,63.606468200683594,138.94329833984375,218.49813842773438,0.4532928466797376,0.3529,2025-05-30,0.0212,SAFE,SIMULATION_REPLAY_ACTIVE
2026-10-04 13:18:18,SIMULATION_REPLAY,2025-05-30,26.0,93.0,30.892274856567383,32.62675857543945,65.27935791015625,141.87973022460938,234.370849609375,0.47366333007818145,0.4834,2025-05-30,0.0087,SAFE,SIMULATION_REPLAY_ACTIVE
2026-10-04 13:18:18,SIMULATION_REPLAY,2025-05-30,26.0,93.25,33.85667419433594,35.698570251464844,56.24097442626953,122.94561767578125,176.02767944335938,0.4845504760741982,0.8059000000000001,2025-05-30,0.4999,WATCH,SIMULATION_REPLAY_ACTIVE
2026-10-04 13:18:18,SIMULATION_REPLAY,2025-05-30,26.0,93.5,33.452667236328125,36.071922302246094,57.09431457519531,118.37470245361328,168.5543212890625,0.4544982910156081,0.8043,2025-05-30,0.1609,SAFE,SIMULATION_REPLAY_ACTIVE
2026-10-04 13:18:18,SIMULATION_REPLAY,2025-05-30,26.0,93.75,23.460832595825195,29.092134475708008,55.00432205200195,89.05518341064453,146.4787139892578,0.4867095947265616,0.7502000000000001,2025-05-30,0.0227,SAFE,SIMULATION_REPLAY_ACTIVE
2026-10-04 13:18:18,SIMULATION_REPLAY,2025-05-30,26.0,94.0,18.312524795532227,25.00532341003418,56.57707977294922,83.76689147949219,160.23983764648438,0.4926147460937062,0.5108,2025-05-30,0.4432,WATCH,SIMULATION_REPLAY_ACTIVE
2026-10-04 13:18:18,SIMULATION_REPLAY,2025-05-30,26.0,94.25,18.628856658935547,26.075084686279297,59.59516143798828,90.0152587890625,169.95567321777344,0.43508148193358587,0.7152000000000001,2025-05-30,0.6594,WATCH,SIMULATION_REPLAY_ACTIVE
2026-10-04 13:18:18,SIMULATION_REPLAY,2025-05-30,26.0,94.5,21.466699600219727,32.725250244140625,77.64879608154297,117.44298553466797,209.3047332763672,0.4902038574218645,0.5336000000000001,2025-05-30,0.3975,WATCH,SIMULATION_REPLAY_ACTIVE
2026-10-04 13:18:18,SIMULATION_REPLAY,2025-05-30,26.0,94.75,19.88824462890625,30.934406280517578,74.28524017333984,117.85137176513672,202.02178955078125,0.47966766357422697,0.7507,2025-05-30,0.318,WATCH,SIMULATION_REPLAY_ACTIVE
2026-10-04 13:18:18,SIMULATION_REPLAY,2025-05-30,26.0,95.0,19.239830017089844,30.202228546142578,73.05694580078125,118.30915069580078,204.52157592773438,0.42970275878914604,0.7488,2025-05-30,0.157,SAFE,SIMULATION_REPLAY_ACTIVE
2026-10-04 13:18:18,SIMULATION_REPLAY,2025-05-30,26.25,89.75,49.641845703125,97.82417297363281,134.92166137695312,338.92626953125,578.2127075195312,0.4281196594238287,0.5087,2025-05-30,0.0924,SAFE,SIMULATION_REPLAY_ACTIVE
2026-10-04 13:18:18,SIMULATION_REPLAY,2025-05-30,26.25,90.0,42.1384391784668,114.2730712890625,130.72091674804688,370.2967529296875,560.1561889648438,0.43440246582030156,0.7762,2025-05-30,0.0823,SAFE,SIMULATION_REPLAY_ACTIVE
2026-10-04 13:18:18,SIMULATION_REPLAY,2025-05-30,26.25,90.25,62.652835845947266,102.72982788085938,146.46450805664062,264.3146667480469,525.7224731445312,0.4497489929198996,0.6508,2025-05-30,0.1931,SAFE,SIMULATION_REPLAY_ACTIVE
2026-10-04 13:18:18,SIMULATION_REPLAY,2025-05-30,26.25,90.5,50.65268325805664,83.71588134765625,114.2142333984375,282.10186767578125,461.4564514160156,0.4710540771483895,0.4758,2025-05-30,0.0844,SAFE,SIMULATION_REPLAY_ACTIVE
2026-10-04 13:18:18,SIMULATION_REPLAY,2025-05-30,26.25,90.75,44.01834487915039,71.99317932128906,92.65756225585938,299.9126892089844,414.4763488769531,0.423210144043105,0.4544,2025-05-30,0.0789,SAFE,SIMULATION_REPLAY_ACTIVE
2026-10-04 13:18:18,SIMULATION_REPLAY,2025-05-30,26.25,91.0,37.43390655517578,56.36933135986328,67.33465576171875,225.28744506835938,339.492919921875,0.4437484741211084,0.6118,2025-05-30,0.0122,SAFE,SIMULATION_REPLAY_ACTIVE
2026-10-04 13:18:18,SIMULATION_REPLAY,2025-05-30,26.25,91.25,41.53215408325195,66.80516815185547,78.86467742919922,236.12432861328125,350.472900390625,0.47990417480469916,0.4231,2025-05-30,0.0113,SAFE,SIMULATION_REPLAY_ACTIVE
2026-10-04 13:18:18,SIMULATION_REPLAY,2025-05-30,26.25,91.5,48.397071838378906,93.09602355957031,111.36825561523438,221.30181884765625,357.2400817871094,0.5099029541015934,0.6950000000000001,2025-05-30,0.0698,SAFE,SIMULATION_REPLAY_ACTIVE
2026-10-04 13:18:18,SIMULATION_REPLAY,2025-05-30,26.25,91.75,46.6163215637207,68.50579071044922,82.14204406738281,138.6289520263672,246.29090881347656,0.4809417724608681,0.7087,2025-05-30,0.8919,HIGH,SIMULATION_REPLAY_ACTIVE
2026-10-04 13:18:18,SIMULATION_REPLAY,2025-05-30,26.25,92.0,48.242164611816406,61.8786506652832,74.1257553100586,112.91559600830078,214.21685791015625,0.48004913330080523,0.6745,2025-05-30,0.5763,WATCH,SIMULATION_REPLAY_ACTIVE
2026-10-04 13:18:18,SIMULATION_REPLAY,2025-05-30,26.25,92.25,45.03527069091797,59.94903564453125,66.54087829589844,102.47746276855469,176.76535034179688,0.49055099487304055,0.7232000000000001,2025-05-30,0.041,SAFE,SIMULATION_REPLAY_ACTIVE
2026-10-04 13:18:18,SIMULATION_REPLAY,2025-05-30,26.25,92.5,47.46430969238281,60.51174545288086,67.10088348388672,114.42363739013672,207.07908630371094,0.4825515747070148,0.635,2025-05-30,0.0485,SAFE,SIMULATION_REPLAY_ACTIVE
2026-10-04 13:18:18,SIMULATION_REPLAY,2025-05-30,26.25,92.75,41.62491989135742,50.35224151611328,67.79209899902344,133.10496520996094,238.32785034179688,0.4960441589355439,0.4961,2025-05-30,0.2238,SAFE,SIMULATION_REPLAY_ACTIVE
2026-10-04 13:18:18,SIMULATION_REPLAY,2025-05-30,26.25,93.0,42.762451171875,44.48758316040039,87.0752944946289,164.9493408203125,257.2143249511719,0.48569488525396026,0.7731,2025-05-30,0.1836,SAFE,SIMULATION_REPLAY_ACTIVE
2026-10-04 13:18:18,SIMULATION_REPLAY,2025-05-30,26.25,93.25,47.4916877746582,49.72702407836914,89.98233032226562,168.33172607421875,239.96682739257812,0.5072059631347677,0.6383,2025-05-30,0.5962,WATCH,SIMULATION_REPLAY_ACTIVE
2026-10-04 13:18:18,SIMULATION_REPLAY,2025-05-30,26.25,93.5,78.52819061279297,83.88954162597656,162.52923583984375,245.37188720703125,350.925048828125,0.46643066406246275,0.8034,2025-05-30,0.7035,HIGH,SIMULATION_REPLAY_ACTIVE
2026-10-04 13:18:18,SIMULATION_REPLAY,2025-05-30,26.25,93.75,56.84485626220703,62.0079460144043,116.29408264160156,209.22918701171875,315.92010498046875,0.46413803100600426,0.7747,2025-05-30,0.2191,SAFE,SIMULATION_REPLAY_ACTIVE
2026-10-04 13:18:18,SIMULATION_REPLAY,2025-05-30,26.25,94.0,24.26458740234375,42.71599578857422,105.59139251708984,158.2834014892578,277.9599609375,0.4460754394532087,0.5622,2025-05-30,0.5,WATCH,SIMULATION_REPLAY_ACTIVE
2026-10-04 13:18:18,SIMULATION_REPLAY,2025-05-30,26.25,94.25,22.940750122070312,40.44154739379883,99.75386047363281,149.32432556152344,260.7227478027344,0.47337341308600467,0.7952,2025-05-30,0.4949,WATCH,SIMULATION_REPLAY_ACTIVE
2026-10-04 13:18:18,SIMULATION_REPLAY,2025-05-30,26.25,94.5,20.611677169799805,32.183685302734375,78.04208374023438,127.08587646484375,216.29693603515625,0.48625183105463277,0.7419,2025-05-30,0.6594,WATCH,SIMULATION_REPLAY_ACTIVE
2026-10-04 13:18:18,SIMULATION_REPLAY,2025-05-30,26.25,94.75,19.098983764648438,29.614604949951172,72.91471862792969,127.3783950805664,203.9435272216797,0.4970512390136726,0.731,2025-05-30,0.5029,WATCH,SIMULATION_REPLAY_ACTIVE
2026-10-04 13:18:18,SIMULATION_REPLAY,2025-05-30,26.25,95.0,17.009315490722656,26.333457946777344,62.285972595214844,113.35469818115234,189.594482421875,0.42889404296894335,0.7507,2025-05-30,0.2277,SAFE,SIMULATION_REPLAY_ACTIVE
2026-10-04 13:18:18,SIMULATION_REPLAY,2025-05-30,26.5,90.0,39.56308364868164,112.86695861816406,122.93222045898438,370.8027648925781,549.7251586914062,0.4319152832031802,0.6337,2025-05-30,0.0556,SAFE,SIMULATION_REPLAY_ACTIVE
2026-10-04 13:18:18,SIMULATION_REPLAY,2025-05-30,26.5,90.25,34.73047637939453,66.45985412597656,75.7441177368164,296.6564025878906,455.3349609375,0.46926879882804207,0.7149,2025-05-30,0.0105,SAFE,SIMULATION_REPLAY_ACTIVE
2026-10-04 13:18:18,SIMULATION_REPLAY,2025-05-30,26.5,90.5,53.965057373046875,73.6837158203125,97.76727294921875,295.7207946777344,415.07977294921875,0.49543762207029757,0.6975,2025-05-30,0.0568,SAFE,SIMULATION_REPLAY_ACTIVE
2026-10-04 13:18:18,SIMULATION_REPLAY,2025-05-30,26.5,90.75,63.46440887451172,85.10545349121094,112.21300506591797,304.50494384765625,407.18572998046875,0.45169830322267013,0.5583,2025-05-30,0.0127,SAFE,SIMULATION_REPLAY_ACTIVE
2026-10-04 13:18:18,SIMULATION_REPLAY,2025-05-30,26.5,91.0,39.47031021118164,58.957908630371094,67.20262145996094,221.13006591796875,323.41357421875,0.4284057617187424,0.6431,2025-05-30,0.0091,SAFE,SIMULATION_REPLAY_ACTIVE
2026-10-04 13:18:18,SIMULATION_REPLAY,2025-05-30,26.5,91.25,35.76092529296875,44.261871337890625,47.86511993408203,166.55039978027344,288.2254638671875,0.42903137207030784,0.6557000000000001,2025-05-30,0.0085,SAFE,SIMULATION_REPLAY_ACTIVE
2026-10-04 13:18:18,SIMULATION_REPLAY,2025-05-30,26.5,91.5,35.1199951171875,50.156272888183594,62.67655944824219,203.21389770507812,321.8321533203125,0.46784973144539405,0.6055,2025-05-30,0.0084,SAFE,SIMULATION_REPLAY_ACTIVE
2026-10-04 13:18:18,SIMULATION_REPLAY,2025-05-30,26.5,91.75,30.827350616455078,38.80594253540039,46.8342170715332,156.3716583251953,306.29736328125,0.506988525390617,0.6235,2025-05-30,0.0175,SAFE,SIMULATION_REPLAY_ACTIVE
2026-10-04 13:18:18,SIMULATION_REPLAY,2025-05-30,26.5,92.0,27.350439071655273,39.085575103759766,41.04301834106445,159.191162109375,317.0961608886719,0.4994659423827985,0.5558000000000001,2025-05-30,0.009,SAFE,SIMULATION_REPLAY_ACTIVE
2026-10-04 13:18:18,SIMULATION_REPLAY,2025-05-30,26.5,92.25,25.435007095336914,38.20916748046875,40.374019622802734,113.52584075927734,231.97979736328125,0.489593505859307,0.5845,2025-05-30,0.0092,SAFE,SIMULATION_REPLAY_ACTIVE
2026-10-04 13:18:18,SIMULATION_REPLAY,2025-05-30,26.5,92.5,40.828189849853516,43.863555908203125,48.973915100097656,135.98416137695312,279.90435791015625,0.4600067138671972,0.6719,2025-05-30,0.0085,SAFE,SIMULATION_REPLAY_ACTIVE
2026-10-04 13:18:18,SIMULATION_REPLAY,2025-05-30,26.5,92.75,40.668582916259766,46.239532470703125,51.37584686279297,130.61573791503906,264.2765197753906,0.4978485107422297,0.7279,2025-05-30,0.0087,SAFE,SIMULATION_REPLAY_ACTIVE
2026-10-04 13:18:18,SIMULATION_REPLAY,2025-05-30,26.5,93.0,45.56827163696289,47.176395416259766,79.14605712890625,168.4269256591797,290.4118347167969,0.510711669921841,0.7467,2025-05-30,0.3624,WATCH,SIMULATION_REPLAY_ACTIVE
2026-10-04 13:18:18,SIMULATION_REPLAY,2025-05-30,26.5,93.25,41.71440124511719,42.75284194946289,76.77622985839844,171.22386169433594,284.4072265625,0.5171966552734046,0.6769000000000001,2025-05-30,0.2606,SAFE,SIMULATION_REPLAY_ACTIVE
2026-10-04 13:18:18,SIMULATION_REPLAY,2025-05-30,26.5,93.5,50.21867752075195,50.75122833251953,85.1983413696289,187.90440368652344,282.0869140625,0.5135345458982298,0.8412000000000001,2025-05-30,0.6197,WATCH,SIMULATION_REPLAY_ACTIVE
2026-10-04 13:18:18,SIMULATION_REPLAY,2025-05-30,26.5,93.75,40.2888298034668,40.56037902832031,71.55426788330078,169.0289306640625,261.0420227050781,0.48990631103507437,0.6901,2025-05-30,0.2083,SAFE,SIMULATION_REPLAY_ACTIVE
2026-10-04 13:18:18,SIMULATION_REPLAY,2025-05-30,26.5,94.0,24.450302124023438,27.111614227294922,60.41864013671875,114.9377670288086,227.6639404296875,0.46093750000014805,0.6192000000000001,2025-05-30,0.0084,SAFE,SIMULATION_REPLAY_ACTIVE
2026-10-04 13:18:18,SIMULATION_REPLAY,2025-05-30,26.5,94.25,23.646732330322266,39.75599670410156,98.311279296875,159.65420532226562,271.005126953125,0.46918487548823073,0.8183,2025-05-30,0.49,WATCH,SIMULATION_REPLAY_ACTIVE
2026-10-04 13:18:18,SIMULATION_REPLAY,2025-05-30,26.5,94.5,17.408222198486328,25.828176498413086,64.6377182006836,135.30126953125,208.82608032226562,0.503723144531148,0.8402000000000001,2025-05-30,0.6716,WATCH,SIMULATION_REPLAY_ACTIVE
2026-10-04 13:18:18,SIMULATION_REPLAY,2025-05-30,26.5,94.75,15.96377944946289,24.8175048828125,59.42362594604492,134.02978515625,214.64019775390625,0.4855041503905532,0.8366,2025-05-30,0.353,WATCH,SIMULATION_REPLAY_ACTIVE
2026-10-04 13:18:18,SIMULATION_REPLAY,2025-05-30,26.5,95.0,11.696626663208008,14.566520690917969,22.28687286376953,81.8769760131836,142.00514221191406,0.4699249267577789,0.8480000000000001,2025-05-30,0.1526,SAFE,SIMULATION_REPLAY_ACTIVE
2026-10-04 13:18:18,SIMULATION_REPLAY,2025-05-30,26.75,90.25,33.323123931884766,54.0303955078125,60.35066223144531,269.3628234863281,421.42633056640625,0.3860893249512084,0.8315,2025-05-30,0.2184,SAFE,SIMULATION_REPLAY_ACTIVE
2026-10-04 13:18:18,SIMULATION_REPLAY,2025-05-30,26.75,90.5,34.9371452331543,58.74994659423828,76.10873413085938,258.83575439453125,408.7637634277344,0.3945236206054812,0.7252000000000001,2025-05-30,0.0496,SAFE,SIMULATION_REPLAY_ACTIVE
2026-10-04 13:18:18,SIMULATION_REPLAY,2025-05-30,26.75,90.75,40.28489303588867,53.797576904296875,73.47428131103516,216.2503204345703,309.68231201171875,0.391204833984394,0.8136,2025-05-30,0.4189,WATCH,SIMULATION_REPLAY_ACTIVE
2026-10-04 13:18:18,SIMULATION_REPLAY,2025-05-30,26.75,91.0,37.8880729675293,50.124244689941406,64.74723815917969,227.77557373046875,317.140380859375,0.3958206176758015,0.7815000000000001,2025-05-30,0.2062,SAFE,SIMULATION_REPLAY_ACTIVE
2026-10-04 13:18:18,SIMULATION_REPLAY,2025-05-30,26.75,91.25,32.50400924682617,46.1993408203125,58.16685485839844,220.03256225585938,328.8491516113281,0.407760620117251,0.7100000000000001,2025-05-30,0.4902,WATCH,SIMULATION_REPLAY_ACTIVE
2026-10-04 13:18:18,SIMULATION_REPLAY,2025-05-30,26.75,91.5,28.9989070892334,40.94729232788086,62.58294677734375,229.33673095703125,370.5831298828125,0.38725280761722425,0.6855,2025-05-30,0.2056,SAFE,SIMULATION_REPLAY_ACTIVE
2026-10-04 13:18:18,SIMULATION_REPLAY,2025-05-30,26.75,91.75,26.20694923400879,29.452594757080078,37.048553466796875,181.29159545898438,337.42681884765625,0.4639053344725952,0.7443000000000001,2025-05-30,0.046,SAFE,SIMULATION_REPLAY_ACTIVE
2026-10-04 13:18:18,SIMULATION_REPLAY,2025-05-30,26.75,92.0,41.93194580078125,57.568817138671875,60.94503402709961,209.9297332763672,404.54888916015625,0.5072021484374819,0.6669,2025-05-30,0.0836,SAFE,SIMULATION_REPLAY_ACTIVE
2026-10-04 13:18:18,SIMULATION_REPLAY,2025-05-30,26.75,92.25,29.318038940429688,34.01408386230469,36.79530334472656,148.3730926513672,312.87371826171875,0.48696899414051287,0.6354000000000001,2025-05-30,0.0082,SAFE,SIMULATION_REPLAY_ACTIVE
2026-10-04 13:18:18,SIMULATION_REPLAY,2025-05-30,26.75,92.5,40.26133346557617,41.837646484375,49.37955856323242,146.168212890625,293.8439636230469,0.43262481689456056,0.5822,2025-05-30,0.0088,SAFE,SIMULATION_REPLAY_ACTIVE
2026-10-04 13:18:18,SIMULATION_REPLAY,2025-05-30,26.75,92.75,41.49319076538086,43.74943542480469,53.99517059326172,151.0319366455078,291.4674377441406,0.47772979736324583,0.5784,2025-05-30,0.009,SAFE,SIMULATION_REPLAY_ACTIVE
2026-10-04 13:18:18,SIMULATION_REPLAY,2025-05-30,26.75,93.0,32.010128021240234,37.96181869506836,48.09540557861328,140.26194763183594,297.0855712890625,0.4873428344727124,0.5002,2025-05-30,0.009,SAFE,SIMULATION_REPLAY_ACTIVE
2026-10-04 13:18:18,SIMULATION_REPLAY,2025-05-30,26.75,93.25,29.79825210571289,32.56198501586914,50.18961715698242,142.5791778564453,278.25616455078125,0.5106620788574009,0.6279,2025-05-30,0.0168,SAFE,SIMULATION_REPLAY_ACTIVE
2026-10-04 13:18:18,SIMULATION_REPLAY,2025-05-30,26.75,93.5,29.070472717285156,30.819091796875,46.86817169189453,125.60791778564453,253.03854370117188,0.5076522827147824,0.4186,2025-05-30,0.0179,SAFE,SIMULATION_REPLAY_ACTIVE
2026-10-04 13:18:18,SIMULATION_REPLAY,2025-05-30,26.75,93.75,25.512727737426758,31.20865821838379,68.98983001708984,169.22933959960938,273.9568176269531,0.5146560668945284,0.3357,2025-05-30,0.0178,SAFE,SIMULATION_REPLAY_ACTIVE
2026-10-04 13:18:18,SIMULATION_REPLAY,2025-05-30,26.75,94.0,48.78176498413086,78.83795166015625,114.11058044433594,219.92193603515625,405.6542663574219,0.4855728149414282,0.6823,2025-05-30,0.0081,SAFE,SIMULATION_REPLAY_ACTIVE
2026-10-04 13:18:18,SIMULATION_REPLAY,2025-05-30,26.75,94.25,9.990082740783691,11.947339057922363,26.928394317626953,102.53588104248047,131.56265258789062,0.47397994995110454,0.6195,2025-05-30,0.0095,SAFE,SIMULATION_REPLAY_ACTIVE
2026-10-04 13:18:18,SIMULATION_REPLAY,2025-05-30,26.75,94.5,10.421795845031738,11.965084075927734,25.404170989990234,102.91664123535156,143.46478271484375,0.4480972290039246,0.7089000000000001,2025-05-30,0.0599,SAFE,SIMULATION_REPLAY_ACTIVE
2026-10-04 13:18:18,SIMULATION_REPLAY,2025-05-30,26.75,94.75,12.572279930114746,14.495879173278809,24.673423767089844,101.0546646118164,187.69483947753906,0.4698219299316617,0.7338,2025-05-30,0.2386,SAFE,SIMULATION_REPLAY_ACTIVE
2026-10-04 13:18:18,SIMULATION_REPLAY,2025-05-30,26.75,95.0,13.611010551452637,17.003345489501953,18.448808670043945,67.50308990478516,148.53057861328125,0.47071838378907876,0.8214,2025-05-30,0.5656,WATCH,SIMULATION_REPLAY_ACTIVE
2026-10-04 13:18:18,SIMULATION_REPLAY,2025-05-30,26.75,95.25,16.91680908203125,20.036096572875977,21.410381317138672,62.776947021484375,155.20848083496094,0.43778991699226744,0.8175,2025-05-30,0.3739,WATCH,SIMULATION_REPLAY_ACTIVE
2026-10-04 13:18:18,SIMULATION_REPLAY,2025-05-30,27.0,92.25,36.63988494873047,37.447139739990234,71.43232727050781,200.70452880859375,286.2349548339844,0.48927307128892483,0.9004000000000001,2025-05-30,0.1946,SAFE,SIMULATION_REPLAY_ACTIVE
2026-10-04 13:18:18,SIMULATION_REPLAY,2025-05-30,27.0,92.5,39.78645324707031,43.23244857788086,70.07408905029297,184.93540954589844,287.74658203125,0.46780395507817685,0.9923,2025-05-30,0.3871,WATCH,SIMULATION_REPLAY_ACTIVE
2026-10-04 13:18:18,SIMULATION_REPLAY,2025-05-30,27.0,92.75,44.02137756347656,51.32257843017578,69.5643539428711,164.61911010742188,283.9399108886719,0.43054962158205246,0.6051000000000001,2025-05-30,0.1818,SAFE,SIMULATION_REPLAY_ACTIVE
2026-10-04 13:18:18,SIMULATION_REPLAY,2025-05-30,27.0,93.0,34.029151916503906,46.67594909667969,56.649085998535156,149.59591674804688,310.2950439453125,0.463546752929643,0.7956000000000001,2025-05-30,0.6022,WATCH,SIMULATION_REPLAY_ACTIVE
2026-10-04 13:18:18,SIMULATION_REPLAY,2025-05-30,27.0,93.25,28.713233947753906,46.4243278503418,49.08865737915039,151.01560974121094,359.3286437988281,0.4653015136720122,0.7455,2025-05-30,0.4925,WATCH,SIMULATION_REPLAY_ACTIVE
2026-10-04 13:18:18,SIMULATION_REPLAY,2025-05-30,27.0,93.5,25.090335845947266,32.39546585083008,38.152626037597656,100.24002075195312,258.2762756347656,0.4294281005859952,0.7622,2025-05-30,0.6281,WATCH,SIMULATION_REPLAY_ACTIVE
2026-10-04 13:18:18,SIMULATION_REPLAY,2025-05-30,27.0,93.75,46.14706039428711,76.72772216796875,103.79119873046875,209.83038330078125,413.4284362792969,0.43758392333988205,0.6084,2025-05-30,0.7486,HIGH,SIMULATION_REPLAY_ACTIVE
2026-10-04 13:18:18,SIMULATION_REPLAY,2025-05-30,27.0,94.0,91.00077056884766,156.75225830078125,174.47512817382812,253.14962768554688,579.1838989257812,0.49870300292968595,0.6384000000000001,2025-05-30,0.1186,SAFE,SIMULATION_REPLAY_ACTIVE
2026-10-04 13:18:18,SIMULATION_REPLAY,2025-05-30,27.0,94.25,8.996260643005371,12.031490325927734,13.724564552307129,69.78404235839844,119.22425079345703,0.49118804931642995,0.654,2025-05-30,0.0105,SAFE,SIMULATION_REPLAY_ACTIVE
2026-10-04 13:18:18,SIMULATION_REPLAY,2025-05-30,27.0,94.5,15.699089050292969,16.47159194946289,21.737308502197266,97.45191955566406,210.21762084960938,0.4826354980468436,0.6361,2025-05-30,0.0089,SAFE,SIMULATION_REPLAY_ACTIVE
2026-10-04 13:18:18,SIMULATION_REPLAY,2025-05-30,27.0,94.75,13.220303535461426,16.450336456298828,18.288124084472656,80.59967041015625,188.23020935058594,0.4664382934569874,0.6880000000000001,2025-05-30,0.0077,SAFE,SIMULATION_REPLAY_ACTIVE
2026-10-04 13:18:18,SIMULATION_REPLAY,2025-05-30,27.0,95.0,12.687661170959473,16.809541702270508,17.353069305419922,64.9252700805664,162.95777893066406,0.49340820312505146,0.7419,2025-05-30,0.0224,SAFE,SIMULATION_REPLAY_ACTIVE
2026-10-04 13:18:18,SIMULATION_REPLAY,2025-05-30,27.0,95.25,17.723512649536133,20.45415687561035,22.03463363647461,60.07969665527344,148.04574584960938,0.4820709228514475,0.8602000000000001,2025-05-30,0.4437,WATCH,SIMULATION_REPLAY_ACTIVE
2026-10-04 13:18:18,SIMULATION_REPLAY,2025-05-30,27.0,95.5,21.687713623046875,23.960050582885742,26.484949111938477,62.507835388183594,148.50067138671875,0.47544860839847575,0.8135,2025-05-30,0.393,WATCH,SIMULATION_REPLAY_ACTIVE
2026-10-04 13:18:18,SIMULATION_REPLAY,2025-05-30,27.0,95.75,31.271970748901367,34.04603576660156,40.295448303222656,87.4813003540039,170.69126892089844,0.47972106933577685,0.9008,2025-05-30,0.2666,SAFE,SIMULATION_REPLAY_ACTIVE
2026-10-04 13:18:18,SIMULATION_REPLAY,2025-05-30,27.25,88.25,4.7497124671936035,27.35633087158203,33.194000244140625,178.2502899169922,385.2430725097656,0.42852783203124856,0.7576,2025-05-30,0.5407,WATCH,SIMULATION_REPLAY_ACTIVE
2026-10-04 13:18:18,SIMULATION_REPLAY,2025-05-30,27.25,88.5,12.67162799835205,40.82186508178711,63.41653060913086,199.68408203125,397.6387939453125,0.4308853149413996,0.7632,2025-05-30,0.5925,WATCH,SIMULATION_REPLAY_ACTIVE
2026-10-04 13:18:18,SIMULATION_REPLAY,2025-05-30,27.25,88.75,30.696895599365234,58.546749114990234,88.530029296875,209.85353088378906,447.81292724609375,0.42253494262695335,0.8321000000000001,2025-05-30,0.1206,SAFE,SIMULATION_REPLAY_ACTIVE
2026-10-04 13:18:18,SIMULATION_REPLAY,2025-05-30,27.25,92.25,49.53844451904297,55.66633987426758,80.95196533203125,154.93569946289062,217.89529418945312,0.4293823242187504,0.6782,2025-05-30,0.0971,SAFE,SIMULATION_REPLAY_ACTIVE
2026-10-04 13:18:18,SIMULATION_REPLAY,2025-05-30,27.25,92.5,47.527095794677734,58.1901741027832,77.45635223388672,161.1716766357422,269.25543212890625,0.4597625732421819,0.5197,2025-05-30,0.6235,WATCH,SIMULATION_REPLAY_ACTIVE
2026-10-04 13:18:18,SIMULATION_REPLAY,2025-05-30,27.25,92.75,46.54254913330078,58.690086364746094,75.70995330810547,160.90057373046875,282.15179443359375,0.42970275878905934,0.1823,2025-05-30,0.5315,WATCH,SIMULATION_REPLAY_ACTIVE
2026-10-04 13:18:18,SIMULATION_REPLAY,2025-05-30,27.25,93.0,41.689762115478516,59.7403564453125,68.91607666015625,158.5515594482422,304.8686828613281,0.42796325683594244,0.8375,2025-05-30,0.4601,WATCH,SIMULATION_REPLAY_ACTIVE
2026-10-04 13:18:18,SIMULATION_REPLAY,2025-05-30,27.25,93.25,34.08744430541992,55.20417404174805,57.427490234375,157.97637939453125,361.02655029296875,0.4293174743652346,0.9375,2025-05-30,0.3835,WATCH,SIMULATION_REPLAY_ACTIVE
2026-10-04 13:18:18,SIMULATION_REPLAY,2025-05-30,27.25,93.5,36.17243194580078,55.043312072753906,57.35254669189453,136.52578735351562,399.6192321777344,0.4761047363280585,0.6153000000000001,2025-05-30,0.4365,WATCH,SIMULATION_REPLAY_ACTIVE
2026-10-04 13:18:18,SIMULATION_REPLAY,2025-05-30,27.25,93.75,37.1835823059082,56.4437255859375,59.51317596435547,123.36679077148438,389.9958801269531,0.472393035888667,0.7496,2025-05-30,0.4613,WATCH,SIMULATION_REPLAY_ACTIVE
2026-10-04 13:18:18,SIMULATION_REPLAY,2025-05-30,27.25,94.0,49.10105895996094,78.67644500732422,84.30557250976562,144.9630889892578,404.333984375,0.4359207153320373,0.5724,2025-05-30,0.305,WATCH,SIMULATION_REPLAY_ACTIVE
2026-10-04 13:18:18,SIMULATION_REPLAY,2025-05-30,27.25,94.25,29.381567001342773,40.43523406982422,41.21800994873047,110.78018951416016,283.92529296875,0.45604705810560103,0.6988000000000001,2025-05-30,0.0085,SAFE,SIMULATION_REPLAY_ACTIVE
2026-10-04 13:18:18,SIMULATION_REPLAY,2025-05-30,27.25,94.5,20.472623825073242,24.60626792907715,26.30301856994629,100.61162567138672,257.55474853515625,0.5021743774413793,0.6818000000000001,2025-05-30,0.0171,SAFE,SIMULATION_REPLAY_ACTIVE
2026-10-04 13:18:18,SIMULATION_REPLAY,2025-05-30,27.25,94.75,10.906435012817383,17.718116760253906,19.261226654052734,90.93985748291016,204.79754638671875,0.486526489257742,0.7011000000000001,2025-05-30,0.0073,SAFE,SIMULATION_REPLAY_ACTIVE
2026-10-04 13:18:18,SIMULATION_REPLAY,2025-05-30,27.25,95.0,11.175293922424316,15.802297592163086,15.802297592163086,66.98161315917969,166.66903686523438,0.5108337402344029,0.7885000000000001,2025-05-30,0.0179,SAFE,SIMULATION_REPLAY_ACTIVE
2026-10-04 13:18:18,SIMULATION_REPLAY,2025-05-30,27.25,95.25,17.137619018554688,19.16277503967285,23.554044723510742,58.285179138183594,98.75039672851562,0.5110855102538998,0.7646000000000001,2025-05-30,0.0189,SAFE,SIMULATION_REPLAY_ACTIVE
2026-10-04 13:18:18,SIMULATION_REPLAY,2025-05-30,27.25,95.5,26.515329360961914,28.92397689819336,31.21204376220703,72.2104263305664,176.09527587890625,0.5075759887695527,0.7693,2025-05-30,0.3096,WATCH,SIMULATION_REPLAY_ACTIVE
2026-10-04 13:18:18,SIMULATION_REPLAY,2025-05-30,27.25,95.75,34.54570007324219,38.33982849121094,46.83709716796875,98.35258483886719,175.44900512695312,0.48632431030267026,0.8165,2025-05-30,0.5872,WATCH,SIMULATION_REPLAY_ACTIVE
2026-10-04 13:18:18,SIMULATION_REPLAY,2025-05-30,27.25,96.0,39.36762237548828,42.736656188964844,52.04730224609375,103.81039428710938,178.98727416992188,0.47934722900372045,0.7438,2025-05-30,0.5543,WATCH,SIMULATION_REPLAY_ACTIVE
2026-10-04 13:18:18,SIMULATION_REPLAY,2025-05-30,27.25,97.0,63.892704010009766,72.3658676147461,92.96981811523438,98.24327087402344,114.61447143554688,0.43045806884765314,0.7989,2025-05-30,0.1579,SAFE,SIMULATION_REPLAY_ACTIVE
2026-10-04 13:18:18,SIMULATION_REPLAY,2025-05-30,27.5,88.25,2.693629741668701,4.608583450317383,47.14005661010742,283.2326965332031,617.63037109375,0.42980194091796675,0.205,2025-05-30,0.0276,SAFE,SIMULATION_REPLAY_ACTIVE
2026-10-04 13:18:18,SIMULATION_REPLAY,2025-05-30,27.5,88.5,1.633766770362854,13.551070213317871,19.825016021728516,125.16016387939453,263.8892517089844,0.42791748046874867,0.8501000000000001,2025-05-30,0.3477,WATCH,SIMULATION_REPLAY_ACTIVE
2026-10-04 13:18:18,SIMULATION_REPLAY,2025-05-30,27.5,88.75,1.7496649026870728,16.8194522857666,31.5540828704834,154.49560546875,316.9661560058594,0.42750549316406167,0.5619000000000001,2025-05-30,0.1572,SAFE,SIMULATION_REPLAY_ACTIVE
2026-10-04 13:18:18,SIMULATION_REPLAY,2025-05-30,27.5,91.75,18.058351516723633,28.33757781982422,50.47443389892578,135.2978057861328,195.22494506835938,0.4284896850585935,0.6987,2025-05-30,0.0984,SAFE,SIMULATION_REPLAY_ACTIVE
2026-10-04 13:18:18,SIMULATION_REPLAY,2025-05-30,27.5,92.0,45.02379608154297,53.4716796875,76.60784149169922,134.08013916015625,179.99380493164062,0.4296112060546863,0.7784000000000001,2025-05-30,0.0416,SAFE,SIMULATION_REPLAY_ACTIVE
2026-10-04 13:18:18,SIMULATION_REPLAY,2025-05-30,27.5,92.25,48.981201171875,56.26055908203125,80.69859313964844,154.80746459960938,223.49697875976562,0.42909240722656217,0.8392000000000001,2025-05-30,0.0515,SAFE,SIMULATION_REPLAY_ACTIVE
2026-10-04 13:18:18,SIMULATION_REPLAY,2025-05-30,27.5,92.5,48.40815353393555,59.166866302490234,78.349853515625,158.52210998535156,259.50750732421875,0.42875671386718933,0.8273,2025-05-30,0.0738,SAFE,SIMULATION_REPLAY_ACTIVE
2026-10-04 13:18:18,SIMULATION_REPLAY,2025-05-30,27.5,92.75,47.10011291503906,59.65315628051758,77.5732421875,166.237548828125,280.63818359375,0.42873382568359963,0.8521000000000001,2025-05-30,0.4289,WATCH,SIMULATION_REPLAY_ACTIVE
2026-10-04 13:18:18,SIMULATION_REPLAY,2025-05-30,27.5,93.0,48.2523307800293,67.14734649658203,79.223388671875,161.1858673095703,281.42138671875,0.42950439453124367,0.8106,2025-05-30,0.5671,WATCH,SIMULATION_REPLAY_ACTIVE
2026-10-04 13:18:18,SIMULATION_REPLAY,2025-05-30,27.5,93.25,55.90483093261719,85.0733642578125,94.56431579589844,178.88400268554688,261.9208984375,0.42921447753906505,0.8309000000000001,2025-05-30,0.1181,SAFE,SIMULATION_REPLAY_ACTIVE
2026-10-04 13:18:18,SIMULATION_REPLAY,2025-05-30,27.5,93.5,60.94778823852539,91.93722534179688,103.23091125488281,178.978759765625,228.35107421875,0.4299926757812488,0.9045,2025-05-30,0.6018,WATCH,SIMULATION_REPLAY_ACTIVE
2026-10-04 13:18:18,SIMULATION_REPLAY,2025-05-30,27.5,93.75,30.868139266967773,44.511573791503906,45.93942642211914,109.86378479003906,346.9745788574219,0.42943572998046975,0.913,2025-05-30,0.3583,WATCH,SIMULATION_REPLAY_ACTIVE
2026-10-04 13:18:18,SIMULATION_REPLAY,2025-05-30,27.5,94.0,32.25358200073242,44.10197448730469,44.10197448730469,102.73097229003906,326.26202392578125,0.4311065673828287,0.6332,2025-05-30,0.1929,SAFE,SIMULATION_REPLAY_ACTIVE
2026-10-04 13:18:18,SIMULATION_REPLAY,2025-05-30,27.5,94.25,45.36616516113281,61.513404846191406,61.81372833251953,127.95751953125,381.31005859375,0.4386978149414008,0.6325000000000001,2025-05-30,0.5269,WATCH,SIMULATION_REPLAY_ACTIVE
2026-10-04 13:18:18,SIMULATION_REPLAY,2025-05-30,27.5,94.5,16.509902954101562,28.455564498901367,33.48131561279297,88.6915512084961,193.11993408203125,0.4389038085937892,0.5956,2025-05-30,0.2441,SAFE,SIMULATION_REPLAY_ACTIVE
2026-10-04 13:18:18,SIMULATION_REPLAY,2025-05-30,27.5,94.75,12.865789413452148,23.211307525634766,27.225128173828125,88.7186050415039,188.1549835205078,0.44635009765637745,0.4216,2025-05-30,0.0074,SAFE,SIMULATION_REPLAY_ACTIVE
2026-10-04 13:18:18,SIMULATION_REPLAY,2025-05-30,27.5,95.0,9.388157844543457,14.551820755004883,15.85297966003418,66.7083511352539,146.7470703125,0.509933471679712,0.7185,2025-05-30,0.0149,SAFE,SIMULATION_REPLAY_ACTIVE
2026-10-04 13:18:18,SIMULATION_REPLAY,2025-05-30,27.5,95.25,16.614294052124023,21.49874496459961,23.83771514892578,57.871612548828125,143.83251953125,0.5114364624022618,0.7336,2025-05-30,0.0174,SAFE,SIMULATION_REPLAY_ACTIVE
2026-10-04 13:18:18,SIMULATION_REPLAY,2025-05-30,27.5,95.5,17.136505126953125,24.29571533203125,26.205076217651367,59.1695442199707,165.0352783203125,0.4789581298827857,0.6342,2025-05-30,0.0093,SAFE,SIMULATION_REPLAY_ACTIVE
2026-10-04 13:18:18,SIMULATION_REPLAY,2025-05-30,27.5,95.75,36.67708969116211,40.724830627441406,50.323204040527344,103.77070617675781,180.23638916015625,0.4999237060546651,0.7702,2025-05-30,0.0094,SAFE,SIMULATION_REPLAY_ACTIVE
2026-10-04 13:18:18,SIMULATION_REPLAY,2025-05-30,27.5,96.0,42.53068542480469,46.17153549194336,57.06172180175781,110.54226684570312,176.59010314941406,0.44705200195314804,0.7250000000000001,2025-05-30,0.0214,SAFE,SIMULATION_REPLAY_ACTIVE
2026-10-04 13:18:18,SIMULATION_REPLAY,2025-05-30,27.5,96.25,51.47478485107422,56.97111511230469,70.61896514892578,103.80009460449219,151.1241455078125,0.49125671386720776,0.5761000000000001,2025-05-30,0.6681,WATCH,SIMULATION_REPLAY_ACTIVE
2026-10-04 13:18:18,SIMULATION_REPLAY,2025-05-30,27.5,96.5,61.04644775390625,68.76837158203125,87.1279296875,98.46000671386719,123.01728820800781,0.4541778564453102,0.5909,2025-05-30,0.3968,WATCH,SIMULATION_REPLAY_ACTIVE
2026-10-04 13:18:18,SIMULATION_REPLAY,2025-05-30,27.5,96.75,61.66604995727539,70.05984497070312,91.63600158691406,97.78567504882812,114.17826843261719,0.47514343261745373,0.7303000000000001,2025-05-30,0.1644,SAFE,SIMULATION_REPLAY_ACTIVE
2026-10-04 13:18:18,SIMULATION_REPLAY,2025-05-30,27.75,88.25,2.9057106971740723,5.566082954406738,25.668819427490234,164.14215087890625,343.01617431640625,0.3694953918456969,0.0512,2025-05-30,0.0083,SAFE,SIMULATION_REPLAY_ACTIVE
2026-10-04 13:18:18,SIMULATION_REPLAY,2025-05-30,27.75,88.5,2.5614559650421143,5.277909278869629,23.50132179260254,151.94613647460938,318.5678405761719,0.430389404296875,0.6673,2025-05-30,0.0853,SAFE,SIMULATION_REPLAY_ACTIVE
2026-10-04 13:18:18,SIMULATION_REPLAY,2025-05-30,27.75,88.75,1.1313053369522095,8.550618171691895,23.159706115722656,152.1161651611328,333.7157287597656,0.42789459228515603,0.6814,2025-05-30,0.0864,SAFE,SIMULATION_REPLAY_ACTIVE
2026-10-04 13:18:18,SIMULATION_REPLAY,2025-05-30,27.75,91.75,15.661027908325195,26.472625732421875,48.72959899902344,133.05747985839844,191.36526489257812,0.4280891418457008,0.7937000000000001,2025-05-30,0.0816,SAFE,SIMULATION_REPLAY_ACTIVE
2026-10-04 13:18:18,SIMULATION_REPLAY,2025-05-30,27.75,92.0,32.01108932495117,41.463478088378906,64.27044677734375,136.4293670654297,191.7552947998047,0.4296951293945307,0.6962,2025-05-30,0.0856,SAFE,SIMULATION_REPLAY_ACTIVE
2026-10-04 13:18:18,SIMULATION_REPLAY,2025-05-30,27.75,92.25,46.71633529663086,55.06825256347656,78.12153625488281,153.98529052734375,230.01454162597656,0.4273147583007685,0.297,2025-05-30,0.1144,SAFE,SIMULATION_REPLAY_ACTIVE
2026-10-04 13:18:18,SIMULATION_REPLAY,2025-05-30,27.75,92.5,48.666107177734375,58.10930633544922,80.1563491821289,160.63653564453125,248.9656219482422,0.42797088623047164,0.0609,2025-05-30,0.145,SAFE,SIMULATION_REPLAY_ACTIVE
2026-10-04 13:18:18,SIMULATION_REPLAY,2025-05-30,27.75,92.75,49.32999038696289,65.41231536865234,82.34512329101562,167.94593811035156,269.29052734375,0.4292907714843758,0.1744,2025-05-30,0.0737,SAFE,SIMULATION_REPLAY_ACTIVE
2026-10-04 13:18:18,SIMULATION_REPLAY,2025-05-30,27.75,93.0,52.67206954956055,75.63287353515625,87.51809692382812,163.8590850830078,259.0936279296875,0.4277420043945284,0.8414,2025-05-30,0.4471,WATCH,SIMULATION_REPLAY_ACTIVE
2026-10-04 13:18:18,SIMULATION_REPLAY,2025-05-30,27.75,93.25,54.1981086730957,82.09273529052734,90.889404296875,174.03440856933594,278.48992919921875,0.4277000427246128,0.5246000000000001,2025-05-30,0.4388,WATCH,SIMULATION_REPLAY_ACTIVE
2026-10-04 13:18:18,SIMULATION_REPLAY,2025-05-30,27.75,93.5,53.903297424316406,80.1751937866211,89.1081314086914,155.13482666015625,237.476318359375,0.42942047119140647,0.8592000000000001,2025-05-30,0.498,WATCH,SIMULATION_REPLAY_ACTIVE
2026-10-04 13:18:18,SIMULATION_REPLAY,2025-05-30,27.75,93.75,33.56239700317383,45.563819885253906,48.35363006591797,102.78541564941406,187.31602478027344,0.4292068481445318,0.8403,2025-05-30,0.3729,WATCH,SIMULATION_REPLAY_ACTIVE
2026-10-04 13:18:18,SIMULATION_REPLAY,2025-05-30,27.75,94.0,29.429916381835938,36.91305923461914,38.085609436035156,85.02962493896484,130.23074340820312,0.42658996582031883,0.7355,2025-05-30,0.0875,SAFE,SIMULATION_REPLAY_ACTIVE
2026-10-04 13:18:18,SIMULATION_REPLAY,2025-05-30,27.75,94.25,31.057605743408203,41.974361419677734,43.23158645629883,97.24473571777344,208.72235107421875,0.42856216430664407,0.7949,2025-05-30,0.3258,WATCH,SIMULATION_REPLAY_ACTIVE
2026-10-04 13:18:18,SIMULATION_REPLAY,2025-05-30,27.75,94.5,25.66388511657715,38.882755279541016,42.24057388305664,100.31996154785156,223.3495635986328,0.43209838867187367,0.7786000000000001,2025-05-30,0.5292,WATCH,SIMULATION_REPLAY_ACTIVE
2026-10-04 13:18:18,SIMULATION_REPLAY,2025-05-30,27.75,94.75,13.253050804138184,23.61980438232422,28.533843994140625,81.39289093017578,164.1116180419922,0.4386863708496515,0.8727,2025-05-30,0.6736,WATCH,SIMULATION_REPLAY_ACTIVE
2026-10-04 13:18:18,SIMULATION_REPLAY,2025-05-30,27.75,95.0,7.934554576873779,17.22557830810547,18.922269821166992,60.72755813598633,149.40069580078125,0.42792510986339827,0.6794,2025-05-30,0.1734,SAFE,SIMULATION_REPLAY_ACTIVE
2026-10-04 13:18:18,SIMULATION_REPLAY,2025-05-30,27.75,95.25,6.900349140167236,13.039913177490234,15.129886627197266,50.35358810424805,134.79954528808594,0.5008659362791928,0.369,2025-05-30,0.0069,SAFE,SIMULATION_REPLAY_ACTIVE
2026-10-04 13:18:18,SIMULATION_REPLAY,2025-05-30,27.75,95.5,3.8895578384399414,18.409748077392578,20.437042236328125,42.156864166259766,150.6585693359375,0.45806884765645967,0.5483,2025-05-30,0.0052,SAFE,SIMULATION_REPLAY_ACTIVE
2026-10-04 13:18:18,SIMULATION_REPLAY,2025-05-30,27.75,95.75,20.754642486572266,26.409488677978516,32.70637512207031,66.03463745117188,138.3418731689453,0.5037117004394897,0.4948,2025-05-30,0.019,SAFE,SIMULATION_REPLAY_ACTIVE
2026-10-04 13:18:18,SIMULATION_REPLAY,2025-05-30,27.75,96.0,41.97934341430664,46.91745376586914,55.358360290527344,88.07405090332031,147.2103729248047,0.4611206054687633,0.8213,2025-05-30,0.0249,SAFE,SIMULATION_REPLAY_ACTIVE
2026-10-04 13:18:18,SIMULATION_REPLAY,2025-05-30,27.75,96.25,69.3989028930664,77.20964813232422,90.21420288085938,98.04023742675781,125.67338562011719,0.4818305969238009,0.7481,2025-05-30,0.243,SAFE,SIMULATION_REPLAY_ACTIVE
2026-10-04 13:18:18,SIMULATION_REPLAY,2025-05-30,27.75,96.5,65.3559799194336,73.79391479492188,92.96333312988281,97.31988525390625,114.8955078125,0.44918823242189276,0.1903,2025-05-30,0.2215,SAFE,SIMULATION_REPLAY_ACTIVE
2026-10-04 13:18:18,SIMULATION_REPLAY,2025-05-30,27.75,96.75,61.011993408203125,69.64112091064453,93.25106811523438,96.47647094726562,108.47054290771484,0.434135437011685,0.9025,2025-05-30,0.0607,SAFE,SIMULATION_REPLAY_ACTIVE
2026-10-04 13:18:18,SIMULATION_REPLAY,2025-05-30,27.75,97.0,61.51188659667969,70.3711166381836,94.6033706665039,96.64959716796875,106.7388916015625,0.4296417236328126,0.7881,2025-05-30,0.0818,SAFE,SIMULATION_REPLAY_ACTIVE
2026-10-04 13:18:18,SIMULATION_REPLAY,2025-05-30,28.0,88.5,2.8399884700775146,5.586565017700195,27.51127052307129,173.0926055908203,363.06817626953125,0.42176818847656705,0.17,2025-05-30,0.032,SAFE,SIMULATION_REPLAY_ACTIVE
2026-10-04 13:18:18,SIMULATION_REPLAY,2025-05-30,28.0,88.75,2.63628888130188,5.392024040222168,25.476043701171875,162.17520141601562,341.9400634765625,0.4068527221679622,0.0413,2025-05-30,0.033,SAFE,SIMULATION_REPLAY_ACTIVE
2026-10-04 13:18:18,SIMULATION_REPLAY,2025-05-30,28.0,92.75,54.504112243652344,74.35173034667969,90.2857437133789,161.7640380859375,240.79287719726562,0.4149780273437588,0.0089,2025-05-30,0.1366,SAFE,SIMULATION_REPLAY_ACTIVE
2026-10-04 13:18:18,SIMULATION_REPLAY,2025-05-30,28.0,93.0,54.92228317260742,79.48466491699219,91.60032653808594,163.24716186523438,245.4032440185547,0.42651367187500117,0.8602000000000001,2025-05-30,0.147,SAFE,SIMULATION_REPLAY_ACTIVE
2026-10-04 13:18:18,SIMULATION_REPLAY,2025-05-30,28.0,93.25,51.548194885253906,75.90029907226562,84.12322998046875,148.37673950195312,222.93072509765625,0.429046630859376,0.8817,2025-05-30,0.3856,WATCH,SIMULATION_REPLAY_ACTIVE
2026-10-04 13:18:18,SIMULATION_REPLAY,2025-05-30,28.0,93.5,45.07246017456055,64.81045532226562,71.07351684570312,129.7400360107422,203.33836364746094,0.4291229248046863,0.7499,2025-05-30,0.482,WATCH,SIMULATION_REPLAY_ACTIVE
2026-10-04 13:18:18,SIMULATION_REPLAY,2025-05-30,28.0,93.75,34.432796478271484,46.23310470581055,49.27240753173828,99.07907104492188,141.8488311767578,0.428253173828131,0.8235,2025-05-30,0.0984,SAFE,SIMULATION_REPLAY_ACTIVE
2026-10-04 13:18:18,SIMULATION_REPLAY,2025-05-30,28.0,94.0,28.580581665039062,35.76310729980469,37.101470947265625,82.3748779296875,104.81192779541016,0.4296569824218761,0.5684,2025-05-30,0.1162,SAFE,SIMULATION_REPLAY_ACTIVE
2026-10-04 13:18:18,SIMULATION_REPLAY,2025-05-30,28.0,94.25,29.401010513305664,37.73454284667969,40.513851165771484,88.99923706054688,143.69053649902344,0.42999267578124944,0.7262000000000001,2025-05-30,0.1483,SAFE,SIMULATION_REPLAY_ACTIVE
2026-10-04 13:18:18,SIMULATION_REPLAY,2025-05-30,28.0,94.5,35.586978912353516,45.43137741088867,52.027076721191406,109.66482543945312,163.80148315429688,0.4299926757812483,0.7685000000000001,2025-05-30,0.3715,WATCH,SIMULATION_REPLAY_ACTIVE
2026-10-04 13:18:18,SIMULATION_REPLAY,2025-05-30,28.0,94.75,44.90854263305664,55.63747787475586,62.10893249511719,124.02961730957031,192.31414794921875,0.4289169311523522,0.8340000000000001,2025-05-30,0.6836,WATCH,SIMULATION_REPLAY_ACTIVE
2026-10-04 13:18:18,SIMULATION_REPLAY,2025-05-30,28.0,95.0,22.286075592041016,35.33566665649414,36.880592346191406,111.72811889648438,199.81275939941406,0.42999267578132805,0.896,2025-05-30,0.489,WATCH,SIMULATION_REPLAY_ACTIVE
2026-10-04 13:18:18,SIMULATION_REPLAY,2025-05-30,28.0,95.25,18.799970626831055,25.900115966796875,28.61920928955078,114.17884063720703,237.46412658691406,0.48801422119122995,0.7335,2025-05-30,0.4292,WATCH,SIMULATION_REPLAY_ACTIVE
2026-10-04 13:18:18,SIMULATION_REPLAY,2025-05-30,28.0,95.5,21.897918701171875,28.661376953125,35.06515884399414,104.3429183959961,207.10125732421875,0.44233703613308945,0.8192,2025-05-30,0.0097,SAFE,SIMULATION_REPLAY_ACTIVE
2026-10-04 13:18:18,SIMULATION_REPLAY,2025-05-30,28.0,95.75,18.07448959350586,23.65739631652832,29.366193771362305,61.35745620727539,132.53909301757812,0.4861602783205998,0.7137,2025-05-30,0.0103,SAFE,SIMULATION_REPLAY_ACTIVE
2026-10-04 13:18:18,SIMULATION_REPLAY,2025-05-30,28.0,96.0,27.20514678955078,34.460968017578125,42.80113220214844,71.35881042480469,128.56985473632812,0.4959869384762906,0.8563000000000001,2025-05-30,0.2468,SAFE,SIMULATION_REPLAY_ACTIVE
2026-10-04 13:18:18,SIMULATION_REPLAY,2025-05-30,28.0,96.25,68.01282501220703,76.37635803222656,91.70084381103516,96.33724975585938,118.532958984375,0.44742584228515037,0.8147000000000001,2025-05-30,0.4678,WATCH,SIMULATION_REPLAY_ACTIVE
2026-10-04 13:18:18,SIMULATION_REPLAY,2025-05-30,28.0,96.5,53.811500549316406,63.153953552246094,94.87620544433594,95.02143859863281,95.90393829345703,0.42933654785155373,0.8747,2025-05-30,0.4388,WATCH,SIMULATION_REPLAY_ACTIVE
2026-10-04 13:18:18,SIMULATION_REPLAY,2025-05-30,28.0,96.75,57.27308654785156,66.33624267578125,94.34111022949219,95.61332702636719,101.3743896484375,0.4268798828124918,0.795,2025-05-30,0.0862,SAFE,SIMULATION_REPLAY_ACTIVE
2026-10-04 13:18:18,SIMULATION_REPLAY,2025-05-30,28.0,97.0,60.10511779785156,69.1054458618164,94.8746337890625,96.13790130615234,104.08121490478516,0.4361724853515306,0.7437,2025-05-30,0.1019,SAFE,SIMULATION_REPLAY_ACTIVE
2026-10-04 13:18:18,SIMULATION_REPLAY,2025-05-30,28.0,97.25,58.861610412597656,67.96080017089844,95.0462646484375,96.06438446044922,102.40447998046875,0.4293136596679621,0.1069,2025-05-30,0.077,SAFE,SIMULATION_REPLAY_ACTIVE
2026-10-04 13:18:18,SIMULATION_REPLAY,2025-05-30,28.25,93.25,50.006431579589844,72.95631408691406,80.84091186523438,136.20806884765625,188.31634521484375,0.4290962219238388,0.8602000000000001,2025-05-30,0.1543,SAFE,SIMULATION_REPLAY_ACTIVE
2026-10-04 13:18:18,SIMULATION_REPLAY,2025-05-30,28.25,93.5,41.072181701660156,56.31776428222656,60.94683837890625,113.09303283691406,163.37030029296875,0.42898559570312295,0.0852,2025-05-30,0.0412,SAFE,SIMULATION_REPLAY_ACTIVE
2026-10-04 13:18:18,SIMULATION_REPLAY,2025-05-30,28.25,93.75,31.68126106262207,43.20638656616211,46.15782165527344,97.98885345458984,138.4199676513672,0.42818450927734564,0.1158,2025-05-30,0.0666,SAFE,SIMULATION_REPLAY_ACTIVE
2026-10-04 13:18:18,SIMULATION_REPLAY,2025-05-30,28.25,94.0,33.09804916381836,42.361854553222656,49.76155090332031,108.98336791992188,138.70529174804688,0.4299926757812459,0.6212,2025-05-30,0.0666,SAFE,SIMULATION_REPLAY_ACTIVE
2026-10-04 13:18:18,SIMULATION_REPLAY,2025-05-30,28.25,94.25,39.16499710083008,48.628318786621094,57.53652572631836,122.77290344238281,173.9737548828125,0.42885589599609764,0.7338,2025-05-30,0.2247,SAFE,SIMULATION_REPLAY_ACTIVE
2026-10-04 13:18:18,SIMULATION_REPLAY,2025-05-30,28.25,94.5,55.49769592285156,65.32171630859375,74.42013549804688,135.48239135742188,212.3590545654297,0.4281692504882858,0.8942,2025-05-30,0.3674,WATCH,SIMULATION_REPLAY_ACTIVE
2026-10-04 13:18:18,SIMULATION_REPLAY,2025-05-30,28.25,94.75,78.44743347167969,86.53626251220703,98.503662109375,150.18325805664062,199.10333251953125,0.4283561706542961,0.8032,2025-05-30,0.7736,HIGH,SIMULATION_REPLAY_ACTIVE
2026-10-04 13:18:18,SIMULATION_REPLAY,2025-05-30,28.25,95.0,37.647857666015625,49.3036994934082,53.57139205932617,127.41648864746094,210.05575561523438,0.42998504638671753,0.8095,2025-05-30,0.3563,WATCH,SIMULATION_REPLAY_ACTIVE
2026-10-04 13:18:18,SIMULATION_REPLAY,2025-05-30,28.25,95.25,24.580820083618164,30.374406814575195,34.46475601196289,139.44825744628906,273.5279235839844,0.4315910339355611,0.881,2025-05-30,0.306,WATCH,SIMULATION_REPLAY_ACTIVE
2026-10-04 13:18:18,SIMULATION_REPLAY,2025-05-30,28.25,95.5,26.058101654052734,29.83248519897461,35.011131286621094,136.73294067382812,277.70562744140625,0.45510864257821837,0.8240000000000001,2025-05-30,0.2357,SAFE,SIMULATION_REPLAY_ACTIVE
2026-10-04 13:18:18,SIMULATION_REPLAY,2025-05-30,28.25,95.75,20.0343074798584,27.26728057861328,33.87786865234375,86.28190612792969,171.2373504638672,0.49271011352548205,0.8238000000000001,2025-05-30,0.4059,WATCH,SIMULATION_REPLAY_ACTIVE
2026-10-04 13:18:18,SIMULATION_REPLAY,2025-05-30,28.25,96.0,29.995773315429688,37.38343048095703,46.803321838378906,73.36119842529297,129.2999267578125,0.42929840087890486,0.0865,2025-05-30,0.1371,SAFE,SIMULATION_REPLAY_ACTIVE
2026-10-04 13:18:18,SIMULATION_REPLAY,2025-05-30,28.25,96.25,57.92679214477539,66.396728515625,85.18589782714844,92.2501449584961,114.59521484375,0.42919540405273493,0.6907,2025-05-30,0.0494,SAFE,SIMULATION_REPLAY_ACTIVE
2026-10-04 13:18:18,SIMULATION_REPLAY,2025-05-30,28.25,96.5,57.668331146240234,66.65792083740234,92.6815185546875,94.89066314697266,103.73258972167969,0.4292602539062464,0.8441000000000001,2025-05-30,0.1676,SAFE,SIMULATION_REPLAY_ACTIVE
2026-10-04 13:18:18,SIMULATION_REPLAY,2025-05-30,28.25,96.75,58.72779083251953,67.70706176757812,94.13289642333984,95.50672912597656,102.99346923828125,0.42909622192382857,0.7204,2025-05-30,0.1122,SAFE,SIMULATION_REPLAY_ACTIVE
2026-10-04 13:18:18,SIMULATION_REPLAY,2025-05-30,28.25,97.0,59.35227966308594,68.41748809814453,94.98753356933594,96.10710144042969,103.0809555053711,0.4191055297851841,0.7426,2025-05-30,0.099,SAFE,SIMULATION_REPLAY_ACTIVE
2026-10-04 13:18:18,SIMULATION_REPLAY,2025-05-30,28.25,97.25,57.63167190551758,66.79508209228516,95.0363998413086,95.83717346191406,100.82383728027344,0.4274940490722715,0.0657,2025-05-30,0.1115,SAFE,SIMULATION_REPLAY_ACTIVE
2026-10-04 13:18:18,SIMULATION_REPLAY,2025-05-30,28.5,93.5,42.12502670288086,58.93897247314453,70.48175811767578,151.0926513671875,192.74118041992188,0.4295654296874972,0.7263000000000001,2025-05-30,0.1219,SAFE,SIMULATION_REPLAY_ACTIVE
2026-10-04 13:18:18,SIMULATION_REPLAY,2025-05-30,28.5,93.75,38.222625732421875,52.22580337524414,67.3952407836914,167.88201904296875,268.61566162109375,0.4299316406249992,0.4833,2025-05-30,0.1186,SAFE,SIMULATION_REPLAY_ACTIVE
2026-10-04 13:18:18,SIMULATION_REPLAY,2025-05-30,28.5,94.0,44.64365005493164,59.93562698364258,81.64445495605469,211.14700317382812,341.39483642578125,0.42987060546873224,0.5874,2025-05-30,0.1346,SAFE,SIMULATION_REPLAY_ACTIVE
2026-10-04 13:18:18,SIMULATION_REPLAY,2025-05-30,28.5,94.25,53.00346374511719,68.84032440185547,91.95899963378906,228.96746826171875,388.6522216796875,0.4290161132812509,0.8664000000000001,2025-05-30,0.1316,SAFE,SIMULATION_REPLAY_ACTIVE
2026-10-04 13:18:18,SIMULATION_REPLAY,2025-05-30,28.5,94.5,57.77354049682617,72.32528686523438,92.00592041015625,190.6394500732422,327.4270935058594,0.4267425537109393,0.8808,2025-05-30,0.4859,WATCH,SIMULATION_REPLAY_ACTIVE
2026-10-04 13:18:18,SIMULATION_REPLAY,2025-05-30,28.5,94.75,55.28388595581055,67.8785400390625,81.60233306884766,159.22142028808594,272.9706115722656,0.42835998535156583,0.7407,2025-05-30,0.4756,WATCH,SIMULATION_REPLAY_ACTIVE
2026-10-04 13:18:18,SIMULATION_REPLAY,2025-05-30,28.5,95.0,41.848777770996094,50.92727279663086,57.48530578613281,136.30618286132812,239.93832397460938,0.4297332763671867,0.7869,2025-05-30,0.2645,SAFE,SIMULATION_REPLAY_ACTIVE
2026-10-04 13:18:18,SIMULATION_REPLAY,2025-05-30,28.5,95.25,37.715431213378906,45.11241912841797,51.03898239135742,140.52529907226562,248.1329345703125,0.4293594360351558,0.7776000000000001,2025-05-30,0.1736,SAFE,SIMULATION_REPLAY_ACTIVE
2026-10-04 13:18:18,SIMULATION_REPLAY,2025-05-30,28.5,95.5,23.180240631103516,28.9926815032959,34.4532470703125,114.03379821777344,224.69801330566406,0.4281463623046924,0.8973000000000001,2025-05-30,0.1398,SAFE,SIMULATION_REPLAY_ACTIVE
2026-10-04 13:18:18,SIMULATION_REPLAY,2025-05-30,28.5,95.75,21.67201042175293,27.999984741210938,34.17750549316406,100.41455078125,201.91714477539062,0.42931365966796864,0.8261000000000001,2025-05-30,0.243,SAFE,SIMULATION_REPLAY_ACTIVE
2026-10-04 13:18:18,SIMULATION_REPLAY,2025-05-30,28.5,96.0,29.777400970458984,35.796043395996094,42.49231719970703,98.19668579101562,186.41835021972656,0.4292755126953128,0.0469,2025-05-30,0.0373,SAFE,SIMULATION_REPLAY_ACTIVE
2026-10-04 13:18:18,SIMULATION_REPLAY,2025-05-30,28.5,96.25,53.636470794677734,62.168312072753906,81.28543090820312,90.4836654663086,115.11174774169922,0.4278030395507766,0.7504000000000001,2025-05-30,0.0584,SAFE,SIMULATION_REPLAY_ACTIVE
2026-10-04 13:18:18,SIMULATION_REPLAY,2025-05-30,28.75,94.0,51.224830627441406,70.59596252441406,101.153076171875,278.4900207519531,474.29766845703125,0.4294815063476504,0.4853,2025-05-30,0.106,SAFE,SIMULATION_REPLAY_ACTIVE
2026-10-04 13:18:18,SIMULATION_REPLAY,2025-05-30,28.75,94.25,53.26005172729492,73.63409423828125,106.33840942382812,304.75091552734375,524.602783203125,0.42878341674805165,0.88,2025-05-30,0.152,SAFE,SIMULATION_REPLAY_ACTIVE
2026-10-04 13:18:18,SIMULATION_REPLAY,2025-05-30,28.75,94.5,53.2204475402832,73.58163452148438,106.04144287109375,271.2125244140625,460.8988952636719,0.42932128906249983,0.4025,2025-05-30,0.1647,SAFE,SIMULATION_REPLAY_ACTIVE
2026-10-04 13:18:18,SIMULATION_REPLAY,2025-05-30,28.75,94.75,53.988399505615234,71.70866394042969,98.07679748535156,224.22630310058594,380.4052429199219,0.4287033081054678,0.8459,2025-05-30,0.5541,WATCH,SIMULATION_REPLAY_ACTIVE
2026-10-04 13:18:18,SIMULATION_REPLAY,2025-05-30,28.75,95.0,51.26367950439453,65.19685363769531,82.92115783691406,196.73031616210938,336.36651611328125,0.4282760620117202,0.752,2025-05-30,0.5789,WATCH,SIMULATION_REPLAY_ACTIVE
2026-10-04 13:18:18,SIMULATION_REPLAY,2025-05-30,28.75,95.25,39.49744415283203,47.145606994628906,53.35874938964844,143.33612060546875,269.5193786621094,0.42866897583007235,0.731,2025-05-30,0.0662,SAFE,SIMULATION_REPLAY_ACTIVE
2026-10-04 13:18:18,SIMULATION_REPLAY,2025-05-30,28.75,95.5,23.335317611694336,30.186420440673828,35.39913558959961,119.94641876220703,232.7281951904297,0.42823791503906145,0.9159,2025-05-30,0.0493,SAFE,SIMULATION_REPLAY_ACTIVE
2026-10-04 13:18:18,SIMULATION_REPLAY,2025-05-30,28.75,95.75,22.75105857849121,28.64963150024414,34.68703079223633,107.09278106689453,210.38876342773438,0.4288291931152381,0.6994,2025-05-30,0.0797,SAFE,SIMULATION_REPLAY_ACTIVE
2026-10-04 13:18:18,SIMULATION_REPLAY,2025-05-30,28.75,96.0,26.1978759765625,32.45295715332031,42.215484619140625,97.89399719238281,182.0996856689453,0.4286346435546859,0.6097,2025-05-30,0.0959,SAFE,SIMULATION_REPLAY_ACTIVE
2026-10-04 13:18:18,SIMULATION_REPLAY,2025-05-30,28.75,96.25,51.5662841796875,60.24000549316406,80.0531997680664,90.16592407226562,115.06635284423828,0.4285469055175849,0.7638,2025-05-30,0.0298,SAFE,SIMULATION_REPLAY_ACTIVE
2026-10-04 13:18:18,SIMULATION_REPLAY,2025-05-30,28.75,96.5,0.0,0.0,0.0,0.0,0.0,0.4291763305664157,0.6305000000000001,2025-05-30,0.033,SAFE,SIMULATION_REPLAY_ACTIVE
2026-10-04 13:18:18,SIMULATION_REPLAY,2025-05-30,29.0,94.25,53.1995964050293,74.01053619384766,107.64057159423828,318.51812744140625,551.47021484375,0.42927551269530934,0.7517,2025-05-30,0.1333,SAFE,SIMULATION_REPLAY_ACTIVE
2026-10-04 13:18:18,SIMULATION_REPLAY,2025-05-30,29.0,94.5,53.172454833984375,73.97171783447266,107.52129364013672,319.6474914550781,554.0211791992188,0.42994689941405584,0.7932,2025-05-30,0.22,SAFE,SIMULATION_REPLAY_ACTIVE
2026-10-04 13:18:18,SIMULATION_REPLAY,2025-05-30,29.0,94.75,53.691925048828125,73.33882904052734,104.29669189453125,273.9154357910156,466.3846435546875,0.4288330078125021,0.754,2025-05-30,0.3847,WATCH,SIMULATION_REPLAY_ACTIVE
2026-10-04 13:18:18,SIMULATION_REPLAY,2025-05-30,29.0,95.0,52.06911849975586,69.26107788085938,94.70880126953125,239.40835571289062,409.73443603515625,0.42828369140625455,0.7922,2025-05-30,0.3194,WATCH,SIMULATION_REPLAY_ACTIVE
2026-10-04 13:18:18,SIMULATION_REPLAY,2025-05-30,29.0,95.25,42.31344223022461,53.08725357055664,67.466064453125,189.4008026123047,344.7581787109375,0.42965698242187456,0.077,2025-05-30,0.0522,SAFE,SIMULATION_REPLAY_ACTIVE
2026-10-04 13:18:18,SIMULATION_REPLAY,2025-05-30,29.0,95.5,28.87041473388672,35.40369415283203,41.49370574951172,133.38870239257812,261.52728271484375,0.4292297363281135,0.8325,2025-05-30,0.0574,SAFE,SIMULATION_REPLAY_ACTIVE
2026-10-04 13:18:18,SIMULATION_REPLAY,2025-05-30,29.0,95.75,23.907495498657227,29.528804779052734,35.6316032409668,117.0051040649414,229.03248596191406,0.427101135253919,0.8116,2025-05-30,0.0314,SAFE,SIMULATION_REPLAY_ACTIVE
2026-10-04 13:18:18,SIMULATION_REPLAY,2025-05-30,29.0,96.0,26.77564239501953,33.0369873046875,42.67005157470703,106.17035675048828,197.19873046875,0.4271087646484502,0.2558,2025-05-30,0.0436,SAFE,SIMULATION_REPLAY_ACTIVE
2026-10-04 13:18:18,SIMULATION_REPLAY,2025-05-30,29.25,94.75,53.55671310424805,74.03559112548828,106.9466781616211,290.1970520019531,496.2442932128906,0.4291305541992204,0.1334,2025-05-30,0.2155,SAFE,SIMULATION_REPLAY_ACTIVE
2026-10-04 13:18:18,SIMULATION_REPLAY,2025-05-30,29.25,95.75,26.119247436523438,30.707839965820312,36.67042922973633,132.52447509765625,261.7210693359375,0.4280815124511633,0.1191,2025-05-30,0.1022,SAFE,SIMULATION_REPLAY_ACTIVE
2026-10-04 13:18:18,SIMULATION_REPLAY,2025-05-30,29.25,96.0,26.932071685791016,33.04343032836914,41.57661437988281,122.51509094238281,230.07623291015625,0.42848968505857615,0.0063,2025-05-30,0.0846,SAFE,SIMULATION_REPLAY_ACTIVE
2026-10-04 13:18:51,LIVE_API_FALLBACK_REPLAY,2025-05-30,22.0,93.0,53.198211669921875,91.14765930175781,195.69322204589844,336.02410888671875,391.8317565917969,0.15182495117193573,0.8652000000000001,2025-12-31,0.441,WATCH,SIMULATION_REPLAY_ACTIVE
2026-10-04 13:18:51,LIVE_API_FALLBACK_REPLAY,2025-05-30,22.25,92.75,52.92583465576172,90.4043960571289,194.91763305664062,334.02056884765625,389.69635009765625,0.14561080932617587,0.8733000000000001,2025-12-31,0.6132,WATCH,SIMULATION_REPLAY_ACTIVE
2026-10-04 13:18:51,LIVE_API_FALLBACK_REPLAY,2025-05-30,22.25,93.0,53.36195755004883,91.59449768066406,196.1594696044922,337.2286376953125,392.7001037597656,0.1738967895507394,0.8746,2025-12-31,0.4089,WATCH,SIMULATION_REPLAY_ACTIVE
2026-10-04 13:18:51,LIVE_API_FALLBACK_REPLAY,2025-05-30,22.5,92.75,53.44924545288086,91.83186340332031,196.40525817871094,337.8465881347656,393.3271789550781,0.14437866210937997,0.889,2025-12-31,0.5017,WATCH,SIMULATION_REPLAY_ACTIVE
2026-10-04 13:18:51,LIVE_API_FALLBACK_REPLAY,2025-05-30,22.5,93.0,54.579010009765625,94.91220092773438,199.62051391601562,346.1642761230469,401.23223876953125,0.1543121337891359,0.8584,2025-12-31,0.7135,HIGH,SIMULATION_REPLAY_ACTIVE
2026-10-04 13:18:51,LIVE_API_FALLBACK_REPLAY,2025-05-30,22.75,92.5,53.839202880859375,92.69801330566406,197.18179321289062,339.8545837402344,389.36102294921875,0.170639038085928,0.8320000000000001,2025-12-31,0.29,SAFE,SIMULATION_REPLAY_ACTIVE
2026-10-04 13:18:51,LIVE_API_FALLBACK_REPLAY,2025-05-30,22.75,92.75,55.93308639526367,98.46339416503906,203.2116241455078,355.2488708496094,410.08209228515625,0.14853668212890342,0.8771,2025-12-31,0.4625,WATCH,SIMULATION_REPLAY_ACTIVE
2026-10-04 13:18:51,LIVE_API_FALLBACK_REPLAY,2025-05-30,22.75,93.0,55.30332565307617,96.7540283203125,201.47422790527344,350.7039489746094,405.0876770019531,0.19040679931641807,0.8695,2025-12-31,0.567,WATCH,SIMULATION_REPLAY_ACTIVE
2026-10-04 13:18:51,LIVE_API_FALLBACK_REPLAY,2025-05-30,23.0,92.5,54.6053466796875,92.09357452392578,194.51171875,333.31304931640625,381.6676330566406,0.16059875488277964,0.8396,2025-12-31,0.4289,WATCH,SIMULATION_REPLAY_ACTIVE
2026-10-04 13:18:51,LIVE_API_FALLBACK_REPLAY,2025-05-30,23.0,92.75,53.935569763183594,91.12442016601562,194.12319946289062,331.23992919921875,380.9097595214844,0.151504516601569,0.8509,2025-12-31,0.5079,WATCH,SIMULATION_REPLAY_ACTIVE
2026-10-04 13:18:51,LIVE_API_FALLBACK_REPLAY,2025-05-30,23.0,93.0,55.573516845703125,95.8628921508789,199.55087280273438,344.8116760253906,395.2559814453125,0.15852355957041903,0.8688,2025-12-31,0.6023,WATCH,SIMULATION_REPLAY_ACTIVE
2026-10-04 13:18:51,LIVE_API_FALLBACK_REPLAY,2025-05-30,23.25,91.5,85.67141723632812,95.2184066772461,157.41635131835938,262.3558044433594,343.94525146484375,0.2522430419921978,0.5974,2025-12-31,0.2801,SAFE,SIMULATION_REPLAY_ACTIVE
2026-10-04 13:18:51,LIVE_API_FALLBACK_REPLAY,2025-05-30,23.25,91.75,81.22990417480469,90.06126403808594,148.33128356933594,252.864501953125,331.19561767578125,0.23955917358382572,0.8186,2025-12-31,0.06,SAFE,SIMULATION_REPLAY_ACTIVE
2026-10-04 13:18:51,LIVE_API_FALLBACK_REPLAY,2025-05-30,23.25,92.5,58.09550094604492,83.58097076416016,163.79278564453125,263.62255859375,320.96954345703125,0.17637634277346395,0.8911,2025-12-31,0.3842,WATCH,SIMULATION_REPLAY_ACTIVE
2026-10-04 13:18:51,LIVE_API_FALLBACK_REPLAY,2025-05-30,23.25,92.75,58.45155715942383,87.32789611816406,173.41844177246094,282.2941589355469,346.9799499511719,0.18827819824222275,0.8624,2025-12-31,0.6274,WATCH,SIMULATION_REPLAY_ACTIVE
2026-10-04 13:18:51,LIVE_API_FALLBACK_REPLAY,2025-05-30,23.25,93.0,57.51850509643555,89.81504821777344,186.56716918945312,301.8083801269531,367.241455078125,0.17585754394534048,0.8934000000000001,2025-12-31,0.4992,WATCH,SIMULATION_REPLAY_ACTIVE
2026-10-04 13:18:51,LIVE_API_FALLBACK_REPLAY,2025-05-30,23.25,93.25,56.08502960205078,94.35096740722656,190.14990234375,315.00921630859375,373.561279296875,0.1985969543456969,0.8242,2025-12-31,0.4232,WATCH,SIMULATION_REPLAY_ACTIVE
2026-10-04 13:18:51,LIVE_API_FALLBACK_REPLAY,2025-05-30,23.5,91.25,87.2322006225586,91.33979034423828,124.27154541015625,211.25624084472656,299.2431640625,0.23408508300787262,0.6831,2025-12-31,0.2483,SAFE,SIMULATION_REPLAY_ACTIVE
2026-10-04 13:18:51,LIVE_API_FALLBACK_REPLAY,2025-05-30,23.5,91.5,44.728004455566406,54.03509521484375,93.5459213256836,168.14996337890625,241.89599609375,0.2470245361326989,0.6061000000000001,2025-12-31,0.0324,SAFE,SIMULATION_REPLAY_ACTIVE
2026-10-04 13:18:51,LIVE_API_FALLBACK_REPLAY,2025-05-30,23.5,91.75,53.57862091064453,69.39631652832031,107.36739349365234,196.9888916015625,266.44342041015625,0.16594696044927393,0.8378,2025-12-31,0.114,SAFE,SIMULATION_REPLAY_ACTIVE
2026-10-04 13:18:51,LIVE_API_FALLBACK_REPLAY,2025-05-30,23.5,92.5,59.862266540527344,84.34371948242188,166.97750854492188,262.69677734375,344.3240966796875,0.18339538574219902,0.8816,2025-12-31,0.4397,WATCH,SIMULATION_REPLAY_ACTIVE
2026-10-04 13:18:51,LIVE_API_FALLBACK_REPLAY,2025-05-30,23.5,92.75,59.61644744873047,85.5191650390625,162.49270629882812,265.819091796875,354.25445556640625,0.1921463012695342,0.8484,2025-12-31,0.4635,WATCH,SIMULATION_REPLAY_ACTIVE
2026-10-04 13:18:51,LIVE_API_FALLBACK_REPLAY,2025-05-30,23.5,93.0,55.45463943481445,83.84944915771484,157.54122924804688,253.17971801757812,342.241455078125,0.16525268554695824,0.6328,2025-12-31,0.5258,WATCH,SIMULATION_REPLAY_ACTIVE
2026-10-04 13:18:51,LIVE_API_FALLBACK_REPLAY,2025-05-30,23.5,93.25,38.486083984375,75.51851654052734,110.38191223144531,175.11849975585938,227.73114013671875,0.19134521484374314,0.8584,2025-12-31,0.7122,HIGH,SIMULATION_REPLAY_ACTIVE
2026-10-04 13:18:51,LIVE_API_FALLBACK_REPLAY,2025-05-30,23.75,91.25,62.08682632446289,69.96965789794922,100.18220520019531,170.00001525878906,272.81243896484375,0.2219696044922691,0.5817,2025-12-31,0.0279,SAFE,SIMULATION_REPLAY_ACTIVE
2026-10-04 13:18:51,LIVE_API_FALLBACK_REPLAY,2025-05-30,23.75,91.5,46.960899353027344,62.38983917236328,95.98588562011719,180.94186401367188,254.42022705078125,0.19132995605457973,0.757,2025-12-31,0.0319,SAFE,SIMULATION_REPLAY_ACTIVE
2026-10-04 13:18:51,LIVE_API_FALLBACK_REPLAY,2025-05-30,23.75,91.75,45.521026611328125,66.98577117919922,98.42762756347656,190.99803161621094,266.54229736328125,0.1609954833984929,0.8469,2025-12-31,0.4351,WATCH,SIMULATION_REPLAY_ACTIVE
2026-10-04 13:18:51,LIVE_API_FALLBACK_REPLAY,2025-05-30,23.75,92.0,54.88114547729492,77.90335845947266,136.4346466064453,237.40354919433594,350.9346923828125,0.17089080810546395,0.8495,2025-12-31,0.4765,WATCH,SIMULATION_REPLAY_ACTIVE
2026-10-04 13:18:51,LIVE_API_FALLBACK_REPLAY,2025-05-30,23.75,92.25,55.02915573120117,71.5575942993164,133.83665466308594,229.02883911132812,353.4687194824219,0.17370223999024142,0.8263,2025-12-31,0.3929,WATCH,SIMULATION_REPLAY_ACTIVE
2026-10-04 13:18:51,LIVE_API_FALLBACK_REPLAY,2025-05-30,23.75,92.5,60.531734466552734,85.83216094970703,171.446044921875,266.0726013183594,381.5218200683594,0.18252563476563416,0.8503000000000001,2025-12-31,0.4609,WATCH,SIMULATION_REPLAY_ACTIVE
2026-10-04 13:18:51,LIVE_API_FALLBACK_REPLAY,2025-05-30,23.75,92.75,58.55056381225586,85.02435302734375,158.4029998779297,259.6730651855469,370.7181091308594,0.1879501342773443,0.8161,2025-12-31,0.8185,HIGH,SIMULATION_REPLAY_ACTIVE
2026-10-04 13:18:51,LIVE_API_FALLBACK_REPLAY,2025-05-30,23.75,93.0,49.75547790527344,80.57870483398438,139.9527587890625,226.4237823486328,307.63543701171875,0.1969451904296875,0.8781,2025-12-31,0.5314,WATCH,SIMULATION_REPLAY_ACTIVE
2026-10-04 13:18:51,LIVE_API_FALLBACK_REPLAY,2025-05-30,23.75,93.25,33.56590270996094,74.42098999023438,98.56509399414062,155.9937286376953,194.19180297851562,0.19822692871093378,0.8125,2025-12-31,0.377,WATCH,SIMULATION_REPLAY_ACTIVE
2026-10-04 13:18:51,LIVE_API_FALLBACK_REPLAY,2025-05-30,24.0,91.5,46.614803314208984,85.56645202636719,98.6617202758789,220.16407775878906,259.914794921875,0.17393493652336348,0.8229000000000001,2025-12-31,0.0325,SAFE,SIMULATION_REPLAY_ACTIVE
2026-10-04 13:18:51,LIVE_API_FALLBACK_REPLAY,2025-05-30,24.0,91.75,58.96452713012695,95.72467041015625,124.24069213867188,281.8588562011719,347.9385681152344,0.16815948486331084,0.8516,2025-12-31,0.5258,WATCH,SIMULATION_REPLAY_ACTIVE
2026-10-04 13:18:51,LIVE_API_FALLBACK_REPLAY,2025-05-30,24.0,92.0,47.28279113769531,73.3878173828125,130.88525390625,271.68280029296875,466.01068115234375,0.15252685546879075,0.7359,2025-12-31,0.405,WATCH,SIMULATION_REPLAY_ACTIVE
2026-10-04 13:18:51,LIVE_API_FALLBACK_REPLAY,2025-05-30,24.0,92.25,55.40082931518555,76.77601623535156,138.62509155273438,254.1700439453125,417.56805419921875,0.1691360473632572,0.8684000000000001,2025-12-31,0.2133,SAFE,SIMULATION_REPLAY_ACTIVE
2026-10-04 13:18:51,LIVE_API_FALLBACK_REPLAY,2025-05-30,24.0,92.5,59.19817352294922,90.12702941894531,164.058349609375,281.7596740722656,437.78656005859375,0.1715240478515905,0.8682000000000001,2025-12-31,0.5846,WATCH,SIMULATION_REPLAY_ACTIVE
2026-10-04 13:18:51,LIVE_API_FALLBACK_REPLAY,2025-05-30,24.0,92.75,55.843711853027344,78.64988708496094,142.92745971679688,251.546875,395.0939636230469,0.1620941162109638,0.8776,2025-12-31,0.3828,WATCH,SIMULATION_REPLAY_ACTIVE
2026-10-04 13:18:51,LIVE_API_FALLBACK_REPLAY,2025-05-30,24.0,93.0,36.63592529296875,72.69752502441406,107.83027648925781,187.25119018554688,251.48141479492188,0.1979827880859404,0.9163,2025-12-31,0.4391,WATCH,SIMULATION_REPLAY_ACTIVE
2026-10-04 13:18:51,LIVE_API_FALLBACK_REPLAY,2025-05-30,24.0,93.25,32.760311126708984,76.83780670166016,84.19363403320312,131.93507385253906,161.17214965820312,0.18670654296870143,0.9114,2025-12-31,0.3198,WATCH,SIMULATION_REPLAY_ACTIVE
2026-10-04 13:18:51,LIVE_API_FALLBACK_REPLAY,2025-05-30,24.0,93.5,31.97942543029785,72.8372802734375,79.12427520751953,124.27235412597656,156.41697692871094,0.18267822265623188,0.8697,2025-12-31,0.3722,WATCH,SIMULATION_REPLAY_ACTIVE
2026-10-04 13:18:51,LIVE_API_FALLBACK_REPLAY,2025-05-30,24.0,94.0,31.774824142456055,71.4048080444336,76.97383117675781,119.60588836669922,152.63299560546875,0.24806213378929012,0.8969,2025-12-31,0.1961,SAFE,SIMULATION_REPLAY_ACTIVE
2026-10-04 13:18:51,LIVE_API_FALLBACK_REPLAY,2025-05-30,24.25,92.0,43.25327682495117,79.22891235351562,150.85874938964844,329.3511657714844,564.02001953125,0.14811706542968062,0.6959000000000001,2025-12-31,0.0567,SAFE,SIMULATION_REPLAY_ACTIVE
2026-10-04 13:18:51,LIVE_API_FALLBACK_REPLAY,2025-05-30,24.25,92.25,60.62970733642578,101.16787719726562,171.22813415527344,332.52642822265625,552.282958984375,0.15416336059572167,0.8316,2025-12-31,0.1156,SAFE,SIMULATION_REPLAY_ACTIVE
2026-10-04 13:18:51,LIVE_API_FALLBACK_REPLAY,2025-05-30,24.25,92.5,50.286285400390625,81.1209487915039,141.84539794921875,274.372314453125,449.5420227050781,0.15960693359377348,0.7533000000000001,2025-12-31,0.2711,SAFE,SIMULATION_REPLAY_ACTIVE
2026-10-04 13:18:51,LIVE_API_FALLBACK_REPLAY,2025-05-30,24.25,92.75,54.33831024169922,66.20389556884766,108.82645416259766,226.83465576171875,361.99517822265625,0.17900085449220487,0.7629,2025-12-31,0.2951,SAFE,SIMULATION_REPLAY_ACTIVE
2026-10-04 13:18:51,LIVE_API_FALLBACK_REPLAY,2025-05-30,24.25,93.0,41.32441329956055,74.09232330322266,96.83547973632812,194.1706085205078,276.4883728027344,0.19627380371091865,0.8971,2025-12-31,0.2951,SAFE,SIMULATION_REPLAY_ACTIVE
2026-10-04 13:18:51,LIVE_API_FALLBACK_REPLAY,2025-05-30,24.25,93.25,34.711177825927734,82.15406799316406,90.25363159179688,139.14451599121094,164.11566162109375,0.17046356201169444,0.9026,2025-12-31,0.2375,SAFE,SIMULATION_REPLAY_ACTIVE
2026-10-04 13:18:51,LIVE_API_FALLBACK_REPLAY,2025-05-30,24.25,93.5,31.07325553894043,67.41486358642578,72.619873046875,116.49203491210938,153.30517578125,0.1809082031251604,0.8797,2025-12-31,0.3918,WATCH,SIMULATION_REPLAY_ACTIVE
2026-10-04 13:18:51,LIVE_API_FALLBACK_REPLAY,2025-05-30,24.25,93.75,31.12079429626465,68.41970825195312,73.6518325805664,117.03178405761719,153.0548858642578,0.279651641845714,0.8103,2025-12-31,0.322,WATCH,SIMULATION_REPLAY_ACTIVE
2026-10-04 13:18:51,LIVE_API_FALLBACK_REPLAY,2025-05-30,24.25,94.0,32.672786712646484,72.39984893798828,78.09664916992188,120.40374755859375,152.0846405029297,0.29261779785143566,0.8425,2025-12-31,0.4339,WATCH,SIMULATION_REPLAY_ACTIVE
2026-10-04 13:18:51,LIVE_API_FALLBACK_REPLAY,2025-05-30,24.25,94.25,39.29081344604492,81.95066833496094,94.37051391601562,131.2250518798828,163.1142578125,0.26796722412116303,0.8643000000000001,2025-12-31,0.2288,SAFE,SIMULATION_REPLAY_ACTIVE
2026-10-04 13:18:51,LIVE_API_FALLBACK_REPLAY,2025-05-30,24.5,92.25,28.94207763671875,40.616737365722656,93.80006408691406,222.0460205078125,420.90887451171875,0.12922668457045663,0.659,2025-12-31,0.0318,SAFE,SIMULATION_REPLAY_ACTIVE
2026-10-04 13:18:51,LIVE_API_FALLBACK_REPLAY,2025-05-30,24.5,92.5,36.50718688964844,40.95641326904297,81.084716796875,174.0771484375,303.70941162109375,0.14874267578127653,0.8474,2025-12-31,0.0208,SAFE,SIMULATION_REPLAY_ACTIVE
2026-10-04 13:18:51,LIVE_API_FALLBACK_REPLAY,2025-05-30,24.5,92.75,59.380287170410156,62.71197509765625,92.2821044921875,210.11019897460938,317.9514465332031,0.16284942626954893,0.8289000000000001,2025-12-31,0.446,WATCH,SIMULATION_REPLAY_ACTIVE
2026-10-04 13:18:51,LIVE_API_FALLBACK_REPLAY,2025-05-30,24.5,93.0,47.08599853515625,76.0849838256836,97.36138916015625,201.0146026611328,273.17626953125,0.19433593749997197,0.8836,2025-12-31,0.3684,WATCH,SIMULATION_REPLAY_ACTIVE
2026-10-04 13:18:51,LIVE_API_FALLBACK_REPLAY,2025-05-30,24.5,93.25,30.972482681274414,78.10106658935547,89.3800048828125,149.08950805664062,176.83648681640625,0.1895141601562377,0.8947,2025-12-31,0.1456,SAFE,SIMULATION_REPLAY_ACTIVE
2026-10-04 13:18:51,LIVE_API_FALLBACK_REPLAY,2025-05-30,24.5,93.5,30.714645385742188,73.06298065185547,80.24574279785156,126.8132553100586,158.12673950195312,0.19230651855476383,0.9154,2025-12-31,0.3179,WATCH,SIMULATION_REPLAY_ACTIVE
2026-10-04 13:18:51,LIVE_API_FALLBACK_REPLAY,2025-05-30,24.5,93.75,32.56886672973633,74.22616577148438,79.6036376953125,118.93193054199219,148.36944580078125,0.1558685302733169,0.4311,2025-12-31,0.4466,WATCH,SIMULATION_REPLAY_ACTIVE
2026-10-04 13:18:51,LIVE_API_FALLBACK_REPLAY,2025-05-30,24.5,94.0,38.756595611572266,81.81544494628906,93.44993591308594,129.98680114746094,160.00485229492188,0.26309204101553285,0.4041,2025-12-31,0.2091,SAFE,SIMULATION_REPLAY_ACTIVE
2026-10-04 13:18:51,LIVE_API_FALLBACK_REPLAY,2025-05-30,24.5,94.25,51.9460563659668,102.62196350097656,128.53048706054688,161.17845153808594,191.0101776123047,0.19972991943354035,0.8627,2025-12-31,0.2675,SAFE,SIMULATION_REPLAY_ACTIVE
2026-10-04 13:18:51,LIVE_API_FALLBACK_REPLAY,2025-05-30,24.75,92.5,42.10313034057617,44.86323928833008,79.29290008544922,214.0305633544922,320.4187927246094,0.25354766845700366,0.7097,2025-12-31,0.0636,SAFE,SIMULATION_REPLAY_ACTIVE
2026-10-04 13:18:51,LIVE_API_FALLBACK_REPLAY,2025-05-30,24.75,92.75,72.55640411376953,74.79960632324219,101.73771667480469,234.49526977539062,333.8869934082031,0.2210540771484502,0.3636,2025-12-31,0.1114,SAFE,SIMULATION_REPLAY_ACTIVE
2026-10-04 13:18:51,LIVE_API_FALLBACK_REPLAY,2025-05-30,24.75,93.0,53.17100524902344,73.70223999023438,96.59537506103516,215.2115020751953,303.04132080078125,0.163078308105551,0.5561,2025-12-31,0.5225,WATCH,SIMULATION_REPLAY_ACTIVE
2026-10-04 13:18:51,LIVE_API_FALLBACK_REPLAY,2025-05-30,24.75,93.25,32.98560333251953,71.3797836303711,85.9815902709961,163.59567260742188,214.40768432617188,0.1749267578124809,0.8246,2025-12-31,0.4213,WATCH,SIMULATION_REPLAY_ACTIVE
2026-10-04 13:18:51,LIVE_API_FALLBACK_REPLAY,2025-05-30,24.75,93.5,32.99568176269531,71.04911804199219,78.23722839355469,118.43832397460938,142.79164123535156,0.18290710449225114,0.9026,2025-12-31,0.3696,WATCH,SIMULATION_REPLAY_ACTIVE
2026-10-04 13:18:51,LIVE_API_FALLBACK_REPLAY,2025-05-30,24.75,93.75,43.24964141845703,93.11192321777344,109.18995666503906,143.57684326171875,167.29049682617188,0.20809936523439607,0.7997000000000001,2025-12-31,0.4785,WATCH,SIMULATION_REPLAY_ACTIVE
2026-10-04 13:18:51,LIVE_API_FALLBACK_REPLAY,2025-05-30,24.75,94.0,62.1421012878418,118.7291259765625,155.78469848632812,185.48524475097656,214.13307189941406,0.25902557373049623,0.683,2025-12-31,0.4821,WATCH,SIMULATION_REPLAY_ACTIVE
2026-10-04 13:18:51,LIVE_API_FALLBACK_REPLAY,2025-05-30,24.75,94.25,65.05301666259766,123.09101867675781,163.36907958984375,192.36886596679688,221.57843017578125,0.2227325439451292,0.8624,2025-12-31,0.6241,WATCH,SIMULATION_REPLAY_ACTIVE
2026-10-04 13:18:51,LIVE_API_FALLBACK_REPLAY,2025-05-30,24.75,94.5,70.55103302001953,131.40634155273438,177.76461791992188,205.3994140625,235.078857421875,0.19622039794922722,0.8421000000000001,2025-12-31,0.5653,WATCH,SIMULATION_REPLAY_ACTIVE
2026-10-04 13:18:51,LIVE_API_FALLBACK_REPLAY,2025-05-30,25.0,92.5,41.714107513427734,44.10662078857422,78.77064514160156,214.4426727294922,323.31396484375,0.25196838378899306,0.7140000000000001,2025-12-31,0.5132,WATCH,SIMULATION_REPLAY_ACTIVE
2026-10-04 13:18:51,LIVE_API_FALLBACK_REPLAY,2025-05-30,25.0,92.75,60.654197692871094,68.7322769165039,91.60737609863281,229.86575317382812,331.390869140625,0.257118225097682,0.8029000000000001,2025-12-31,0.4046,WATCH,SIMULATION_REPLAY_ACTIVE
2026-10-04 13:18:51,LIVE_API_FALLBACK_REPLAY,2025-05-30,25.0,93.0,51.958248138427734,71.18836975097656,95.1588363647461,226.22113037109375,334.60174560546875,0.15454101562505557,0.8797,2025-12-31,0.2908,SAFE,SIMULATION_REPLAY_ACTIVE
2026-10-04 13:18:51,LIVE_API_FALLBACK_REPLAY,2025-05-30,25.0,93.25,46.02490997314453,71.01821899414062,93.32978820800781,205.05020141601562,296.7096862792969,0.16590118408213506,0.8194,2025-12-31,0.4878,WATCH,SIMULATION_REPLAY_ACTIVE
2026-10-04 13:18:51,LIVE_API_FALLBACK_REPLAY,2025-05-30,25.0,93.5,40.96920394897461,73.98371124267578,95.18518829345703,129.5278778076172,167.2274932861328,0.18045043945312764,0.8334,2025-12-31,0.4083,WATCH,SIMULATION_REPLAY_ACTIVE
2026-10-04 13:18:51,LIVE_API_FALLBACK_REPLAY,2025-05-30,25.0,93.75,66.26914978027344,116.2132568359375,161.7829132080078,187.9490966796875,224.5040740966797,0.22828674316417788,0.8605,2025-12-31,0.6825,WATCH,SIMULATION_REPLAY_ACTIVE
2026-10-04 13:18:51,LIVE_API_FALLBACK_REPLAY,2025-05-30,25.0,94.0,80.3629379272461,144.82980346679688,202.75393676757812,227.78451538085938,259.54327392578125,0.2611083984374874,0.7174,2025-12-31,0.7479,HIGH,SIMULATION_REPLAY_ACTIVE
2026-10-04 13:18:51,LIVE_API_FALLBACK_REPLAY,2025-05-30,25.0,94.25,72.34764099121094,130.2223663330078,180.36260986328125,206.26797485351562,239.18727111816406,0.19309997558573777,0.8146,2025-12-31,0.5419,WATCH,SIMULATION_REPLAY_ACTIVE
2026-10-04 13:18:51,LIVE_API_FALLBACK_REPLAY,2025-05-30,25.0,94.5,72.30533599853516,128.29364013671875,182.68508911132812,207.854736328125,245.76602172851562,0.16998291015627287,0.8057000000000001,2025-12-31,0.3607,WATCH,SIMULATION_REPLAY_ACTIVE
2026-10-04 13:18:51,LIVE_API_FALLBACK_REPLAY,2025-05-30,25.25,90.25,149.83787536621094,153.18934631347656,223.5615997314453,592.9344482421875,954.3377685546875,0.20678710937506795,0.7533000000000001,2025-12-31,0.7219,HIGH,SIMULATION_REPLAY_ACTIVE
2026-10-04 13:18:51,LIVE_API_FALLBACK_REPLAY,2025-05-30,25.25,90.5,193.17613220214844,200.08795166015625,284.28515625,700.5277709960938,1084.109375,0.2009429931642134,0.7862,2025-12-31,0.6901,WATCH,SIMULATION_REPLAY_ACTIVE
2026-10-04 13:18:51,LIVE_API_FALLBACK_REPLAY,2025-05-30,25.25,90.75,243.67669677734375,272.2387390136719,369.44775390625,750.5177001953125,1084.023193359375,0.2753067016601849,0.8505,2025-12-31,0.5453,WATCH,SIMULATION_REPLAY_ACTIVE
2026-10-04 13:18:51,LIVE_API_FALLBACK_REPLAY,2025-05-30,25.25,91.0,247.38710021972656,274.3790588378906,369.00244140625,757.96435546875,1103.6024169921875,0.28967285156249356,0.8293,2025-12-31,0.4112,WATCH,SIMULATION_REPLAY_ACTIVE
2026-10-04 13:18:51,LIVE_API_FALLBACK_REPLAY,2025-05-30,25.25,91.25,261.1893005371094,285.42608642578125,374.4844970703125,780.7755126953125,1151.5955810546875,0.2758407592773431,0.7824,2025-12-31,0.6975,WATCH,SIMULATION_REPLAY_ACTIVE
2026-10-04 13:18:51,LIVE_API_FALLBACK_REPLAY,2025-05-30,25.25,91.5,215.46249389648438,248.0769805908203,348.3585205078125,685.7215576171875,962.859375,0.2790679931640547,0.8036000000000001,2025-12-31,0.5743,WATCH,SIMULATION_REPLAY_ACTIVE
2026-10-04 13:18:51,LIVE_API_FALLBACK_REPLAY,2025-05-30,25.25,91.75,142.35092163085938,153.876220703125,213.94082641601562,436.8374938964844,610.6279907226562,0.2730865478515553,0.6767000000000001,2025-12-31,0.7126,HIGH,SIMULATION_REPLAY_ACTIVE
2026-10-04 13:18:51,LIVE_API_FALLBACK_REPLAY,2025-05-30,25.25,92.0,122.21886444091797,128.4277801513672,175.33181762695312,333.2781677246094,479.3749084472656,0.2704238891601573,0.7854,2025-12-31,0.7236,HIGH,SIMULATION_REPLAY_ACTIVE
2026-10-04 13:18:51,LIVE_API_FALLBACK_REPLAY,2025-05-30,25.25,92.25,124.92828369140625,130.16677856445312,168.6753692626953,248.53848266601562,341.7499084472656,0.2638092041015585,0.8475,2025-12-31,0.5766,WATCH,SIMULATION_REPLAY_ACTIVE
2026-10-04 13:18:51,LIVE_API_FALLBACK_REPLAY,2025-05-30,25.25,92.5,99.63592529296875,103.21194458007812,131.32191467285156,207.73593139648438,284.58843994140625,0.2622985839843797,0.8190000000000001,2025-12-31,0.5716,WATCH,SIMULATION_REPLAY_ACTIVE
2026-10-04 13:18:51,LIVE_API_FALLBACK_REPLAY,2025-05-30,25.25,92.75,74.42745971679688,82.65754699707031,100.94499206542969,208.11656188964844,296.85321044921875,0.23440170288072915,0.7538,2025-12-31,0.3857,WATCH,SIMULATION_REPLAY_ACTIVE
2026-10-04 13:18:51,LIVE_API_FALLBACK_REPLAY,2025-05-30,25.25,93.0,48.81056213378906,62.774131774902344,87.7109375,204.99131774902344,308.10870361328125,0.2855911254882703,0.8347,2025-12-31,0.4222,WATCH,SIMULATION_REPLAY_ACTIVE
2026-10-04 13:18:51,LIVE_API_FALLBACK_REPLAY,2025-05-30,25.25,93.25,46.36695861816406,69.53230285644531,93.78988647460938,176.6255340576172,255.47048950195312,0.28414154052734586,0.8579,2025-12-31,0.4011,WATCH,SIMULATION_REPLAY_ACTIVE
2026-10-04 13:18:51,LIVE_API_FALLBACK_REPLAY,2025-05-30,25.25,93.5,51.426753997802734,75.31329345703125,115.63920593261719,140.04396057128906,194.5143280029297,0.2747192382810403,0.8935000000000001,2025-12-31,0.2967,SAFE,SIMULATION_REPLAY_ACTIVE
2026-10-04 13:18:51,LIVE_API_FALLBACK_REPLAY,2025-05-30,25.25,93.75,55.35453796386719,84.82949829101562,128.9381561279297,153.47201538085938,206.12498474121094,0.17591857910150094,0.8812000000000001,2025-12-31,0.4122,WATCH,SIMULATION_REPLAY_ACTIVE
2026-10-04 13:18:51,LIVE_API_FALLBACK_REPLAY,2025-05-30,25.25,94.0,73.23667907714844,128.53379821777344,185.37725830078125,210.55563354492188,250.2064971923828,0.1835632324221644,0.6543,2025-12-31,0.5187,WATCH,SIMULATION_REPLAY_ACTIVE
2026-10-04 13:18:51,LIVE_API_FALLBACK_REPLAY,2025-05-30,25.25,94.25,67.2594985961914,115.27845764160156,169.18899536132812,193.94284057617188,236.45733642578125,0.2654571533203256,0.687,2025-12-31,0.632,WATCH,SIMULATION_REPLAY_ACTIVE
2026-10-04 13:18:51,LIVE_API_FALLBACK_REPLAY,2025-05-30,25.25,94.5,62.582984924316406,107.78065490722656,159.55364990234375,184.2059326171875,222.694091796875,0.19878387451171706,0.5552,2025-12-31,0.5155,WATCH,SIMULATION_REPLAY_ACTIVE
2026-10-04 13:18:51,LIVE_API_FALLBACK_REPLAY,2025-05-30,25.5,90.0,164.09121704101562,164.09121704101562,241.99624633789062,653.511474609375,1041.90771484375,0.18223571777354425,0.7766000000000001,2025-12-31,0.7345,HIGH,SIMULATION_REPLAY_ACTIVE
2026-10-04 13:18:51,LIVE_API_FALLBACK_REPLAY,2025-05-30,25.5,90.25,154.65414428710938,157.43951416015625,230.9081573486328,613.3341064453125,984.4921875,0.2825164794921875,0.8927,2025-12-31,0.6127,WATCH,SIMULATION_REPLAY_ACTIVE
2026-10-04 13:18:51,LIVE_API_FALLBACK_REPLAY,2025-05-30,25.5,90.5,137.99050903320312,152.37628173828125,220.52117919921875,534.5391845703125,883.2701416015625,0.28503417968750394,0.8656,2025-12-31,0.6085,WATCH,SIMULATION_REPLAY_ACTIVE
2026-10-04 13:18:51,LIVE_API_FALLBACK_REPLAY,2025-05-30,25.5,90.75,275.649658203125,308.7218017578125,392.76934814453125,742.1342163085938,1032.57470703125,0.28221130371093517,0.7366,2025-12-31,0.316,WATCH,SIMULATION_REPLAY_ACTIVE
2026-10-04 13:18:51,LIVE_API_FALLBACK_REPLAY,2025-05-30,25.5,91.0,273.5454406738281,305.63037109375,387.601806640625,736.5676879882812,1028.947998046875,0.2896118164062541,0.8387,2025-12-31,0.2857,SAFE,SIMULATION_REPLAY_ACTIVE
2026-10-04 13:18:51,LIVE_API_FALLBACK_REPLAY,2025-05-30,25.5,91.25,241.10018920898438,266.54296875,329.64697265625,628.470458984375,871.781005859375,0.27403259277342784,0.7381000000000001,2025-12-31,0.4961,WATCH,SIMULATION_REPLAY_ACTIVE
2026-10-04 13:18:51,LIVE_API_FALLBACK_REPLAY,2025-05-30,25.5,91.5,161.46328735351562,176.2795867919922,233.45486450195312,465.0978088378906,626.2568969726562,0.26019287109377015,0.5623,2025-12-31,0.66,WATCH,SIMULATION_REPLAY_ACTIVE
2026-10-04 13:18:51,LIVE_API_FALLBACK_REPLAY,2025-05-30,25.5,91.75,140.50730895996094,148.46109008789062,196.48526000976562,387.7179260253906,528.7616577148438,0.2641220092773283,0.7319,2025-12-31,0.807,HIGH,SIMULATION_REPLAY_ACTIVE
2026-10-04 13:18:51,LIVE_API_FALLBACK_REPLAY,2025-05-30,25.5,92.0,140.4612579345703,147.4078826904297,190.16481018066406,330.9189147949219,446.17572021484375,0.2732696533202908,0.7022,2025-12-31,0.6468,WATCH,SIMULATION_REPLAY_ACTIVE
2026-10-04 13:18:51,LIVE_API_FALLBACK_REPLAY,2025-05-30,25.5,92.25,142.4553985595703,147.59771728515625,179.85633850097656,213.5030975341797,280.59490966796875,0.27405548095707566,0.6063000000000001,2025-12-31,0.7313,HIGH,SIMULATION_REPLAY_ACTIVE
2026-10-04 13:18:51,LIVE_API_FALLBACK_REPLAY,2025-05-30,25.5,92.5,122.52452087402344,126.85519409179688,157.25173950195312,192.83377075195312,258.6700439453125,0.281173706054695,0.7939,2025-12-31,0.3274,WATCH,SIMULATION_REPLAY_ACTIVE
2026-10-04 13:18:51,LIVE_API_FALLBACK_REPLAY,2025-05-30,25.5,92.75,56.619964599609375,59.41863250732422,80.38743591308594,148.29559326171875,217.64459228515625,0.29212951660157793,0.7924,2025-12-31,0.151,SAFE,SIMULATION_REPLAY_ACTIVE
2026-10-04 13:18:51,LIVE_API_FALLBACK_REPLAY,2025-05-30,25.5,93.0,32.81704330444336,38.94683837890625,63.537967681884766,149.9937286376953,237.85435485839844,0.28610229492183237,0.8561000000000001,2025-12-31,0.1748,SAFE,SIMULATION_REPLAY_ACTIVE
2026-10-04 13:18:51,LIVE_API_FALLBACK_REPLAY,2025-05-30,25.5,93.25,34.79034423828125,45.592254638671875,78.47016143798828,128.12669372558594,205.15931701660156,0.29656982421874717,0.8626,2025-12-31,0.184,SAFE,SIMULATION_REPLAY_ACTIVE
2026-10-04 13:18:51,LIVE_API_FALLBACK_REPLAY,2025-05-30,25.5,93.5,40.279266357421875,55.04669189453125,92.03433990478516,121.32945251464844,185.64773559570312,0.2771148681640769,0.8809,2025-12-31,0.354,WATCH,SIMULATION_REPLAY_ACTIVE
2026-10-04 13:18:51,LIVE_API_FALLBACK_REPLAY,2025-05-30,25.5,93.75,34.14509201049805,46.087432861328125,93.41180419921875,121.36189270019531,199.2119140625,0.25498962402329123,0.8988,2025-12-31,0.2177,SAFE,SIMULATION_REPLAY_ACTIVE
2026-10-04 13:18:51,LIVE_API_FALLBACK_REPLAY,2025-05-30,25.5,94.0,47.35109329223633,72.98985290527344,122.44705200195312,147.95758056640625,209.3606719970703,0.2216033935549624,0.8348,2025-12-31,0.3398,WATCH,SIMULATION_REPLAY_ACTIVE
2026-10-04 13:18:51,LIVE_API_FALLBACK_REPLAY,2025-05-30,25.5,94.25,47.16743850708008,77.0327377319336,122.24214172363281,146.8572235107422,189.7018280029297,0.28184509277374936,0.8067000000000001,2025-12-31,0.3822,WATCH,SIMULATION_REPLAY_ACTIVE
2026-10-04 13:18:51,LIVE_API_FALLBACK_REPLAY,2025-05-30,25.5,94.5,42.66069793701172,70.76948547363281,116.64163208007812,143.22386169433594,193.35275268554688,0.3246307373045962,0.7898000000000001,2025-12-31,0.435,WATCH,SIMULATION_REPLAY_ACTIVE
2026-10-04 13:18:51,LIVE_API_FALLBACK_REPLAY,2025-05-30,25.5,94.75,,,,,,0.24808502197256257,0.7994,2025-12-31,,UNAVAILABLE_MISSING_DATA,SIMULATION_REPLAY_ACTIVE
2026-10-04 13:18:51,LIVE_API_FALLBACK_REPLAY,2025-05-30,25.75,90.0,139.1939239501953,139.70236206054688,201.1991729736328,552.7220458984375,897.1358032226562,0.18179321289067615,0.7124,2025-12-31,0.3708,WATCH,SIMULATION_REPLAY_ACTIVE
2026-10-04 13:18:51,LIVE_API_FALLBACK_REPLAY,2025-05-30,25.75,90.25,130.97677612304688,141.45413208007812,205.8932647705078,519.1982421875,857.43603515625,0.25269317626952886,0.7911,2025-12-31,0.5995,WATCH,SIMULATION_REPLAY_ACTIVE
2026-10-04 13:18:51,LIVE_API_FALLBACK_REPLAY,2025-05-30,25.75,90.5,105.182861328125,125.86224365234375,182.73464965820312,439.6173400878906,740.7393798828125,0.29516601562499734,0.7727,2025-12-31,0.4471,WATCH,SIMULATION_REPLAY_ACTIVE
2026-10-04 13:18:51,LIVE_API_FALLBACK_REPLAY,2025-05-30,25.75,90.75,44.804962158203125,71.42911529541016,94.3931884765625,246.00218200683594,412.014892578125,0.2965736389160227,0.8378,2025-12-31,0.3152,WATCH,SIMULATION_REPLAY_ACTIVE
2026-10-04 13:18:51,LIVE_API_FALLBACK_REPLAY,2025-05-30,25.75,91.0,132.11984252929688,150.7527618408203,189.45538330078125,418.94158935546875,617.2338256835938,0.32118988037112417,0.8393,2025-12-31,0.5079,WATCH,SIMULATION_REPLAY_ACTIVE
2026-10-04 13:18:51,LIVE_API_FALLBACK_REPLAY,2025-05-30,25.75,91.25,135.62973022460938,148.2505645751953,196.4915008544922,399.93609619140625,569.791015625,0.32878875732423807,0.8313,2025-12-31,0.5605,WATCH,SIMULATION_REPLAY_ACTIVE
2026-10-04 13:18:51,LIVE_API_FALLBACK_REPLAY,2025-05-30,25.75,91.5,91.78986358642578,96.83729553222656,131.400634765625,279.504638671875,382.35833740234375,0.3241806030273442,0.7508,2025-12-31,0.4462,WATCH,SIMULATION_REPLAY_ACTIVE
2026-10-04 13:18:51,LIVE_API_FALLBACK_REPLAY,2025-05-30,25.75,91.75,95.78997802734375,100.86360168457031,134.73489379882812,281.40594482421875,378.32513427734375,0.31657791137697844,0.7759,2025-12-31,0.4135,WATCH,SIMULATION_REPLAY_ACTIVE
2026-10-04 13:18:51,LIVE_API_FALLBACK_REPLAY,2025-05-30,25.75,92.0,103.3324966430664,111.45738983154297,142.70361328125,261.2294921875,363.6540222167969,0.3141860961914073,0.6274000000000001,2025-12-31,0.5999,WATCH,SIMULATION_REPLAY_ACTIVE
2026-10-04 13:18:51,LIVE_API_FALLBACK_REPLAY,2025-05-30,25.75,92.25,119.67720794677734,126.03527069091797,152.11070251464844,178.35655212402344,244.56723022460938,0.307868957519534,0.8041,2025-12-31,0.2349,SAFE,SIMULATION_REPLAY_ACTIVE
2026-10-04 13:18:51,LIVE_API_FALLBACK_REPLAY,2025-05-30,25.75,92.5,80.09951782226562,84.85427856445312,104.95430755615234,153.23263549804688,216.69863891601562,0.3254318237304818,0.7936000000000001,2025-12-31,0.2009,SAFE,SIMULATION_REPLAY_ACTIVE
2026-10-04 13:18:51,LIVE_API_FALLBACK_REPLAY,2025-05-30,25.75,92.75,28.077838897705078,30.425722122192383,37.78900146484375,118.826171875,172.66696166992188,0.33027267456052567,0.7845000000000001,2025-12-31,0.1148,SAFE,SIMULATION_REPLAY_ACTIVE
2026-10-04 13:18:51,LIVE_API_FALLBACK_REPLAY,2025-05-30,25.75,93.0,29.030012130737305,30.71747398376465,64.31465148925781,142.3753662109375,238.31358337402344,0.2746887207031044,0.8642000000000001,2025-12-31,0.2654,SAFE,SIMULATION_REPLAY_ACTIVE
2026-10-04 13:18:51,LIVE_API_FALLBACK_REPLAY,2025-05-30,25.75,93.25,25.73936653137207,28.938739776611328,52.53893280029297,115.58805084228516,189.7208709716797,0.28310394287113066,0.6446000000000001,2025-12-31,0.3093,WATCH,SIMULATION_REPLAY_ACTIVE
2026-10-04 13:18:51,LIVE_API_FALLBACK_REPLAY,2025-05-30,25.75,93.5,24.685760498046875,31.151973724365234,44.519718170166016,83.29530334472656,156.8749237060547,0.30124664306634924,0.8479,2025-12-31,0.0152,SAFE,SIMULATION_REPLAY_ACTIVE
2026-10-04 13:18:51,LIVE_API_FALLBACK_REPLAY,2025-05-30,25.75,93.75,28.83806037902832,37.04436492919922,82.07254028320312,111.58119201660156,189.11631774902344,0.282058715820294,0.8542000000000001,2025-12-31,0.1605,SAFE,SIMULATION_REPLAY_ACTIVE
2026-10-04 13:18:51,LIVE_API_FALLBACK_REPLAY,2025-05-30,25.75,94.0,22.950382232666016,30.32381820678711,66.21369934082031,94.40592956542969,164.03927612304688,0.2927017211914488,0.8183,2025-12-31,0.3846,WATCH,SIMULATION_REPLAY_ACTIVE
2026-10-04 13:18:51,LIVE_API_FALLBACK_REPLAY,2025-05-30,25.75,94.25,23.75823402404785,36.63311004638672,80.56927490234375,112.42794799804688,184.32989501953125,0.36605072021506824,0.781,2025-12-31,0.2631,SAFE,SIMULATION_REPLAY_ACTIVE
2026-10-04 13:18:51,LIVE_API_FALLBACK_REPLAY,2025-05-30,25.75,94.5,24.922109603881836,40.20228576660156,87.06793212890625,120.97412109375,200.14903259277344,0.43630218505851437,0.8544,2025-12-31,0.2755,SAFE,SIMULATION_REPLAY_ACTIVE
2026-10-04 13:18:51,LIVE_API_FALLBACK_REPLAY,2025-05-30,25.75,94.75,23.80071258544922,38.76097869873047,84.83545684814453,119.1536865234375,197.61083984375,0.29921340942329705,0.8892,2025-12-31,0.1251,SAFE,SIMULATION_REPLAY_ACTIVE
2026-10-04 13:18:51,LIVE_API_FALLBACK_REPLAY,2025-05-30,25.75,95.0,20.83759880065918,32.65131759643555,73.50281524658203,107.39256286621094,194.48480224609375,0.26152801513683394,0.8748,2025-12-31,0.1242,SAFE,SIMULATION_REPLAY_ACTIVE
2026-10-04 13:18:51,LIVE_API_FALLBACK_REPLAY,2025-05-30,26.0,90.0,66.4272232055664,76.85413360595703,89.89227294921875,251.12185668945312,432.6298828125,0.09251403808605049,0.3184,2025-12-31,0.0321,SAFE,SIMULATION_REPLAY_ACTIVE
2026-10-04 13:18:51,LIVE_API_FALLBACK_REPLAY,2025-05-30,26.0,90.25,61.37657928466797,100.670654296875,140.44985961914062,272.552734375,519.9790649414062,0.16046142578122227,0.5445,2025-12-31,0.1113,SAFE,SIMULATION_REPLAY_ACTIVE
2026-10-04 13:18:51,LIVE_API_FALLBACK_REPLAY,2025-05-30,26.0,90.5,53.87355041503906,91.87525939941406,127.19530487060547,278.06414794921875,493.87298583984375,0.21961975097651942,0.8347,2025-12-31,0.179,SAFE,SIMULATION_REPLAY_ACTIVE
2026-10-04 13:18:51,LIVE_API_FALLBACK_REPLAY,2025-05-30,26.0,90.75,46.828819274902344,72.03234100341797,92.96697235107422,270.9908142089844,403.5362854003906,0.2523880004882812,0.6932,2025-12-31,0.3683,WATCH,SIMULATION_REPLAY_ACTIVE
2026-10-04 13:18:51,LIVE_API_FALLBACK_REPLAY,2025-05-30,26.0,91.0,39.43705368041992,62.30987548828125,75.51991271972656,217.9812774658203,340.87640380859375,0.30540466308598924,0.3939,2025-12-31,0.0255,SAFE,SIMULATION_REPLAY_ACTIVE
2026-10-04 13:18:51,LIVE_API_FALLBACK_REPLAY,2025-05-30,26.0,91.25,43.04998016357422,61.89805221557617,76.2449951171875,211.287841796875,339.8461608886719,0.3658599853515825,0.5505,2025-12-31,0.3911,WATCH,SIMULATION_REPLAY_ACTIVE
2026-10-04 13:18:51,LIVE_API_FALLBACK_REPLAY,2025-05-30,26.0,91.5,57.807472229003906,73.16526794433594,84.42689514160156,167.12095642089844,283.51611328125,0.39485168457028974,0.4991,2025-12-31,0.1253,SAFE,SIMULATION_REPLAY_ACTIVE
2026-10-04 13:18:51,LIVE_API_FALLBACK_REPLAY,2025-05-30,26.0,91.75,63.76811981201172,76.97537231445312,92.93867492675781,169.11962890625,273.59130859375,0.3605041503905534,0.8430000000000001,2025-12-31,0.3659,WATCH,SIMULATION_REPLAY_ACTIVE
2026-10-04 13:18:51,LIVE_API_FALLBACK_REPLAY,2025-05-30,26.0,92.0,47.65731430053711,60.695011138916016,72.08164978027344,109.74012756347656,204.9593048095703,0.3112487792968495,0.7833,2025-12-31,0.1001,SAFE,SIMULATION_REPLAY_ACTIVE
2026-10-04 13:18:51,LIVE_API_FALLBACK_REPLAY,2025-05-30,26.0,92.25,53.895103454589844,64.98711395263672,74.70925903320312,106.86691284179688,181.62442016601562,0.29502105712891136,0.8582000000000001,2025-12-31,0.1846,SAFE,SIMULATION_REPLAY_ACTIVE
2026-10-04 13:18:51,LIVE_API_FALLBACK_REPLAY,2025-05-30,26.0,92.5,43.59156799316406,54.27190399169922,61.88577651977539,112.47347259521484,176.97647094726562,0.2683715820311982,0.8234,2025-12-31,0.113,SAFE,SIMULATION_REPLAY_ACTIVE
2026-10-04 13:18:51,LIVE_API_FALLBACK_REPLAY,2025-05-30,26.0,92.75,31.64879608154297,40.75569152832031,63.606468200683594,138.94329833984375,218.49813842773438,0.24492645263684026,0.475,2025-12-31,0.0111,SAFE,SIMULATION_REPLAY_ACTIVE
2026-10-04 13:18:51,LIVE_API_FALLBACK_REPLAY,2025-05-30,26.0,93.0,30.892274856567383,32.62675857543945,65.27935791015625,141.87973022460938,234.370849609375,0.2707519531249991,0.3522,2025-12-31,0.0062,SAFE,SIMULATION_REPLAY_ACTIVE
2026-10-04 13:18:51,LIVE_API_FALLBACK_REPLAY,2025-05-30,26.0,93.25,33.85667419433594,35.698570251464844,56.24097442626953,122.94561767578125,176.02767944335938,0.260108947753913,0.635,2025-12-31,0.322,WATCH,SIMULATION_REPLAY_ACTIVE
2026-10-04 13:18:51,LIVE_API_FALLBACK_REPLAY,2025-05-30,26.0,93.5,33.452667236328125,36.071922302246094,57.09431457519531,118.37470245361328,168.5543212890625,0.28726196289063843,0.7531,2025-12-31,0.0876,SAFE,SIMULATION_REPLAY_ACTIVE
2026-10-04 13:18:51,LIVE_API_FALLBACK_REPLAY,2025-05-30,26.0,93.75,23.460832595825195,29.092134475708008,55.00432205200195,89.05518341064453,146.4787139892578,0.28926849365235685,0.562,2025-12-31,0.0145,SAFE,SIMULATION_REPLAY_ACTIVE
2026-10-04 13:18:51,LIVE_API_FALLBACK_REPLAY,2025-05-30,26.0,94.0,18.312524795532227,25.00532341003418,56.57707977294922,83.76689147949219,160.23983764648438,0.30050659179686134,0.8446,2025-12-31,0.3849,WATCH,SIMULATION_REPLAY_ACTIVE
2026-10-04 13:18:51,LIVE_API_FALLBACK_REPLAY,2025-05-30,26.0,94.25,18.628856658935547,26.075084686279297,59.59516143798828,90.0152587890625,169.95567321777344,0.3037185668945859,0.8086,2025-12-31,0.2648,SAFE,SIMULATION_REPLAY_ACTIVE
2026-10-04 13:18:51,LIVE_API_FALLBACK_REPLAY,2025-05-30,26.0,94.5,21.466699600219727,32.725250244140625,77.64879608154297,117.44298553466797,209.3047332763672,0.3491058349608576,0.8026000000000001,2025-12-31,0.2283,SAFE,SIMULATION_REPLAY_ACTIVE
2026-10-04 13:18:51,LIVE_API_FALLBACK_REPLAY,2025-05-30,26.0,94.75,19.88824462890625,30.934406280517578,74.28524017333984,117.85137176513672,202.02178955078125,0.29465484619133586,0.8463,2025-12-31,0.1953,SAFE,SIMULATION_REPLAY_ACTIVE
2026-10-04 13:18:51,LIVE_API_FALLBACK_REPLAY,2025-05-30,26.0,95.0,19.239830017089844,30.202228546142578,73.05694580078125,118.30915069580078,204.52157592773438,0.21798706054710226,0.7708,2025-12-31,0.0791,SAFE,SIMULATION_REPLAY_ACTIVE
2026-10-04 13:18:51,LIVE_API_FALLBACK_REPLAY,2025-05-30,26.25,89.75,49.641845703125,97.82417297363281,134.92166137695312,338.92626953125,578.2127075195312,0.16430282592773704,0.4191,2025-12-31,0.0651,SAFE,SIMULATION_REPLAY_ACTIVE
2026-10-04 13:18:51,LIVE_API_FALLBACK_REPLAY,2025-05-30,26.25,90.0,42.1384391784668,114.2730712890625,130.72091674804688,370.2967529296875,560.1561889648438,0.17401123046874467,0.8,2025-12-31,0.0421,SAFE,SIMULATION_REPLAY_ACTIVE
2026-10-04 13:18:51,LIVE_API_FALLBACK_REPLAY,2025-05-30,26.25,90.25,62.652835845947266,102.72982788085938,146.46450805664062,264.3146667480469,525.7224731445312,0.1961288452147814,0.4159,2025-12-31,0.1058,SAFE,SIMULATION_REPLAY_ACTIVE
2026-10-04 13:18:51,LIVE_API_FALLBACK_REPLAY,2025-05-30,26.25,90.5,50.65268325805664,83.71588134765625,114.2142333984375,282.10186767578125,461.4564514160156,0.2021026611327853,0.5630000000000001,2025-12-31,0.0533,SAFE,SIMULATION_REPLAY_ACTIVE
2026-10-04 13:18:51,LIVE_API_FALLBACK_REPLAY,2025-05-30,26.25,90.75,44.01834487915039,71.99317932128906,92.65756225585938,299.9126892089844,414.4763488769531,0.1534080505370065,0.3139,2025-12-31,0.0684,SAFE,SIMULATION_REPLAY_ACTIVE
2026-10-04 13:18:51,LIVE_API_FALLBACK_REPLAY,2025-05-30,26.25,91.0,37.43390655517578,56.36933135986328,67.33465576171875,225.28744506835938,339.492919921875,0.22434234619130258,0.668,2025-12-31,0.0171,SAFE,SIMULATION_REPLAY_ACTIVE
2026-10-04 13:18:51,LIVE_API_FALLBACK_REPLAY,2025-05-30,26.25,91.25,41.53215408325195,66.80516815185547,78.86467742919922,236.12432861328125,350.472900390625,0.1737747192383551,0.453,2025-12-31,0.0151,SAFE,SIMULATION_REPLAY_ACTIVE
2026-10-04 13:18:51,LIVE_API_FALLBACK_REPLAY,2025-05-30,26.25,91.5,48.397071838378906,93.09602355957031,111.36825561523438,221.30181884765625,357.2400817871094,0.2988891601561988,0.5629000000000001,2025-12-31,0.0317,SAFE,SIMULATION_REPLAY_ACTIVE
2026-10-04 13:18:51,LIVE_API_FALLBACK_REPLAY,2025-05-30,26.25,91.75,46.6163215637207,68.50579071044922,82.14204406738281,138.6289520263672,246.29090881347656,0.2962646484374992,0.7991,2025-12-31,0.4956,WATCH,SIMULATION_REPLAY_ACTIVE
2026-10-04 13:18:51,LIVE_API_FALLBACK_REPLAY,2025-05-30,26.25,92.0,48.242164611816406,61.8786506652832,74.1257553100586,112.91559600830078,214.21685791015625,0.35308837890625344,0.8132,2025-12-31,0.2567,SAFE,SIMULATION_REPLAY_ACTIVE
2026-10-04 13:18:51,LIVE_API_FALLBACK_REPLAY,2025-05-30,26.25,92.25,45.03527069091797,59.94903564453125,66.54087829589844,102.47746276855469,176.76535034179688,0.32975769042965447,0.6068,2025-12-31,0.0286,SAFE,SIMULATION_REPLAY_ACTIVE
2026-10-04 13:18:51,LIVE_API_FALLBACK_REPLAY,2025-05-30,26.25,92.5,47.46430969238281,60.51174545288086,67.10088348388672,114.42363739013672,207.07908630371094,0.29205322265622513,0.5985,2025-12-31,0.0276,SAFE,SIMULATION_REPLAY_ACTIVE
2026-10-04 13:18:51,LIVE_API_FALLBACK_REPLAY,2025-05-30,26.25,92.75,41.62491989135742,50.35224151611328,67.79209899902344,133.10496520996094,238.32785034179688,0.2722129821777028,0.4063,2025-12-31,0.105,SAFE,SIMULATION_REPLAY_ACTIVE
2026-10-04 13:18:51,LIVE_API_FALLBACK_REPLAY,2025-05-30,26.25,93.0,42.762451171875,44.48758316040039,87.0752944946289,164.9493408203125,257.2143249511719,0.25799560546883604,0.8547,2025-12-31,0.1173,SAFE,SIMULATION_REPLAY_ACTIVE
2026-10-04 13:18:51,LIVE_API_FALLBACK_REPLAY,2025-05-30,26.25,93.25,47.4916877746582,49.72702407836914,89.98233032226562,168.33172607421875,239.96682739257812,0.2915306091308745,0.8461000000000001,2025-12-31,0.1741,SAFE,SIMULATION_REPLAY_ACTIVE
2026-10-04 13:18:51,LIVE_API_FALLBACK_REPLAY,2025-05-30,26.25,93.5,78.52819061279297,83.88954162597656,162.52923583984375,245.37188720703125,350.925048828125,0.29454803466798574,0.9094,2025-12-31,0.4197,WATCH,SIMULATION_REPLAY_ACTIVE
2026-10-04 13:18:51,LIVE_API_FALLBACK_REPLAY,2025-05-30,26.25,93.75,56.84485626220703,62.0079460144043,116.29408264160156,209.22918701171875,315.92010498046875,0.2816696166992241,0.8598,2025-12-31,0.2143,SAFE,SIMULATION_REPLAY_ACTIVE
2026-10-04 13:18:51,LIVE_API_FALLBACK_REPLAY,2025-05-30,26.25,94.0,24.26458740234375,42.71599578857422,105.59139251708984,158.2834014892578,277.9599609375,0.2507553100586546,0.5589000000000001,2025-12-31,0.2529,SAFE,SIMULATION_REPLAY_ACTIVE
2026-10-04 13:18:51,LIVE_API_FALLBACK_REPLAY,2025-05-30,26.25,94.25,22.940750122070312,40.44154739379883,99.75386047363281,149.32432556152344,260.7227478027344,0.2892761230469001,0.8530000000000001,2025-12-31,0.2767,SAFE,SIMULATION_REPLAY_ACTIVE
2026-10-04 13:18:51,LIVE_API_FALLBACK_REPLAY,2025-05-30,26.25,94.5,20.611677169799805,32.183685302734375,78.04208374023438,127.08587646484375,216.29693603515625,0.3165512084961277,0.8598,2025-12-31,0.3022,WATCH,SIMULATION_REPLAY_ACTIVE
2026-10-04 13:18:51,LIVE_API_FALLBACK_REPLAY,2025-05-30,26.25,94.75,19.098983764648438,29.614604949951172,72.91471862792969,127.3783950805664,203.9435272216797,0.3624267578125799,0.8802000000000001,2025-12-31,0.18,SAFE,SIMULATION_REPLAY_ACTIVE
2026-10-04 13:18:51,LIVE_API_FALLBACK_REPLAY,2025-05-30,26.25,95.0,17.009315490722656,26.333457946777344,62.285972595214844,113.35469818115234,189.594482421875,0.24756622314471344,0.8446,2025-12-31,0.111,SAFE,SIMULATION_REPLAY_ACTIVE
2026-10-04 13:18:51,LIVE_API_FALLBACK_REPLAY,2025-05-30,26.5,90.0,39.56308364868164,112.86695861816406,122.93222045898438,370.8027648925781,549.7251586914062,0.14637756347669184,0.5716,2025-12-31,0.0423,SAFE,SIMULATION_REPLAY_ACTIVE
2026-10-04 13:18:51,LIVE_API_FALLBACK_REPLAY,2025-05-30,26.5,90.25,34.73047637939453,66.45985412597656,75.7441177368164,296.6564025878906,455.3349609375,0.24685668945312036,0.6277,2025-12-31,0.0134,SAFE,SIMULATION_REPLAY_ACTIVE
2026-10-04 13:18:51,LIVE_API_FALLBACK_REPLAY,2025-05-30,26.5,90.5,53.965057373046875,73.6837158203125,97.76727294921875,295.7207946777344,415.07977294921875,0.24844360351564268,0.6601,2025-12-31,0.0322,SAFE,SIMULATION_REPLAY_ACTIVE
2026-10-04 13:18:51,LIVE_API_FALLBACK_REPLAY,2025-05-30,26.5,90.75,63.46440887451172,85.10545349121094,112.21300506591797,304.50494384765625,407.18572998046875,0.1944732666016027,0.3457,2025-12-31,0.0159,SAFE,SIMULATION_REPLAY_ACTIVE
2026-10-04 13:18:51,LIVE_API_FALLBACK_REPLAY,2025-05-30,26.5,91.0,39.47031021118164,58.957908630371094,67.20262145996094,221.13006591796875,323.41357421875,0.14982604980468903,0.4963,2025-12-31,0.0143,SAFE,SIMULATION_REPLAY_ACTIVE
2026-10-04 13:18:51,LIVE_API_FALLBACK_REPLAY,2025-05-30,26.5,91.25,35.76092529296875,44.261871337890625,47.86511993408203,166.55039978027344,288.2254638671875,0.15177917480468722,0.5047,2025-12-31,0.0068,SAFE,SIMULATION_REPLAY_ACTIVE
2026-10-04 13:18:51,LIVE_API_FALLBACK_REPLAY,2025-05-30,26.5,91.5,35.1199951171875,50.156272888183594,62.67655944824219,203.21389770507812,321.8321533203125,0.2087249755860132,0.4555,2025-12-31,0.0103,SAFE,SIMULATION_REPLAY_ACTIVE
2026-10-04 13:18:51,LIVE_API_FALLBACK_REPLAY,2025-05-30,26.5,91.75,30.827350616455078,38.80594253540039,46.8342170715332,156.3716583251953,306.29736328125,0.2662124633789197,0.4755,2025-12-31,0.0062,SAFE,SIMULATION_REPLAY_ACTIVE
2026-10-04 13:18:51,LIVE_API_FALLBACK_REPLAY,2025-05-30,26.5,92.0,27.350439071655273,39.085575103759766,41.04301834106445,159.191162109375,317.0961608886719,0.2817535400390434,0.4268,2025-12-31,0.0058,SAFE,SIMULATION_REPLAY_ACTIVE
2026-10-04 13:18:51,LIVE_API_FALLBACK_REPLAY,2025-05-30,26.5,92.25,25.435007095336914,38.20916748046875,40.374019622802734,113.52584075927734,231.97979736328125,0.27377319335936573,0.7383000000000001,2025-12-31,0.0052,SAFE,SIMULATION_REPLAY_ACTIVE
2026-10-04 13:18:51,LIVE_API_FALLBACK_REPLAY,2025-05-30,26.5,92.5,40.828189849853516,43.863555908203125,48.973915100097656,135.98416137695312,279.90435791015625,0.24873352050758585,0.6297,2025-12-31,0.0062,SAFE,SIMULATION_REPLAY_ACTIVE
2026-10-04 13:18:51,LIVE_API_FALLBACK_REPLAY,2025-05-30,26.5,92.75,40.668582916259766,46.239532470703125,51.37584686279297,130.61573791503906,264.2765197753906,0.20831298828102648,0.6539,2025-12-31,0.0063,SAFE,SIMULATION_REPLAY_ACTIVE
2026-10-04 13:18:51,LIVE_API_FALLBACK_REPLAY,2025-05-30,26.5,93.0,45.56827163696289,47.176395416259766,79.14605712890625,168.4269256591797,290.4118347167969,0.2724151611328184,0.734,2025-12-31,0.1111,SAFE,SIMULATION_REPLAY_ACTIVE
2026-10-04 13:18:51,LIVE_API_FALLBACK_REPLAY,2025-05-30,26.5,93.25,41.71440124511719,42.75284194946289,76.77622985839844,171.22386169433594,284.4072265625,0.2799530029296886,0.8372,2025-12-31,0.0786,SAFE,SIMULATION_REPLAY_ACTIVE
2026-10-04 13:18:51,LIVE_API_FALLBACK_REPLAY,2025-05-30,26.5,93.5,50.21867752075195,50.75122833251953,85.1983413696289,187.90440368652344,282.0869140625,0.28364562988281594,0.8471000000000001,2025-12-31,0.2862,SAFE,SIMULATION_REPLAY_ACTIVE
2026-10-04 13:18:51,LIVE_API_FALLBACK_REPLAY,2025-05-30,26.5,93.75,40.2888298034668,40.56037902832031,71.55426788330078,169.0289306640625,261.0420227050781,0.2868499755858878,0.6157,2025-12-31,0.1156,SAFE,SIMULATION_REPLAY_ACTIVE
2026-10-04 13:18:51,LIVE_API_FALLBACK_REPLAY,2025-05-30,26.5,94.0,24.450302124023438,27.111614227294922,60.41864013671875,114.9377670288086,227.6639404296875,0.24365234375002223,0.5864,2025-12-31,0.0066,SAFE,SIMULATION_REPLAY_ACTIVE
2026-10-04 13:18:51,LIVE_API_FALLBACK_REPLAY,2025-05-30,26.5,94.25,23.646732330322266,39.75599670410156,98.311279296875,159.65420532226562,271.005126953125,0.2842559814453433,0.8787,2025-12-31,0.2505,SAFE,SIMULATION_REPLAY_ACTIVE
2026-10-04 13:18:51,LIVE_API_FALLBACK_REPLAY,2025-05-30,26.5,94.5,17.408222198486328,25.828176498413086,64.6377182006836,135.30126953125,208.82608032226562,0.2949676513672172,0.8821,2025-12-31,0.4233,WATCH,SIMULATION_REPLAY_ACTIVE
2026-10-04 13:18:51,LIVE_API_FALLBACK_REPLAY,2025-05-30,26.5,94.75,15.96377944946289,24.8175048828125,59.42362594604492,134.02978515625,214.64019775390625,0.32305908203126954,0.8754000000000001,2025-12-31,0.1925,SAFE,SIMULATION_REPLAY_ACTIVE
2026-10-04 13:18:51,LIVE_API_FALLBACK_REPLAY,2025-05-30,26.5,95.0,11.696626663208008,14.566520690917969,22.28687286376953,81.8769760131836,142.00514221191406,0.2634429931641067,0.8773000000000001,2025-12-31,0.0343,SAFE,SIMULATION_REPLAY_ACTIVE
2026-10-04 13:18:51,LIVE_API_FALLBACK_REPLAY,2025-05-30,26.75,90.25,33.323123931884766,54.0303955078125,60.35066223144531,269.3628234863281,421.42633056640625,0.13013458251966548,0.7841,2025-12-31,0.2286,SAFE,SIMULATION_REPLAY_ACTIVE
2026-10-04 13:18:51,LIVE_API_FALLBACK_REPLAY,2025-05-30,26.75,90.5,34.9371452331543,58.74994659423828,76.10873413085938,258.83575439453125,408.7637634277344,0.09513854980473159,0.6647000000000001,2025-12-31,0.0408,SAFE,SIMULATION_REPLAY_ACTIVE
2026-10-04 13:18:51,LIVE_API_FALLBACK_REPLAY,2025-05-30,26.75,90.75,40.28489303588867,53.797576904296875,73.47428131103516,216.2503204345703,309.68231201171875,0.10911941528324282,0.796,2025-12-31,0.446,WATCH,SIMULATION_REPLAY_ACTIVE
2026-10-04 13:18:51,LIVE_API_FALLBACK_REPLAY,2025-05-30,26.75,91.0,37.8880729675293,50.124244689941406,64.74723815917969,227.77557373046875,317.140380859375,0.10746765136722748,0.7958000000000001,2025-12-31,0.2426,SAFE,SIMULATION_REPLAY_ACTIVE
2026-10-04 13:18:51,LIVE_API_FALLBACK_REPLAY,2025-05-30,26.75,91.25,32.50400924682617,46.1993408203125,58.16685485839844,220.03256225585938,328.8491516113281,0.11561584472667415,0.5108,2025-12-31,0.3045,WATCH,SIMULATION_REPLAY_ACTIVE
2026-10-04 13:18:51,LIVE_API_FALLBACK_REPLAY,2025-05-30,26.75,91.5,28.9989070892334,40.94729232788086,62.58294677734375,229.33673095703125,370.5831298828125,0.059356689453238805,0.6977,2025-12-31,0.1835,SAFE,SIMULATION_REPLAY_ACTIVE
2026-10-04 13:18:51,LIVE_API_FALLBACK_REPLAY,2025-05-30,26.75,91.75,26.20694923400879,29.452594757080078,37.048553466796875,181.29159545898438,337.42681884765625,0.1883583068847317,0.7459,2025-12-31,0.0293,SAFE,SIMULATION_REPLAY_ACTIVE
2026-10-04 13:18:51,LIVE_API_FALLBACK_REPLAY,2025-05-30,26.75,92.0,41.93194580078125,57.568817138671875,60.94503402709961,209.9297332763672,404.54888916015625,0.25484466552736623,0.5059,2025-12-31,0.03,SAFE,SIMULATION_REPLAY_ACTIVE
2026-10-04 13:18:51,LIVE_API_FALLBACK_REPLAY,2025-05-30,26.75,92.25,29.318038940429688,34.01408386230469,36.79530334472656,148.3730926513672,312.87371826171875,0.2346839904783642,0.5688,2025-12-31,0.0063,SAFE,SIMULATION_REPLAY_ACTIVE
2026-10-04 13:18:51,LIVE_API_FALLBACK_REPLAY,2025-05-30,26.75,92.5,40.26133346557617,41.837646484375,49.37955856323242,146.168212890625,293.8439636230469,0.145744323730499,0.5579000000000001,2025-12-31,0.0068,SAFE,SIMULATION_REPLAY_ACTIVE
2026-10-04 13:18:51,LIVE_API_FALLBACK_REPLAY,2025-05-30,26.75,92.75,41.49319076538086,43.74943542480469,53.99517059326172,151.0319366455078,291.4674377441406,0.20411300659178147,0.5565,2025-12-31,0.0068,SAFE,SIMULATION_REPLAY_ACTIVE
2026-10-04 13:18:51,LIVE_API_FALLBACK_REPLAY,2025-05-30,26.75,93.0,32.010128021240234,37.96181869506836,48.09540557861328,140.26194763183594,297.0855712890625,0.21362304687504757,0.4911,2025-12-31,0.0068,SAFE,SIMULATION_REPLAY_ACTIVE
2026-10-04 13:18:51,LIVE_API_FALLBACK_REPLAY,2025-05-30,26.75,93.25,29.79825210571289,32.56198501586914,50.18961715698242,142.5791778564453,278.25616455078125,0.25368881225593604,0.6094,2025-12-31,0.0063,SAFE,SIMULATION_REPLAY_ACTIVE
2026-10-04 13:18:51,LIVE_API_FALLBACK_REPLAY,2025-05-30,26.75,93.5,29.070472717285156,30.819091796875,46.86817169189453,125.60791778564453,253.03854370117188,0.27198791503902214,0.5014000000000001,2025-12-31,0.0061,SAFE,SIMULATION_REPLAY_ACTIVE
2026-10-04 13:18:51,LIVE_API_FALLBACK_REPLAY,2025-05-30,26.75,93.75,25.512727737426758,31.20865821838379,68.98983001708984,169.22933959960938,273.9568176269531,0.2731666564941516,0.3095,2025-12-31,0.0056,SAFE,SIMULATION_REPLAY_ACTIVE
2026-10-04 13:18:51,LIVE_API_FALLBACK_REPLAY,2025-05-30,26.75,94.0,48.78176498413086,78.83795166015625,114.11058044433594,219.92193603515625,405.6542663574219,0.26876068115234025,0.5754,2025-12-31,0.0125,SAFE,SIMULATION_REPLAY_ACTIVE
2026-10-04 13:18:51,LIVE_API_FALLBACK_REPLAY,2025-05-30,26.75,94.25,9.990082740783691,11.947339057922363,26.928394317626953,102.53588104248047,131.56265258789062,0.26669692993168514,0.5951000000000001,2025-12-31,0.0075,SAFE,SIMULATION_REPLAY_ACTIVE
2026-10-04 13:18:51,LIVE_API_FALLBACK_REPLAY,2025-05-30,26.75,94.5,10.421795845031738,11.965084075927734,25.404170989990234,102.91664123535156,143.46478271484375,0.27373504638667917,0.6445000000000001,2025-12-31,0.0281,SAFE,SIMULATION_REPLAY_ACTIVE
2026-10-04 13:18:51,LIVE_API_FALLBACK_REPLAY,2025-05-30,26.75,94.75,12.572279930114746,14.495879173278809,24.673423767089844,101.0546646118164,187.69483947753906,0.2953453063964846,0.7869,2025-12-31,0.1997,SAFE,SIMULATION_REPLAY_ACTIVE
2026-10-04 13:18:51,LIVE_API_FALLBACK_REPLAY,2025-05-30,26.75,95.0,13.611010551452637,17.003345489501953,18.448808670043945,67.50308990478516,148.53057861328125,0.3013229370116663,0.8365,2025-12-31,0.2708,SAFE,SIMULATION_REPLAY_ACTIVE
2026-10-04 13:18:51,LIVE_API_FALLBACK_REPLAY,2025-05-30,26.75,95.25,16.91680908203125,20.036096572875977,21.410381317138672,62.776947021484375,155.20848083496094,0.25148391723637553,0.8045,2025-12-31,0.1826,SAFE,SIMULATION_REPLAY_ACTIVE
2026-10-04 13:18:51,LIVE_API_FALLBACK_REPLAY,2025-05-30,27.0,92.25,36.63988494873047,37.447139739990234,71.43232727050781,200.70452880859375,286.2349548339844,0.2528686523435187,0.8861,2025-12-31,0.1737,SAFE,SIMULATION_REPLAY_ACTIVE
2026-10-04 13:18:51,LIVE_API_FALLBACK_REPLAY,2025-05-30,27.0,92.5,39.78645324707031,43.23244857788086,70.07408905029297,184.93540954589844,287.74658203125,0.19938659667983452,0.8641000000000001,2025-12-31,0.4342,WATCH,SIMULATION_REPLAY_ACTIVE
2026-10-04 13:18:51,LIVE_API_FALLBACK_REPLAY,2025-05-30,27.0,92.75,44.02137756347656,51.32257843017578,69.5643539428711,164.61911010742188,283.9399108886719,0.16968536376954257,0.5979,2025-12-31,0.0962,SAFE,SIMULATION_REPLAY_ACTIVE
2026-10-04 13:18:51,LIVE_API_FALLBACK_REPLAY,2025-05-30,27.0,93.0,34.029151916503906,46.67594909667969,56.649085998535156,149.59591674804688,310.2950439453125,0.22137451171877454,0.8526,2025-12-31,0.3123,WATCH,SIMULATION_REPLAY_ACTIVE
2026-10-04 13:18:51,LIVE_API_FALLBACK_REPLAY,2025-05-30,27.0,93.25,28.713233947753906,46.4243278503418,49.08865737915039,151.01560974121094,359.3286437988281,0.2753295898439177,0.8717,2025-12-31,0.3142,WATCH,SIMULATION_REPLAY_ACTIVE
2026-10-04 13:18:51,LIVE_API_FALLBACK_REPLAY,2025-05-30,27.0,93.5,25.090335845947266,32.39546585083008,38.152626037597656,100.24002075195312,258.2762756347656,0.15716552734381092,0.8806,2025-12-31,0.2372,SAFE,SIMULATION_REPLAY_ACTIVE
2026-10-04 13:18:51,LIVE_API_FALLBACK_REPLAY,2025-05-30,27.0,93.75,46.14706039428711,76.72772216796875,103.79119873046875,209.83038330078125,413.4284362792969,0.14820098876969526,0.5313,2025-12-31,0.5274,WATCH,SIMULATION_REPLAY_ACTIVE
2026-10-04 13:18:51,LIVE_API_FALLBACK_REPLAY,2025-05-30,27.0,94.0,91.00077056884766,156.75225830078125,174.47512817382812,253.14962768554688,579.1838989257812,0.2617492675780339,0.6381,2025-12-31,0.0764,SAFE,SIMULATION_REPLAY_ACTIVE
2026-10-04 13:18:51,LIVE_API_FALLBACK_REPLAY,2025-05-30,27.0,94.25,8.996260643005371,12.031490325927734,13.724564552307129,69.78404235839844,119.22425079345703,0.24559783935530738,0.5034000000000001,2025-12-31,0.0095,SAFE,SIMULATION_REPLAY_ACTIVE
2026-10-04 13:18:51,LIVE_API_FALLBACK_REPLAY,2025-05-30,27.0,94.5,15.699089050292969,16.47159194946289,21.737308502197266,97.45191955566406,210.21762084960938,0.29571533203107836,0.5205000000000001,2025-12-31,0.0073,SAFE,SIMULATION_REPLAY_ACTIVE
2026-10-04 13:18:51,LIVE_API_FALLBACK_REPLAY,2025-05-30,27.0,94.75,13.220303535461426,16.450336456298828,18.288124084472656,80.59967041015625,188.23020935058594,0.29029083251957477,0.6104,2025-12-31,0.0084,SAFE,SIMULATION_REPLAY_ACTIVE
2026-10-04 13:18:51,LIVE_API_FALLBACK_REPLAY,2025-05-30,27.0,95.0,12.687661170959473,16.809541702270508,17.353069305419922,64.9252700805664,162.95777893066406,0.31047058105463093,0.6759000000000001,2025-12-31,0.027,SAFE,SIMULATION_REPLAY_ACTIVE
2026-10-04 13:18:51,LIVE_API_FALLBACK_REPLAY,2025-05-30,27.0,95.25,17.723512649536133,20.45415687561035,22.03463363647461,60.07969665527344,148.04574584960938,0.31785583496096004,0.8793000000000001,2025-12-31,0.3798,WATCH,SIMULATION_REPLAY_ACTIVE
2026-10-04 13:18:51,LIVE_API_FALLBACK_REPLAY,2025-05-30,27.0,95.5,21.687713623046875,23.960050582885742,26.484949111938477,62.507835388183594,148.50067138671875,0.30062866210928096,0.8202,2025-12-31,0.2654,SAFE,SIMULATION_REPLAY_ACTIVE
2026-10-04 13:18:51,LIVE_API_FALLBACK_REPLAY,2025-05-30,27.0,95.75,31.271970748901367,34.04603576660156,40.295448303222656,87.4813003540039,170.69126892089844,0.3120269775390269,0.9169,2025-12-31,0.1161,SAFE,SIMULATION_REPLAY_ACTIVE
2026-10-04 13:18:51,LIVE_API_FALLBACK_REPLAY,2025-05-30,27.25,88.25,4.7497124671936035,27.35633087158203,33.194000244140625,178.2502899169922,385.2430725097656,0.3049697875976841,0.7122,2025-12-31,0.2711,SAFE,SIMULATION_REPLAY_ACTIVE
2026-10-04 13:18:51,LIVE_API_FALLBACK_REPLAY,2025-05-30,27.25,88.5,12.67162799835205,40.82186508178711,63.41653060913086,199.68408203125,397.6387939453125,0.3970184326172004,0.7586,2025-12-31,0.5662,WATCH,SIMULATION_REPLAY_ACTIVE
2026-10-04 13:18:51,LIVE_API_FALLBACK_REPLAY,2025-05-30,27.25,88.75,30.696895599365234,58.546749114990234,88.530029296875,209.85353088378906,447.81292724609375,0.29985046386714487,0.8513000000000001,2025-12-31,0.0786,SAFE,SIMULATION_REPLAY_ACTIVE
2026-10-04 13:18:51,LIVE_API_FALLBACK_REPLAY,2025-05-30,27.25,92.25,49.53844451904297,55.66633987426758,80.95196533203125,154.93569946289062,217.89529418945312,0.30968093872075403,0.7721,2025-12-31,0.0369,SAFE,SIMULATION_REPLAY_ACTIVE
2026-10-04 13:18:51,LIVE_API_FALLBACK_REPLAY,2025-05-30,27.25,92.5,47.527095794677734,58.1901741027832,77.45635223388672,161.1716766357422,269.25543212890625,0.3299560546874074,0.6977,2025-12-31,0.3509,WATCH,SIMULATION_REPLAY_ACTIVE
2026-10-04 13:18:51,LIVE_API_FALLBACK_REPLAY,2025-05-30,27.25,92.75,46.54254913330078,58.690086364746094,75.70995330810547,160.90057373046875,282.15179443359375,0.23496627807614573,0.8936000000000001,2025-12-31,0.2775,SAFE,SIMULATION_REPLAY_ACTIVE
2026-10-04 13:18:51,LIVE_API_FALLBACK_REPLAY,2025-05-30,27.25,93.0,41.689762115478516,59.7403564453125,68.91607666015625,158.5515594482422,304.8686828613281,0.2062225341797658,0.8536,2025-12-31,0.3751,WATCH,SIMULATION_REPLAY_ACTIVE
2026-10-04 13:18:51,LIVE_API_FALLBACK_REPLAY,2025-05-30,27.25,93.25,34.08744430541992,55.20417404174805,57.427490234375,157.97637939453125,361.02655029296875,0.27988052368171584,0.874,2025-12-31,0.1646,SAFE,SIMULATION_REPLAY_ACTIVE
2026-10-04 13:18:51,LIVE_API_FALLBACK_REPLAY,2025-05-30,27.25,93.5,36.17243194580078,55.043312072753906,57.35254669189453,136.52578735351562,399.6192321777344,0.3042907714844132,0.7936000000000001,2025-12-31,0.2301,SAFE,SIMULATION_REPLAY_ACTIVE
2026-10-04 13:18:51,LIVE_API_FALLBACK_REPLAY,2025-05-30,27.25,93.75,37.1835823059082,56.4437255859375,59.51317596435547,123.36679077148438,389.9958801269531,0.25761795043922775,0.8576,2025-12-31,0.3334,WATCH,SIMULATION_REPLAY_ACTIVE
2026-10-04 13:18:51,LIVE_API_FALLBACK_REPLAY,2025-05-30,27.25,94.0,49.10105895996094,78.67644500732422,84.30557250976562,144.9630889892578,404.333984375,0.15052795410151826,0.455,2025-12-31,0.1174,SAFE,SIMULATION_REPLAY_ACTIVE
2026-10-04 13:18:51,LIVE_API_FALLBACK_REPLAY,2025-05-30,27.25,94.25,29.381567001342773,40.43523406982422,41.21800994873047,110.78018951416016,283.92529296875,0.17811203002950443,0.6675,2025-12-31,0.0063,SAFE,SIMULATION_REPLAY_ACTIVE
2026-10-04 13:18:51,LIVE_API_FALLBACK_REPLAY,2025-05-30,27.25,94.5,20.472623825073242,24.60626792907715,26.30301856994629,100.61162567138672,257.55474853515625,0.2520599365234619,0.5647,2025-12-31,0.006,SAFE,SIMULATION_REPLAY_ACTIVE
2026-10-04 13:18:51,LIVE_API_FALLBACK_REPLAY,2025-05-30,27.25,94.75,10.906435012817383,17.718116760253906,19.261226654052734,90.93985748291016,204.79754638671875,0.2858200073242086,0.5511,2025-12-31,0.0073,SAFE,SIMULATION_REPLAY_ACTIVE
2026-10-04 13:18:51,LIVE_API_FALLBACK_REPLAY,2025-05-30,27.25,95.0,11.175293922424316,15.802297592163086,15.802297592163086,66.98161315917969,166.66903686523438,0.2829208374022341,0.4845,2025-12-31,0.0082,SAFE,SIMULATION_REPLAY_ACTIVE
2026-10-04 13:18:51,LIVE_API_FALLBACK_REPLAY,2025-05-30,27.25,95.25,17.137619018554688,19.16277503967285,23.554044723510742,58.285179138183594,98.75039672851562,0.3066101074219212,0.6464000000000001,2025-12-31,0.0076,SAFE,SIMULATION_REPLAY_ACTIVE
2026-10-04 13:18:51,LIVE_API_FALLBACK_REPLAY,2025-05-30,27.25,95.5,26.515329360961914,28.92397689819336,31.21204376220703,72.2104263305664,176.09527587890625,0.3227157592773934,0.8812000000000001,2025-12-31,0.0943,SAFE,SIMULATION_REPLAY_ACTIVE
2026-10-04 13:18:51,LIVE_API_FALLBACK_REPLAY,2025-05-30,27.25,95.75,34.54570007324219,38.33982849121094,46.83709716796875,98.35258483886719,175.44900512695312,0.331832885742149,0.8423,2025-12-31,0.3264,WATCH,SIMULATION_REPLAY_ACTIVE
2026-10-04 13:18:51,LIVE_API_FALLBACK_REPLAY,2025-05-30,27.25,96.0,39.36762237548828,42.736656188964844,52.04730224609375,103.81039428710938,178.98727416992188,0.3056869506836223,0.8738,2025-12-31,0.2549,SAFE,SIMULATION_REPLAY_ACTIVE
2026-10-04 13:18:51,LIVE_API_FALLBACK_REPLAY,2025-05-30,27.25,97.0,63.892704010009766,72.3658676147461,92.96981811523438,98.24327087402344,114.61447143554688,0.23441314697258223,0.8589,2025-12-31,0.1076,SAFE,SIMULATION_REPLAY_ACTIVE
2026-10-04 13:18:51,LIVE_API_FALLBACK_REPLAY,2025-05-30,27.5,88.25,2.693629741668701,4.608583450317383,47.14005661010742,283.2326965332031,617.63037109375,0.3276748657226526,0.1093,2025-12-31,0.0138,SAFE,SIMULATION_REPLAY_ACTIVE
2026-10-04 13:18:51,LIVE_API_FALLBACK_REPLAY,2025-05-30,27.5,88.5,1.633766770362854,13.551070213317871,19.825016021728516,125.16016387939453,263.8892517089844,0.4276885986328087,0.8292,2025-12-31,0.329,WATCH,SIMULATION_REPLAY_ACTIVE
2026-10-04 13:18:51,LIVE_API_FALLBACK_REPLAY,2025-05-30,27.5,88.75,1.7496649026870728,16.8194522857666,31.5540828704834,154.49560546875,316.9661560058594,0.3664703369140348,0.7282000000000001,2025-12-31,0.0444,SAFE,SIMULATION_REPLAY_ACTIVE
2026-10-04 13:18:51,LIVE_API_FALLBACK_REPLAY,2025-05-30,27.5,91.75,18.058351516723633,28.33757781982422,50.47443389892578,135.2978057861328,195.22494506835938,0.31443023681645454,0.6772,2025-12-31,0.0426,SAFE,SIMULATION_REPLAY_ACTIVE
2026-10-04 13:18:51,LIVE_API_FALLBACK_REPLAY,2025-05-30,27.5,92.0,45.02379608154297,53.4716796875,76.60784149169922,134.08013916015625,179.99380493164062,0.327438354492164,0.7591,2025-12-31,0.025,SAFE,SIMULATION_REPLAY_ACTIVE
2026-10-04 13:18:51,LIVE_API_FALLBACK_REPLAY,2025-05-30,27.5,92.25,48.981201171875,56.26055908203125,80.69859313964844,154.80746459960938,223.49697875976562,0.3470535278321146,0.7678,2025-12-31,0.028,SAFE,SIMULATION_REPLAY_ACTIVE
2026-10-04 13:18:51,LIVE_API_FALLBACK_REPLAY,2025-05-30,27.5,92.5,48.40815353393555,59.166866302490234,78.349853515625,158.52210998535156,259.50750732421875,0.3576965332031354,0.8477,2025-12-31,0.0341,SAFE,SIMULATION_REPLAY_ACTIVE
2026-10-04 13:18:51,LIVE_API_FALLBACK_REPLAY,2025-05-30,27.5,92.75,47.10011291503906,59.65315628051758,77.5732421875,166.237548828125,280.63818359375,0.3569717407224736,0.8763000000000001,2025-12-31,0.2277,SAFE,SIMULATION_REPLAY_ACTIVE
2026-10-04 13:18:51,LIVE_API_FALLBACK_REPLAY,2025-05-30,27.5,93.0,48.2523307800293,67.14734649658203,79.223388671875,161.1858673095703,281.42138671875,0.2566833496094116,0.5165000000000001,2025-12-31,0.394,WATCH,SIMULATION_REPLAY_ACTIVE
2026-10-04 13:18:51,LIVE_API_FALLBACK_REPLAY,2025-05-30,27.5,93.25,55.90483093261719,85.0733642578125,94.56431579589844,178.88400268554688,261.9208984375,0.2873535156249978,0.8372,2025-12-31,0.0457,SAFE,SIMULATION_REPLAY_ACTIVE
2026-10-04 13:18:51,LIVE_API_FALLBACK_REPLAY,2025-05-30,27.5,93.5,60.94778823852539,91.93722534179688,103.23091125488281,178.978759765625,228.35107421875,0.3143310546875101,0.8581000000000001,2025-12-31,0.2755,SAFE,SIMULATION_REPLAY_ACTIVE
2026-10-04 13:18:51,LIVE_API_FALLBACK_REPLAY,2025-05-30,27.5,93.75,30.868139266967773,44.511573791503906,45.93942642211914,109.86378479003906,346.9745788574219,0.265830993652162,0.7471,2025-12-31,0.2487,SAFE,SIMULATION_REPLAY_ACTIVE
2026-10-04 13:18:51,LIVE_API_FALLBACK_REPLAY,2025-05-30,27.5,94.0,32.25358200073242,44.10197448730469,44.10197448730469,102.73097229003906,326.26202392578125,0.20169067382805078,0.8663000000000001,2025-12-31,0.1217,SAFE,SIMULATION_REPLAY_ACTIVE
2026-10-04 13:18:51,LIVE_API_FALLBACK_REPLAY,2025-05-30,27.5,94.25,45.36616516113281,61.513404846191406,61.81372833251953,127.95751953125,381.31005859375,0.1489334106444597,0.4625,2025-12-31,0.5347,WATCH,SIMULATION_REPLAY_ACTIVE
2026-10-04 13:18:51,LIVE_API_FALLBACK_REPLAY,2025-05-30,27.5,94.5,16.509902954101562,28.455564498901367,33.48131561279297,88.6915512084961,193.11993408203125,0.13600158691422778,0.4303,2025-12-31,0.12,SAFE,SIMULATION_REPLAY_ACTIVE
2026-10-04 13:18:51,LIVE_API_FALLBACK_REPLAY,2025-05-30,27.5,94.75,12.865789413452148,23.211307525634766,27.225128173828125,88.7186050415039,188.1549835205078,0.20705413818385382,0.5896,2025-12-31,0.0074,SAFE,SIMULATION_REPLAY_ACTIVE
2026-10-04 13:18:51,LIVE_API_FALLBACK_REPLAY,2025-05-30,27.5,95.0,9.388157844543457,14.551820755004883,15.85297966003418,66.7083511352539,146.7470703125,0.27239990234377387,0.6930000000000001,2025-12-31,0.0069,SAFE,SIMULATION_REPLAY_ACTIVE
2026-10-04 13:18:51,LIVE_API_FALLBACK_REPLAY,2025-05-30,27.5,95.25,16.614294052124023,21.49874496459961,23.83771514892578,57.871612548828125,143.83251953125,0.2640914916992933,0.6998000000000001,2025-12-31,0.0075,SAFE,SIMULATION_REPLAY_ACTIVE
2026-10-04 13:18:51,LIVE_API_FALLBACK_REPLAY,2025-05-30,27.5,95.5,17.136505126953125,24.29571533203125,26.205076217651367,59.1695442199707,165.0352783203125,0.2754974365236087,0.5677,2025-12-31,0.0085,SAFE,SIMULATION_REPLAY_ACTIVE
2026-10-04 13:18:51,LIVE_API_FALLBACK_REPLAY,2025-05-30,27.5,95.75,36.67708969116211,40.724830627441406,50.323204040527344,103.77070617675781,180.23638916015625,0.3164672851562542,0.79,2025-12-31,0.0069,SAFE,SIMULATION_REPLAY_ACTIVE
2026-10-04 13:18:51,LIVE_API_FALLBACK_REPLAY,2025-05-30,27.5,96.0,42.53068542480469,46.17153549194336,57.06172180175781,110.54226684570312,176.59010314941406,0.27667236328126266,0.7042,2025-12-31,0.0126,SAFE,SIMULATION_REPLAY_ACTIVE
2026-10-04 13:18:51,LIVE_API_FALLBACK_REPLAY,2025-05-30,27.5,96.25,51.47478485107422,56.97111511230469,70.61896514892578,103.80009460449219,151.1241455078125,0.28527832031260214,0.5307000000000001,2025-12-31,0.3806,WATCH,SIMULATION_REPLAY_ACTIVE
2026-10-04 13:18:51,LIVE_API_FALLBACK_REPLAY,2025-05-30,27.5,96.5,61.04644775390625,68.76837158203125,87.1279296875,98.46000671386719,123.01728820800781,0.30696105957034614,0.6726000000000001,2025-12-31,0.1483,SAFE,SIMULATION_REPLAY_ACTIVE
2026-10-04 13:18:51,LIVE_API_FALLBACK_REPLAY,2025-05-30,27.5,96.75,61.66604995727539,70.05984497070312,91.63600158691406,97.78567504882812,114.17826843261719,0.3110275268555528,0.8797,2025-12-31,0.0571,SAFE,SIMULATION_REPLAY_ACTIVE
2026-10-04 13:18:51,LIVE_API_FALLBACK_REPLAY,2025-05-30,27.75,88.25,2.9057106971740723,5.566082954406738,25.668819427490234,164.14215087890625,343.01617431640625,0.3024024963378532,-0.0008,2025-12-31,0.0101,SAFE,SIMULATION_REPLAY_ACTIVE
2026-10-04 13:18:51,LIVE_API_FALLBACK_REPLAY,2025-05-30,27.75,88.5,2.5614559650421143,5.277909278869629,23.50132179260254,151.94613647460938,318.5678405761719,0.38078308105469155,0.5168,2025-12-31,0.0226,SAFE,SIMULATION_REPLAY_ACTIVE
2026-10-04 13:18:51,LIVE_API_FALLBACK_REPLAY,2025-05-30,27.75,88.75,1.1313053369522095,8.550618171691895,23.159706115722656,152.1161651611328,333.7157287597656,0.3563652038574229,0.6638000000000001,2025-12-31,0.0264,SAFE,SIMULATION_REPLAY_ACTIVE
2026-10-04 13:18:51,LIVE_API_FALLBACK_REPLAY,2025-05-30,27.75,91.75,15.661027908325195,26.472625732421875,48.72959899902344,133.05747985839844,191.36526489257812,0.35878372192379787,0.4759,2025-12-31,0.0351,SAFE,SIMULATION_REPLAY_ACTIVE
2026-10-04 13:18:51,LIVE_API_FALLBACK_REPLAY,2025-05-30,27.75,92.0,32.01108932495117,41.463478088378906,64.27044677734375,136.4293670654297,191.7552947998047,0.30996704101551004,0.5122,2025-12-31,0.0467,SAFE,SIMULATION_REPLAY_ACTIVE
2026-10-04 13:18:51,LIVE_API_FALLBACK_REPLAY,2025-05-30,27.75,92.25,46.71633529663086,55.06825256347656,78.12153625488281,153.98529052734375,230.01454162597656,0.2848510742188583,0.4278,2025-12-31,0.0395,SAFE,SIMULATION_REPLAY_ACTIVE
2026-10-04 13:18:51,LIVE_API_FALLBACK_REPLAY,2025-05-30,27.75,92.5,48.666107177734375,58.10930633544922,80.1563491821289,160.63653564453125,248.9656219482422,0.39263916015631756,0.6152000000000001,2025-12-31,0.0443,SAFE,SIMULATION_REPLAY_ACTIVE
2026-10-04 13:18:51,LIVE_API_FALLBACK_REPLAY,2025-05-30,27.75,92.75,49.32999038696289,65.41231536865234,82.34512329101562,167.94593811035156,269.29052734375,0.42386245727538385,0.633,2025-12-31,0.0692,SAFE,SIMULATION_REPLAY_ACTIVE
2026-10-04 13:18:51,LIVE_API_FALLBACK_REPLAY,2025-05-30,27.75,93.0,52.67206954956055,75.63287353515625,87.51809692382812,163.8590850830078,259.0936279296875,0.31637573242176115,0.8571000000000001,2025-12-31,0.2443,SAFE,SIMULATION_REPLAY_ACTIVE
2026-10-04 13:18:51,LIVE_API_FALLBACK_REPLAY,2025-05-30,27.75,93.25,54.1981086730957,82.09273529052734,90.889404296875,174.03440856933594,278.48992919921875,0.252296447753855,0.8657,2025-12-31,0.2954,SAFE,SIMULATION_REPLAY_ACTIVE
2026-10-04 13:18:51,LIVE_API_FALLBACK_REPLAY,2025-05-30,27.75,93.5,53.903297424316406,80.1751937866211,89.1081314086914,155.13482666015625,237.476318359375,0.24494934082032438,0.8814000000000001,2025-12-31,0.249,SAFE,SIMULATION_REPLAY_ACTIVE
2026-10-04 13:18:51,LIVE_API_FALLBACK_REPLAY,2025-05-30,27.75,93.75,33.56239700317383,45.563819885253906,48.35363006591797,102.78541564941406,187.31602478027344,0.24112319946284533,0.8220000000000001,2025-12-31,0.1797,SAFE,SIMULATION_REPLAY_ACTIVE
2026-10-04 13:18:51,LIVE_API_FALLBACK_REPLAY,2025-05-30,27.75,94.0,29.429916381835938,36.91305923461914,38.085609436035156,85.02962493896484,130.23074340820312,0.2324981689452748,0.7145,2025-12-31,0.0377,SAFE,SIMULATION_REPLAY_ACTIVE
2026-10-04 13:18:51,LIVE_API_FALLBACK_REPLAY,2025-05-30,27.75,94.25,31.057605743408203,41.974361419677734,43.23158645629883,97.24473571777344,208.72235107421875,0.19809341430660193,0.8595,2025-12-31,0.2352,SAFE,SIMULATION_REPLAY_ACTIVE
2026-10-04 13:18:51,LIVE_API_FALLBACK_REPLAY,2025-05-30,27.75,94.5,25.66388511657715,38.882755279541016,42.24057388305664,100.31996154785156,223.3495635986328,0.17689514160156522,0.8513000000000001,2025-12-31,0.3489,WATCH,SIMULATION_REPLAY_ACTIVE
2026-10-04 13:18:51,LIVE_API_FALLBACK_REPLAY,2025-05-30,27.75,94.75,13.253050804138184,23.61980438232422,28.533843994140625,81.39289093017578,164.1116180419922,0.18641281127935666,0.8903000000000001,2025-12-31,0.3011,WATCH,SIMULATION_REPLAY_ACTIVE
2026-10-04 13:18:51,LIVE_API_FALLBACK_REPLAY,2025-05-30,27.75,95.0,7.934554576873779,17.22557830810547,18.922269821166992,60.72755813598633,149.40069580078125,0.21538543701176646,0.4913,2025-12-31,0.1134,SAFE,SIMULATION_REPLAY_ACTIVE
2026-10-04 13:18:51,LIVE_API_FALLBACK_REPLAY,2025-05-30,27.75,95.25,6.900349140167236,13.039913177490234,15.129886627197266,50.35358810424805,134.79954528808594,0.26870727539070477,0.4416,2025-12-31,0.0034,SAFE,SIMULATION_REPLAY_ACTIVE
2026-10-04 13:18:51,LIVE_API_FALLBACK_REPLAY,2025-05-30,27.75,95.5,3.8895578384399414,18.409748077392578,20.437042236328125,42.156864166259766,150.6585693359375,0.2518157958985424,0.5108,2025-12-31,0.0044,SAFE,SIMULATION_REPLAY_ACTIVE
2026-10-04 13:18:51,LIVE_API_FALLBACK_REPLAY,2025-05-30,27.75,95.75,20.754642486572266,26.409488677978516,32.70637512207031,66.03463745117188,138.3418731689453,0.3013076782225871,0.4278,2025-12-31,0.0099,SAFE,SIMULATION_REPLAY_ACTIVE
2026-10-04 13:18:51,LIVE_API_FALLBACK_REPLAY,2025-05-30,27.75,96.0,41.97934341430664,46.91745376586914,55.358360290527344,88.07405090332031,147.2103729248047,0.28947448730471176,0.8741,2025-12-31,0.0139,SAFE,SIMULATION_REPLAY_ACTIVE
2026-10-04 13:18:51,LIVE_API_FALLBACK_REPLAY,2025-05-30,27.75,96.25,69.3989028930664,77.20964813232422,90.21420288085938,98.04023742675781,125.67338562011719,0.3132781982422289,0.6966,2025-12-31,0.1516,SAFE,SIMULATION_REPLAY_ACTIVE
2026-10-04 13:18:51,LIVE_API_FALLBACK_REPLAY,2025-05-30,27.75,96.5,65.3559799194336,73.79391479492188,92.96333312988281,97.31988525390625,114.8955078125,0.3544235229492318,0.8253,2025-12-31,0.0684,SAFE,SIMULATION_REPLAY_ACTIVE
2026-10-04 13:18:51,LIVE_API_FALLBACK_REPLAY,2025-05-30,27.75,96.75,61.011993408203125,69.64112091064453,93.25106811523438,96.47647094726562,108.47054290771484,0.29605865478513815,0.8406,2025-12-31,0.018,SAFE,SIMULATION_REPLAY_ACTIVE
2026-10-04 13:18:51,LIVE_API_FALLBACK_REPLAY,2025-05-30,27.75,97.0,61.51188659667969,70.3711166381836,94.6033706665039,96.64959716796875,106.7388916015625,0.32249450683604386,0.8602000000000001,2025-12-31,0.0349,SAFE,SIMULATION_REPLAY_ACTIVE
2026-10-04 13:18:51,LIVE_API_FALLBACK_REPLAY,2025-05-30,28.0,88.5,2.8399884700775146,5.586565017700195,27.51127052307129,173.0926055908203,363.06817626953125,0.3507995605468717,0.0417,2025-12-31,0.0254,SAFE,SIMULATION_REPLAY_ACTIVE
2026-10-04 13:18:51,LIVE_API_FALLBACK_REPLAY,2025-05-30,28.0,88.75,2.63628888130188,5.392024040222168,25.476043701171875,162.17520141601562,341.9400634765625,0.29159545898436495,-0.0298,2025-12-31,0.0246,SAFE,SIMULATION_REPLAY_ACTIVE
2026-10-04 13:18:51,LIVE_API_FALLBACK_REPLAY,2025-05-30,28.0,92.75,54.504112243652344,74.35173034667969,90.2857437133789,161.7640380859375,240.79287719726562,0.360214233398442,0.0289,2025-12-31,0.0646,SAFE,SIMULATION_REPLAY_ACTIVE
2026-10-04 13:18:51,LIVE_API_FALLBACK_REPLAY,2025-05-30,28.0,93.0,54.92228317260742,79.48466491699219,91.60032653808594,163.24716186523438,245.4032440185547,0.3866882324217653,0.8424,2025-12-31,0.0436,SAFE,SIMULATION_REPLAY_ACTIVE
2026-10-04 13:18:51,LIVE_API_FALLBACK_REPLAY,2025-05-30,28.0,93.25,51.548194885253906,75.90029907226562,84.12322998046875,148.37673950195312,222.93072509765625,0.2908782958983188,0.8315,2025-12-31,0.2078,SAFE,SIMULATION_REPLAY_ACTIVE
2026-10-04 13:18:51,LIVE_API_FALLBACK_REPLAY,2025-05-30,28.0,93.5,45.07246017456055,64.81045532226562,71.07351684570312,129.7400360107422,203.33836364746094,0.2168884277343761,0.7807000000000001,2025-12-31,0.266,SAFE,SIMULATION_REPLAY_ACTIVE
2026-10-04 13:18:51,LIVE_API_FALLBACK_REPLAY,2025-05-30,28.0,93.75,34.432796478271484,46.23310470581055,49.27240753173828,99.07907104492188,141.8488311767578,0.22579193115236013,0.7678,2025-12-31,0.037,SAFE,SIMULATION_REPLAY_ACTIVE
2026-10-04 13:18:51,LIVE_API_FALLBACK_REPLAY,2025-05-30,28.0,94.0,28.580581665039062,35.76310729980469,37.101470947265625,82.3748779296875,104.81192779541016,0.2087860107421571,0.8275,2025-12-31,0.0402,SAFE,SIMULATION_REPLAY_ACTIVE
2026-10-04 13:18:51,LIVE_API_FALLBACK_REPLAY,2025-05-30,28.0,94.25,29.401010513305664,37.73454284667969,40.513851165771484,88.99923706054688,143.69053649902344,0.20651245117192166,0.746,2025-12-31,0.0588,SAFE,SIMULATION_REPLAY_ACTIVE
2026-10-04 13:18:51,LIVE_API_FALLBACK_REPLAY,2025-05-30,28.0,94.5,35.586978912353516,45.43137741088867,52.027076721191406,109.66482543945312,163.80148315429688,0.19958496093749967,0.6661,2025-12-31,0.2265,SAFE,SIMULATION_REPLAY_ACTIVE
2026-10-04 13:18:51,LIVE_API_FALLBACK_REPLAY,2025-05-30,28.0,94.75,44.90854263305664,55.63747787475586,62.10893249511719,124.02961730957031,192.31414794921875,0.19364166259762192,0.9038,2025-12-31,0.3349,WATCH,SIMULATION_REPLAY_ACTIVE
2026-10-04 13:18:51,LIVE_API_FALLBACK_REPLAY,2025-05-30,28.0,95.0,22.286075592041016,35.33566665649414,36.880592346191406,111.72811889648438,199.81275939941406,0.1870574951172413,0.8707,2025-12-31,0.2386,SAFE,SIMULATION_REPLAY_ACTIVE
2026-10-04 13:18:51,LIVE_API_FALLBACK_REPLAY,2025-05-30,28.0,95.25,18.799970626831055,25.900115966796875,28.61920928955078,114.17884063720703,237.46412658691406,0.26216888427726526,0.5667,2025-12-31,0.2952,SAFE,SIMULATION_REPLAY_ACTIVE
2026-10-04 13:18:51,LIVE_API_FALLBACK_REPLAY,2025-05-30,28.0,95.5,21.897918701171875,28.661376953125,35.06515884399414,104.3429183959961,207.10125732421875,0.25939941406252226,0.8162,2025-12-31,0.0058,SAFE,SIMULATION_REPLAY_ACTIVE
2026-10-04 13:18:51,LIVE_API_FALLBACK_REPLAY,2025-05-30,28.0,95.75,18.07448959350586,23.65739631652832,29.366193771362305,61.35745620727539,132.53909301757812,0.2501602172851536,0.7137,2025-12-31,0.008,SAFE,SIMULATION_REPLAY_ACTIVE
2026-10-04 13:18:51,LIVE_API_FALLBACK_REPLAY,2025-05-30,28.0,96.0,27.20514678955078,34.460968017578125,42.80113220214844,71.35881042480469,128.56985473632812,0.2885437011716964,0.8739,2025-12-31,0.1365,SAFE,SIMULATION_REPLAY_ACTIVE
2026-10-04 13:18:51,LIVE_API_FALLBACK_REPLAY,2025-05-30,28.0,96.25,68.01282501220703,76.37635803222656,91.70084381103516,96.33724975585938,118.532958984375,0.2890777587892509,0.9001,2025-12-31,0.2407,SAFE,SIMULATION_REPLAY_ACTIVE
2026-10-04 13:18:51,LIVE_API_FALLBACK_REPLAY,2025-05-30,28.0,96.5,53.811500549316406,63.153953552246094,94.87620544433594,95.02143859863281,95.90393829345703,0.3496551513672188,0.8711000000000001,2025-12-31,0.1372,SAFE,SIMULATION_REPLAY_ACTIVE
2026-10-04 13:18:51,LIVE_API_FALLBACK_REPLAY,2025-05-30,28.0,96.75,57.27308654785156,66.33624267578125,94.34111022949219,95.61332702636719,101.3743896484375,0.31996917724582186,0.8445,2025-12-31,0.0315,SAFE,SIMULATION_REPLAY_ACTIVE
2026-10-04 13:18:51,LIVE_API_FALLBACK_REPLAY,2025-05-30,28.0,97.0,60.10511779785156,69.1054458618164,94.8746337890625,96.13790130615234,104.08121490478516,0.29286193847651104,0.8048000000000001,2025-12-31,0.0312,SAFE,SIMULATION_REPLAY_ACTIVE
2026-10-04 13:18:51,LIVE_API_FALLBACK_REPLAY,2025-05-30,28.0,97.25,58.861610412597656,67.96080017089844,95.0462646484375,96.06438446044922,102.40447998046875,0.3040313720704325,0.2616,2025-12-31,0.0313,SAFE,SIMULATION_REPLAY_ACTIVE
2026-10-04 13:18:51,LIVE_API_FALLBACK_REPLAY,2025-05-30,28.25,93.25,50.006431579589844,72.95631408691406,80.84091186523438,136.20806884765625,188.31634521484375,0.29405593872060154,0.8046000000000001,2025-12-31,0.0361,SAFE,SIMULATION_REPLAY_ACTIVE
2026-10-04 13:18:51,LIVE_API_FALLBACK_REPLAY,2025-05-30,28.25,93.5,41.072181701660156,56.31776428222656,60.94683837890625,113.09303283691406,163.37030029296875,0.236175537109423,0.7643000000000001,2025-12-31,0.0168,SAFE,SIMULATION_REPLAY_ACTIVE
2026-10-04 13:18:51,LIVE_API_FALLBACK_REPLAY,2025-05-30,28.25,93.75,31.68126106262207,43.20638656616211,46.15782165527344,97.98885345458984,138.4199676513672,0.23509979248044335,0.7786000000000001,2025-12-31,0.0337,SAFE,SIMULATION_REPLAY_ACTIVE
2026-10-04 13:18:51,LIVE_API_FALLBACK_REPLAY,2025-05-30,28.25,94.0,33.09804916381836,42.361854553222656,49.76155090332031,108.98336791992188,138.70529174804688,0.2275390624999628,0.7568,2025-12-31,0.0304,SAFE,SIMULATION_REPLAY_ACTIVE
2026-10-04 13:18:51,LIVE_API_FALLBACK_REPLAY,2025-05-30,28.25,94.25,39.16499710083008,48.628318786621094,57.53652572631836,122.77290344238281,173.9737548828125,0.2199668884277364,0.8858,2025-12-31,0.0886,SAFE,SIMULATION_REPLAY_ACTIVE
2026-10-04 13:18:51,LIVE_API_FALLBACK_REPLAY,2025-05-30,28.25,94.5,55.49769592285156,65.32171630859375,74.42013549804688,135.48239135742188,212.3590545654297,0.21556854248052373,0.8555,2025-12-31,0.2096,SAFE,SIMULATION_REPLAY_ACTIVE
2026-10-04 13:18:51,LIVE_API_FALLBACK_REPLAY,2025-05-30,28.25,94.75,78.44743347167969,86.53626251220703,98.503662109375,150.18325805664062,199.10333251953125,0.2132263183594212,0.8116,2025-12-31,0.3638,WATCH,SIMULATION_REPLAY_ACTIVE
2026-10-04 13:18:51,LIVE_API_FALLBACK_REPLAY,2025-05-30,28.25,95.0,37.647857666015625,49.3036994934082,53.57139205932617,127.41648864746094,210.05575561523438,0.204208374023445,0.7185,2025-12-31,0.1697,SAFE,SIMULATION_REPLAY_ACTIVE
2026-10-04 13:18:51,LIVE_API_FALLBACK_REPLAY,2025-05-30,28.25,95.25,24.580820083618164,30.374406814575195,34.46475601196289,139.44825744628906,273.5279235839844,0.21509552001957682,0.8936000000000001,2025-12-31,0.1149,SAFE,SIMULATION_REPLAY_ACTIVE
2026-10-04 13:18:51,LIVE_API_FALLBACK_REPLAY,2025-05-30,28.25,95.5,26.058101654052734,29.83248519897461,35.011131286621094,136.73294067382812,277.70562744140625,0.23063659667980776,0.8738,2025-12-31,0.1843,SAFE,SIMULATION_REPLAY_ACTIVE
2026-10-04 13:18:51,LIVE_API_FALLBACK_REPLAY,2025-05-30,28.25,95.75,20.0343074798584,27.26728057861328,33.87786865234375,86.28190612792969,171.2373504638672,0.2787017822265662,0.8702000000000001,2025-12-31,0.2795,SAFE,SIMULATION_REPLAY_ACTIVE
2026-10-04 13:18:51,LIVE_API_FALLBACK_REPLAY,2025-05-30,28.25,96.0,29.995773315429688,37.38343048095703,46.803321838378906,73.36119842529297,129.2999267578125,0.21544647216817417,0.8492000000000001,2025-12-31,0.0431,SAFE,SIMULATION_REPLAY_ACTIVE
2026-10-04 13:18:51,LIVE_API_FALLBACK_REPLAY,2025-05-30,28.25,96.25,57.92679214477539,66.396728515625,85.18589782714844,92.2501449584961,114.59521484375,0.29334640502939735,0.5505,2025-12-31,0.0206,SAFE,SIMULATION_REPLAY_ACTIVE
2026-10-04 13:18:51,LIVE_API_FALLBACK_REPLAY,2025-05-30,28.25,96.5,57.668331146240234,66.65792083740234,92.6815185546875,94.89066314697266,103.73258972167969,0.34594726562500866,0.8641000000000001,2025-12-31,0.0345,SAFE,SIMULATION_REPLAY_ACTIVE
2026-10-04 13:18:51,LIVE_API_FALLBACK_REPLAY,2025-05-30,28.25,96.75,58.72779083251953,67.70706176757812,94.13289642333984,95.50672912597656,102.99346923828125,0.3266334533690107,0.7471,2025-12-31,0.0311,SAFE,SIMULATION_REPLAY_ACTIVE
2026-10-04 13:18:51,LIVE_API_FALLBACK_REPLAY,2025-05-30,28.25,97.0,59.35227966308594,68.41748809814453,94.98753356933594,96.10710144042969,103.0809555053711,0.28227996826178164,0.7361000000000001,2025-12-31,0.0455,SAFE,SIMULATION_REPLAY_ACTIVE
2026-10-04 13:18:51,LIVE_API_FALLBACK_REPLAY,2025-05-30,28.25,97.25,57.63167190551758,66.79508209228516,95.0363998413086,95.83717346191406,100.82383728027344,0.31972122192388597,0.3122,2025-12-31,0.0336,SAFE,SIMULATION_REPLAY_ACTIVE
2026-10-04 13:18:51,LIVE_API_FALLBACK_REPLAY,2025-05-30,28.5,93.5,42.12502670288086,58.93897247314453,70.48175811767578,151.0926513671875,192.74118041992188,0.30480957031249456,0.7178,2025-12-31,0.0557,SAFE,SIMULATION_REPLAY_ACTIVE
2026-10-04 13:18:51,LIVE_API_FALLBACK_REPLAY,2025-05-30,28.5,93.75,38.222625732421875,52.22580337524414,67.3952407836914,167.88201904296875,268.61566162109375,0.3240737915038814,0.7426,2025-12-31,0.041,SAFE,SIMULATION_REPLAY_ACTIVE
2026-10-04 13:18:51,LIVE_API_FALLBACK_REPLAY,2025-05-30,28.5,94.0,44.64365005493164,59.93562698364258,81.64445495605469,211.14700317382812,341.39483642578125,0.2890777587890481,0.7863,2025-12-31,0.0415,SAFE,SIMULATION_REPLAY_ACTIVE
2026-10-04 13:18:51,LIVE_API_FALLBACK_REPLAY,2025-05-30,28.5,94.25,53.00346374511719,68.84032440185547,91.95899963378906,228.96746826171875,388.6522216796875,0.26992797851557015,0.793,2025-12-31,0.0434,SAFE,SIMULATION_REPLAY_ACTIVE
2026-10-04 13:18:51,LIVE_API_FALLBACK_REPLAY,2025-05-30,28.5,94.5,57.77354049682617,72.32528686523438,92.00592041015625,190.6394500732422,327.4270935058594,0.25485229492190903,0.8340000000000001,2025-12-31,0.2256,SAFE,SIMULATION_REPLAY_ACTIVE
2026-10-04 13:18:51,LIVE_API_FALLBACK_REPLAY,2025-05-30,28.5,94.75,55.28388595581055,67.8785400390625,81.60233306884766,159.22142028808594,272.9706115722656,0.23948669433593206,0.8235,2025-12-31,0.28,SAFE,SIMULATION_REPLAY_ACTIVE
2026-10-04 13:18:51,LIVE_API_FALLBACK_REPLAY,2025-05-30,28.5,95.0,41.848777770996094,50.92727279663086,57.48530578613281,136.30618286132812,239.93832397460938,0.21176147460956632,0.87,2025-12-31,0.1222,SAFE,SIMULATION_REPLAY_ACTIVE
2026-10-04 13:18:51,LIVE_API_FALLBACK_REPLAY,2025-05-30,28.5,95.25,37.715431213378906,45.11241912841797,51.03898239135742,140.52529907226562,248.1329345703125,0.29592132568362406,0.8561000000000001,2025-12-31,0.1105,SAFE,SIMULATION_REPLAY_ACTIVE
2026-10-04 13:18:51,LIVE_API_FALLBACK_REPLAY,2025-05-30,28.5,95.5,23.180240631103516,28.9926815032959,34.4532470703125,114.03379821777344,224.69801330566406,0.2810821533203062,0.8848,2025-12-31,0.0526,SAFE,SIMULATION_REPLAY_ACTIVE
2026-10-04 13:18:51,LIVE_API_FALLBACK_REPLAY,2025-05-30,28.5,95.75,21.67201042175293,27.999984741210938,34.17750549316406,100.41455078125,201.91714477539062,0.28772735595708077,0.8478,2025-12-31,0.108,SAFE,SIMULATION_REPLAY_ACTIVE
2026-10-04 13:18:51,LIVE_API_FALLBACK_REPLAY,2025-05-30,28.5,96.0,29.777400970458984,35.796043395996094,42.49231719970703,98.19668579101562,186.41835021972656,0.2875518798828177,0.4795,2025-12-31,0.0179,SAFE,SIMULATION_REPLAY_ACTIVE
2026-10-04 13:18:51,LIVE_API_FALLBACK_REPLAY,2025-05-30,28.5,96.25,53.636470794677734,62.168312072753906,81.28543090820312,90.4836654663086,115.11174774169922,0.3053665161132989,0.5715,2025-12-31,0.027,SAFE,SIMULATION_REPLAY_ACTIVE
2026-10-04 13:18:51,LIVE_API_FALLBACK_REPLAY,2025-05-30,28.75,94.0,51.224830627441406,70.59596252441406,101.153076171875,278.4900207519531,474.29766845703125,0.34328460693356544,0.4412,2025-12-31,0.0402,SAFE,SIMULATION_REPLAY_ACTIVE
2026-10-04 13:18:51,LIVE_API_FALLBACK_REPLAY,2025-05-30,28.75,94.25,53.26005172729492,73.63409423828125,106.33840942382812,304.75091552734375,524.602783203125,0.31565856933591285,0.7712,2025-12-31,0.0571,SAFE,SIMULATION_REPLAY_ACTIVE
2026-10-04 13:18:51,LIVE_API_FALLBACK_REPLAY,2025-05-30,28.75,94.5,53.2204475402832,73.58163452148438,106.04144287109375,271.2125244140625,460.8988952636719,0.292984008789127,0.6925,2025-12-31,0.0522,SAFE,SIMULATION_REPLAY_ACTIVE
2026-10-04 13:18:51,LIVE_API_FALLBACK_REPLAY,2025-05-30,28.75,94.75,53.988399505615234,71.70866394042969,98.07679748535156,224.22630310058594,380.4052429199219,0.3013648986816302,0.8749,2025-12-31,0.2789,SAFE,SIMULATION_REPLAY_ACTIVE
2026-10-04 13:18:51,LIVE_API_FALLBACK_REPLAY,2025-05-30,28.75,95.0,51.26367950439453,65.19685363769531,82.92115783691406,196.73031616210938,336.36651611328125,0.2866210937499314,0.8470000000000001,2025-12-31,0.3008,WATCH,SIMULATION_REPLAY_ACTIVE
2026-10-04 13:18:51,LIVE_API_FALLBACK_REPLAY,2025-05-30,28.75,95.25,39.49744415283203,47.145606994628906,53.35874938964844,143.33612060546875,269.5193786621094,0.28172302246097636,0.7935,2025-12-31,0.0307,SAFE,SIMULATION_REPLAY_ACTIVE
2026-10-04 13:18:51,LIVE_API_FALLBACK_REPLAY,2025-05-30,28.75,95.5,23.335317611694336,30.186420440673828,35.39913558959961,119.94641876220703,232.7281951904297,0.34915161132820216,0.7871,2025-12-31,0.0284,SAFE,SIMULATION_REPLAY_ACTIVE
2026-10-04 13:18:51,LIVE_API_FALLBACK_REPLAY,2025-05-30,28.75,95.75,22.75105857849121,28.64963150024414,34.68703079223633,107.09278106689453,210.38876342773438,0.3767089843750058,0.8339000000000001,2025-12-31,0.0389,SAFE,SIMULATION_REPLAY_ACTIVE
2026-10-04 13:18:51,LIVE_API_FALLBACK_REPLAY,2025-05-30,28.75,96.0,26.1978759765625,32.45295715332031,42.215484619140625,97.89399719238281,182.0996856689453,0.3500823974608808,0.7533000000000001,2025-12-31,0.033,SAFE,SIMULATION_REPLAY_ACTIVE
2026-10-04 13:18:51,LIVE_API_FALLBACK_REPLAY,2025-05-30,28.75,96.25,51.5662841796875,60.24000549316406,80.0531997680664,90.16592407226562,115.06635284423828,0.31809997558595376,0.7716000000000001,2025-12-31,0.0156,SAFE,SIMULATION_REPLAY_ACTIVE
2026-10-04 13:18:51,LIVE_API_FALLBACK_REPLAY,2025-05-30,28.75,96.5,0.0,0.0,0.0,0.0,0.0,0.3359069824218946,0.7324,2025-12-31,0.0112,SAFE,SIMULATION_REPLAY_ACTIVE
2026-10-04 13:18:51,LIVE_API_FALLBACK_REPLAY,2025-05-30,29.0,94.25,53.1995964050293,74.01053619384766,107.64057159423828,318.51812744140625,551.47021484375,0.33258056640628464,0.7637,2025-12-31,0.0411,SAFE,SIMULATION_REPLAY_ACTIVE
2026-10-04 13:18:51,LIVE_API_FALLBACK_REPLAY,2025-05-30,29.0,94.5,53.172454833984375,73.97171783447266,107.52129364013672,319.6474914550781,554.0211791992188,0.33996582031248795,0.8283,2025-12-31,0.0672,SAFE,SIMULATION_REPLAY_ACTIVE
2026-10-04 13:18:51,LIVE_API_FALLBACK_REPLAY,2025-05-30,29.0,94.75,53.691925048828125,73.33882904052734,104.29669189453125,273.9154357910156,466.3846435546875,0.3413696289062771,0.7977000000000001,2025-12-31,0.1453,SAFE,SIMULATION_REPLAY_ACTIVE
2026-10-04 13:18:51,LIVE_API_FALLBACK_REPLAY,2025-05-30,29.0,95.0,52.06911849975586,69.26107788085938,94.70880126953125,239.40835571289062,409.73443603515625,0.33479309082018266,0.8832000000000001,2025-12-31,0.1838,SAFE,SIMULATION_REPLAY_ACTIVE
2026-10-04 13:18:51,LIVE_API_FALLBACK_REPLAY,2025-05-30,29.0,95.25,42.31344223022461,53.08725357055664,67.466064453125,189.4008026123047,344.7581787109375,0.2610549926757798,0.522,2025-12-31,0.0395,SAFE,SIMULATION_REPLAY_ACTIVE
2026-10-04 13:18:51,LIVE_API_FALLBACK_REPLAY,2025-05-30,29.0,95.5,28.87041473388672,35.40369415283203,41.49370574951172,133.38870239257812,261.52728271484375,0.33679199218755723,0.8034,2025-12-31,0.0248,SAFE,SIMULATION_REPLAY_ACTIVE
2026-10-04 13:18:51,LIVE_API_FALLBACK_REPLAY,2025-05-30,29.0,95.75,23.907495498657227,29.528804779052734,35.6316032409668,117.0051040649414,229.03248596191406,0.37525177001960075,0.7617,2025-12-31,0.0223,SAFE,SIMULATION_REPLAY_ACTIVE
2026-10-04 13:18:51,LIVE_API_FALLBACK_REPLAY,2025-05-30,29.0,96.0,26.77564239501953,33.0369873046875,42.67005157470703,106.17035675048828,197.19873046875,0.37754821777339753,0.5739000000000001,2025-12-31,0.0261,SAFE,SIMULATION_REPLAY_ACTIVE
2026-10-04 13:18:51,LIVE_API_FALLBACK_REPLAY,2025-05-30,29.25,94.75,53.55671310424805,74.03559112548828,106.9466781616211,290.1970520019531,496.2442932128906,0.3403282165527379,0.2135,2025-12-31,0.0535,SAFE,SIMULATION_REPLAY_ACTIVE
2026-10-04 13:18:51,LIVE_API_FALLBACK_REPLAY,2025-05-30,29.25,95.75,26.119247436523438,30.707839965820312,36.67042922973633,132.52447509765625,261.7210693359375,0.3629837036133834,0.4419,2025-12-31,0.0332,SAFE,SIMULATION_REPLAY_ACTIVE
2026-10-04 13:18:51,LIVE_API_FALLBACK_REPLAY,2025-05-30,29.25,96.0,26.932071685791016,33.04343032836914,41.57661437988281,122.51509094238281,230.07623291015625,0.3722457885742079,0.0156,2025-12-31,0.0308,SAFE,SIMULATION_REPLAY_ACTIVE
